paper_id,publication_year,cited_by_count,num_authors,num_institutions,num_countries,is_multi_institution,is_international,has_elite_affiliation,has_industry,has_gov_nonprofit,has_us_institution,is_open_access,is_journal,high_impact,log_num_authors,log_num_institutions,log_num_countries
https://openalex.org/W2784446974,2018,0,1,0,0,0,0,0,0,0,0,1,0,0,0.6931471805599453,0.0,0.0
https://openalex.org/W2971141423,2018,0,1,0,0,0,0,0,0,0,0,0,0,0,0.6931471805599453,0.0,0.0
https://openalex.org/W2897768195,2018,10,5,2,1,1,0,0,0,0,0,0,0,0,1.791759469228055,1.0986122886681098,0.6931471805599453
https://openalex.org/W2908411605,2018,22,4,3,2,1,1,0,0,0,0,0,1,0,1.6094379124341003,1.3862943611198906,1.0986122886681098
https://openalex.org/W2904708266,2018,0,1,0,0,0,0,0,0,0,0,0,1,0,0.6931471805599453,0.0,0.0
https://openalex.org/W2913412687,2018,0,3,1,1,0,0,0,0,0,0,1,0,0,1.3862943611198906,0.6931471805599453,0.6931471805599453
https://openalex.org/W2771949961,2018,158,4,1,1,0,0,0,0,0,0,1,1,1,1.6094379124341003,0.6931471805599453,0.6931471805599453
https://openalex.org/W2900098556,2018,0,1,0,0,0,0,0,0,0,0,0,1,0,0.6931471805599453,0.0,0.0
https://openalex.org/W2951120403,2018,0,7,1,1,0,0,0,0,0,0,0,0,0,2.0794415416798357,0.6931471805599453,0.6931471805599453
https://openalex.org/W2963755823,2018,29,4,2,1,1,0,1,0,0,0,1,0,1,1.6094379124341003,1.0986122886681098,0.6931471805599453
https://openalex.org/W2892313606,2018,0,1,0,0,0,0,0,0,0,0,0,1,0,0.6931471805599453,0.0,0.0
https://openalex.org/W2884270106,2018,0,1,0,0,0,0,0,0,0,0,1,1,0,0.6931471805599453,0.0,0.0
https://openalex.org/W2909976375,2018,0,5,0,0,0,0,0,0,0,0,0,1,0,1.791759469228055,0.0,0.0
https://openalex.org/W2965554037,2018,7,3,1,1,0,0,0,0,0,0,0,0,0,1.3862943611198906,0.6931471805599453,0.6931471805599453
https://openalex.org/W2916891132,2018,1,3,1,1,0,0,0,0,0,0,0,0,0,1.3862943611198906,0.6931471805599453,0.6931471805599453
https://openalex.org/W2901298815,2018,1,1,0,0,0,0,0,0,0,0,0,0,0,0.6931471805599453,0.0,0.0
https://openalex.org/W2963093962,2018,4,2,2,1,1,0,0,0,0,1,0,1,0,1.0986122886681098,1.0986122886681098,0.6931471805599453
https://openalex.org/W2950019315,2018,6,2,1,1,0,0,0,0,0,1,0,1,0,1.0986122886681098,0.6931471805599453,0.6931471805599453
https://openalex.org/W2799946666,2018,10,2,1,1,0,0,0,0,0,0,1,0,0,1.0986122886681098,0.6931471805599453,0.6931471805599453
https://openalex.org/W2903939114,2018,3,1,0,0,0,0,0,0,0,0,1,1,0,0.6931471805599453,0.0,0.0
https://openalex.org/W3108886937,2018,0,1,1,1,0,0,0,0,0,0,1,1,0,0.6931471805599453,0.6931471805599453,0.6931471805599453
https://openalex.org/W2913606988,2018,0,1,0,0,0,0,0,0,0,0,0,1,0,0.6931471805599453,0.0,0.0
https://openalex.org/W3179698240,2018,0,2,0,0,0,0,0,0,0,0,0,0,0,1.0986122886681098,0.0,0.0
https://openalex.org/W2898260804,2018,15,3,2,1,1,0,0,0,0,0,0,0,0,1.3862943611198906,1.0986122886681098,0.6931471805599453
https://openalex.org/W2885339261,2018,1,3,1,1,0,0,0,0,0,0,1,1,0,1.3862943611198906,0.6931471805599453,0.6931471805599453
https://openalex.org/W2902389023,2018,3,3,3,2,1,1,0,0,0,0,1,1,0,1.3862943611198906,1.3862943611198906,1.0986122886681098
https://openalex.org/W2906954041,2018,9,3,1,1,0,0,1,0,0,1,0,1,0,1.3862943611198906,0.6931471805599453,0.6931471805599453
https://openalex.org/W2994922583,2018,0,2,0,0,0,0,0,0,0,0,0,1,0,1.0986122886681098,0.0,0.0
https://openalex.org/W2885533492,2018,12,3,2,1,1,0,0,0,0,0,1,1,0,1.3862943611198906,1.0986122886681098,0.6931471805599453
https://openalex.org/W2884777247,2018,13,1,1,1,0,0,0,0,0,1,0,1,0,0.6931471805599453,0.6931471805599453,0.6931471805599453
https://openalex.org/W2860400456,2018,0,3,1,1,0,0,0,0,0,0,0,0,0,1.3862943611198906,0.6931471805599453,0.6931471805599453
https://openalex.org/W2805277023,2018,5,6,1,1,0,0,0,0,0,0,1,1,0,1.9459101490553132,0.6931471805599453,0.6931471805599453
https://openalex.org/W2788335950,2018,0,1,0,0,0,0,0,0,0,0,0,0,0,0.6931471805599453,0.0,0.0
https://openalex.org/W3046803581,2018,0,4,0,0,0,0,0,0,0,0,0,1,0,1.6094379124341003,0.0,0.0
https://openalex.org/W2613392112,2018,17,6,5,2,1,1,0,0,0,1,1,1,0,1.9459101490553132,1.791759469228055,1.0986122886681098
https://openalex.org/W2965353777,2018,4,5,1,1,0,0,0,0,0,0,0,0,0,1.791759469228055,0.6931471805599453,0.6931471805599453
https://openalex.org/W2897416691,2018,0,4,0,0,0,0,0,0,0,0,1,0,0,1.6094379124341003,0.0,0.0
https://openalex.org/W2614012752,2018,2,3,6,2,1,1,1,0,0,1,1,1,0,1.3862943611198906,1.9459101490553132,1.0986122886681098
https://openalex.org/W2916868337,2018,0,1,1,1,0,0,0,0,0,0,1,1,0,0.6931471805599453,0.6931471805599453,0.6931471805599453
https://openalex.org/W2888787690,2018,2,7,1,1,0,0,0,0,0,0,0,0,0,2.0794415416798357,0.6931471805599453,0.6931471805599453
https://openalex.org/W4233335515,2018,0,2,0,0,0,0,0,0,0,0,0,1,0,1.0986122886681098,0.0,0.0
https://openalex.org/W4230469811,2018,0,20,0,0,0,0,0,0,0,0,1,1,0,3.044522437723423,0.0,0.0
https://openalex.org/W2902944974,2018,0,1,0,0,0,0,0,0,0,0,0,0,0,0.6931471805599453,0.0,0.0
https://openalex.org/W2809107273,2018,0,6,0,0,0,0,0,0,0,0,0,1,0,1.9459101490553132,0.0,0.0
https://openalex.org/W2397487570,2018,0,2,0,0,0,0,0,0,0,0,0,1,0,1.0986122886681098,0.0,0.0
https://openalex.org/W2887150082,2018,25,2,0,0,0,0,0,0,0,0,0,1,1,1.0986122886681098,0.0,0.0
https://openalex.org/W2920830643,2018,8,5,3,1,1,0,0,0,0,1,0,0,0,1.791759469228055,1.3862943611198906,0.6931471805599453
https://openalex.org/W4306315446,2018,0,6,0,0,0,0,0,0,0,0,1,0,0,1.9459101490553132,0.0,0.0
https://openalex.org/W2909588238,2018,1,3,1,1,0,0,0,0,0,0,0,0,0,1.3862943611198906,0.6931471805599453,0.6931471805599453
https://openalex.org/W2903170042,2018,2,3,1,1,0,0,0,0,0,0,1,1,0,1.3862943611198906,0.6931471805599453,0.6931471805599453
https://openalex.org/W2809901270,2018,92,12,6,3,1,1,0,1,0,1,0,1,1,2.5649493574615367,1.9459101490553132,1.3862943611198906
https://openalex.org/W2796800465,2018,2,4,8,1,1,0,0,0,1,0,0,1,0,1.6094379124341003,2.1972245773362196,0.6931471805599453
https://openalex.org/W2905224525,2018,0,4,1,1,0,0,0,0,0,0,1,1,0,1.6094379124341003,0.6931471805599453,0.6931471805599453
https://openalex.org/W2810616708,2018,2,1,1,1,0,0,0,0,0,0,1,1,0,0.6931471805599453,0.6931471805599453,0.6931471805599453
https://openalex.org/W2898717756,2018,0,1,0,0,0,0,0,0,0,0,1,0,0,0.6931471805599453,0.0,0.0
https://openalex.org/W2892264303,2018,7,2,0,0,0,0,0,0,0,0,0,1,0,1.0986122886681098,0.0,0.0
https://openalex.org/W2785771909,2018,2,3,2,2,1,1,0,1,0,1,1,1,0,1.3862943611198906,1.0986122886681098,1.0986122886681098
https://openalex.org/W7111755890,2018,0,2,0,0,0,0,0,0,0,0,1,1,0,1.0986122886681098,0.0,0.0
https://openalex.org/W2907137885,2018,31,3,0,0,0,0,0,0,0,0,0,1,1,1.3862943611198906,0.0,0.0
https://openalex.org/W2787627258,2018,13,2,2,2,1,1,0,0,0,0,0,1,0,1.0986122886681098,1.0986122886681098,1.0986122886681098
https://openalex.org/W2883567471,2018,9,2,1,1,0,0,0,0,0,1,1,0,0,1.0986122886681098,0.6931471805599453,0.6931471805599453
https://openalex.org/W2944755521,2018,7,3,2,1,1,0,0,0,0,0,1,1,0,1.3862943611198906,1.0986122886681098,0.6931471805599453
https://openalex.org/W3048152436,2018,2,3,2,2,1,1,0,0,0,0,1,1,0,1.3862943611198906,1.0986122886681098,1.0986122886681098
https://openalex.org/W2900050440,2018,41,1,1,1,0,0,0,0,0,0,1,1,1,0.6931471805599453,0.6931471805599453,0.6931471805599453
https://openalex.org/W2800752002,2018,3,2,1,1,0,0,0,0,0,0,1,1,0,1.0986122886681098,0.6931471805599453,0.6931471805599453
https://openalex.org/W2888109941,2018,1286,4,3,1,1,0,1,0,0,1,0,1,1,1.6094379124341003,1.3862943611198906,0.6931471805599453
https://openalex.org/W4399166936,2018,3,1,1,1,0,0,0,1,0,1,1,1,0,0.6931471805599453,0.6931471805599453,0.6931471805599453
https://openalex.org/W2883595631,2018,90,5,2,2,1,1,0,0,0,0,1,1,1,1.791759469228055,1.0986122886681098,1.0986122886681098
https://openalex.org/W2890190718,2018,93,5,4,3,1,1,0,1,0,0,0,1,1,1.791759469228055,1.6094379124341003,1.3862943611198906
https://openalex.org/W2798465692,2018,62,1,0,0,0,0,0,0,0,0,0,1,1,0.6931471805599453,0.0,0.0
https://openalex.org/W2810588400,2018,0,1,1,1,0,0,0,0,0,0,1,1,0,0.6931471805599453,0.6931471805599453,0.6931471805599453
https://openalex.org/W3100476583,2018,67,5,5,3,1,1,0,0,1,0,1,0,1,1.791759469228055,1.791759469228055,1.3862943611198906
https://openalex.org/W2913903152,2018,0,4,1,1,0,0,0,0,0,0,0,1,0,1.6094379124341003,0.6931471805599453,0.6931471805599453
https://openalex.org/W2897033892,2018,7,3,1,1,0,0,0,0,0,0,1,0,0,1.3862943611198906,0.6931471805599453,0.6931471805599453
https://openalex.org/W2809714685,2018,32,3,1,1,0,0,0,0,0,0,0,1,1,1.3862943611198906,0.6931471805599453,0.6931471805599453
https://openalex.org/W3124039655,2018,79,3,3,2,1,1,0,0,0,1,0,1,1,1.3862943611198906,1.3862943611198906,1.0986122886681098
https://openalex.org/W2793224890,2018,5,5,2,1,1,0,0,0,0,0,0,1,0,1.791759469228055,1.0986122886681098,0.6931471805599453
https://openalex.org/W2884468499,2018,0,1,1,1,0,0,0,0,0,0,0,0,0,0.6931471805599453,0.6931471805599453,0.6931471805599453
https://openalex.org/W2895974484,2018,8,1,3,1,1,0,0,0,0,0,0,1,0,0.6931471805599453,1.3862943611198906,0.6931471805599453
https://openalex.org/W2811389775,2018,2,2,0,0,0,0,0,0,0,0,1,1,0,1.0986122886681098,0.0,0.0
https://openalex.org/W2904102287,2018,0,4,1,1,0,0,0,0,0,0,1,0,0,1.6094379124341003,0.6931471805599453,0.6931471805599453
https://openalex.org/W4256224965,2018,6,2,2,1,1,0,0,0,0,1,0,1,0,1.0986122886681098,1.0986122886681098,0.6931471805599453
https://openalex.org/W3163161142,2018,0,3,0,0,0,0,0,0,0,0,0,1,0,1.3862943611198906,0.0,0.0
https://openalex.org/W2799406519,2018,9,3,2,1,1,0,1,0,0,0,1,0,0,1.3862943611198906,1.0986122886681098,0.6931471805599453
https://openalex.org/W2964152690,2018,2,3,1,1,0,0,0,0,0,0,0,0,0,1.3862943611198906,0.6931471805599453,0.6931471805599453
https://openalex.org/W2807896264,2018,0,9,0,0,0,0,0,0,0,0,0,0,0,2.302585092994046,0.0,0.0
https://openalex.org/W3041266248,2018,0,1,1,1,0,0,0,0,0,0,0,0,0,0.6931471805599453,0.6931471805599453,0.6931471805599453
https://openalex.org/W2982518628,2018,17,4,0,0,0,0,0,0,0,0,1,0,0,1.6094379124341003,0.0,0.0
https://openalex.org/W3099498541,2018,75,1,0,0,0,0,0,0,0,0,1,1,1,0.6931471805599453,0.0,0.0
https://openalex.org/W2608936464,2018,37,3,3,2,1,1,0,0,0,0,0,1,1,1.3862943611198906,1.3862943611198906,1.0986122886681098
https://openalex.org/W2800941407,2018,4,3,2,2,1,1,0,0,1,0,0,1,0,1.3862943611198906,1.0986122886681098,1.0986122886681098
https://openalex.org/W2969459697,2018,0,3,1,1,0,0,0,0,0,0,1,1,0,1.3862943611198906,0.6931471805599453,0.6931471805599453
https://openalex.org/W7128944096,2018,0,8,0,0,0,0,0,0,0,0,1,0,0,2.1972245773362196,0.0,0.0
https://openalex.org/W2811257114,2018,15,3,0,0,0,0,0,0,0,0,0,1,0,1.3862943611198906,0.0,0.0
https://openalex.org/W3164337828,2018,0,1,0,0,0,0,0,0,0,0,0,0,0,0.6931471805599453,0.0,0.0
https://openalex.org/W2799590415,2018,0,3,1,1,0,0,0,0,0,0,0,0,0,1.3862943611198906,0.6931471805599453,0.6931471805599453
https://openalex.org/W1511766666,2018,16,3,1,1,0,0,1,0,0,1,0,0,0,1.3862943611198906,0.6931471805599453,0.6931471805599453
https://openalex.org/W2902513077,2018,9,3,0,0,0,0,0,0,0,0,1,1,0,1.3862943611198906,0.0,0.0
https://openalex.org/W3026371621,2018,0,1,0,0,0,0,0,0,0,0,1,1,0,0.6931471805599453,0.0,0.0
https://openalex.org/W3197584911,2018,0,1,0,0,0,0,0,0,0,0,1,0,0,0.6931471805599453,0.0,0.0
https://openalex.org/W2911115937,2018,4,4,2,1,1,0,0,0,0,0,0,0,0,1.6094379124341003,1.0986122886681098,0.6931471805599453
https://openalex.org/W2783486091,2018,27,2,1,1,0,0,0,0,0,0,0,1,1,1.0986122886681098,0.6931471805599453,0.6931471805599453
https://openalex.org/W2898323654,2018,1,3,2,1,1,0,0,0,0,0,0,1,0,1.3862943611198906,1.0986122886681098,0.6931471805599453
https://openalex.org/W2902827568,2018,19,2,1,1,0,0,1,0,0,1,1,0,0,1.0986122886681098,0.6931471805599453,0.6931471805599453
https://openalex.org/W2885678784,2018,8,5,4,2,1,1,1,0,0,0,1,0,0,1.791759469228055,1.6094379124341003,1.0986122886681098
https://openalex.org/W2909855241,2018,24,1,1,1,0,0,0,0,0,0,0,0,0,0.6931471805599453,0.6931471805599453,0.6931471805599453
https://openalex.org/W2795717165,2018,0,2,0,0,0,0,0,0,0,0,0,1,0,1.0986122886681098,0.0,0.0
https://openalex.org/W2905589295,2018,17,2,1,1,0,0,1,0,0,0,0,0,0,1.0986122886681098,0.6931471805599453,0.6931471805599453
https://openalex.org/W2920841608,2018,0,3,0,0,0,0,0,0,0,0,0,1,0,1.3862943611198906,0.0,0.0
https://openalex.org/W2996675170,2018,0,3,0,0,0,0,0,0,0,0,0,1,0,1.3862943611198906,0.0,0.0
https://openalex.org/W2998870089,2018,2,1,0,0,0,0,0,0,0,0,0,0,0,0.6931471805599453,0.0,0.0
https://openalex.org/W7139374781,2018,0,1,0,0,0,0,0,0,0,0,1,1,0,0.6931471805599453,0.0,0.0
https://openalex.org/W2893508523,2018,0,1,1,1,0,0,0,1,0,0,0,0,0,0.6931471805599453,0.6931471805599453,0.6931471805599453
https://openalex.org/W2800286166,2018,1,1,0,0,0,0,0,0,0,0,0,1,0,0.6931471805599453,0.0,0.0
https://openalex.org/W4242782391,2018,0,1,1,1,0,0,0,0,0,0,1,0,0,0.6931471805599453,0.6931471805599453,0.6931471805599453
https://openalex.org/W2908104986,2018,7,2,2,1,1,0,0,0,0,0,1,1,0,1.0986122886681098,1.0986122886681098,0.6931471805599453
https://openalex.org/W2900052266,2018,1,1,2,2,1,1,0,0,0,1,1,1,0,0.6931471805599453,1.0986122886681098,1.0986122886681098
https://openalex.org/W2921420384,2018,1,2,0,0,0,0,0,0,0,0,0,1,0,1.0986122886681098,0.0,0.0
https://openalex.org/W2799958385,2018,1,2,1,1,0,0,0,0,0,0,1,1,0,1.0986122886681098,0.6931471805599453,0.6931471805599453
https://openalex.org/W2408660143,2018,0,5,1,1,0,0,0,0,0,0,1,1,0,1.791759469228055,0.6931471805599453,0.6931471805599453
https://openalex.org/W3084319659,2018,0,1,0,0,0,0,0,0,0,0,0,0,0,0.6931471805599453,0.0,0.0
https://openalex.org/W2905414157,2018,70,5,2,2,1,1,0,0,0,0,1,1,1,1.791759469228055,1.0986122886681098,1.0986122886681098
https://openalex.org/W2965368863,2018,0,3,2,1,1,0,0,0,0,0,0,1,0,1.3862943611198906,1.0986122886681098,0.6931471805599453
https://openalex.org/W2901517174,2018,5,2,1,1,0,0,0,0,0,0,0,1,0,1.0986122886681098,0.6931471805599453,0.6931471805599453
https://openalex.org/W2789985409,2018,1,9,0,0,0,0,0,0,0,0,0,0,0,2.302585092994046,0.0,0.0
https://openalex.org/W2793556609,2018,21,4,2,1,1,0,0,0,0,0,0,1,0,1.6094379124341003,1.0986122886681098,0.6931471805599453
https://openalex.org/W2919734166,2018,7,3,2,2,1,1,0,0,0,0,0,0,0,1.3862943611198906,1.0986122886681098,1.0986122886681098
https://openalex.org/W2782745290,2018,83,4,2,1,1,0,0,0,0,0,1,1,1,1.6094379124341003,1.0986122886681098,0.6931471805599453
https://openalex.org/W2767160257,2018,6,5,4,3,1,1,0,0,0,1,0,1,0,1.791759469228055,1.6094379124341003,1.3862943611198906
https://openalex.org/W2899233675,2018,58,3,1,1,0,0,0,0,0,0,0,1,1,1.3862943611198906,0.6931471805599453,0.6931471805599453
https://openalex.org/W2799529292,2018,3,1,1,1,0,0,0,0,0,0,1,1,0,0.6931471805599453,0.6931471805599453,0.6931471805599453
https://openalex.org/W3027147395,2018,0,2,0,0,0,0,0,0,0,0,0,0,0,1.0986122886681098,0.0,0.0
https://openalex.org/W2898916065,2018,1,6,0,0,0,0,0,0,0,0,0,1,0,1.9459101490553132,0.0,0.0
https://openalex.org/W2903543931,2018,0,2,0,0,0,0,0,0,0,0,0,1,0,1.0986122886681098,0.0,0.0
https://openalex.org/W2912911271,2018,10,1,0,0,0,0,0,0,0,0,0,0,0,0.6931471805599453,0.0,0.0
https://openalex.org/W4231486619,2018,1,35,1,1,0,0,0,0,0,0,1,1,0,3.58351893845611,0.6931471805599453,0.6931471805599453
https://openalex.org/W2793504688,2018,3,3,1,1,0,0,0,0,0,0,1,1,0,1.3862943611198906,0.6931471805599453,0.6931471805599453
https://openalex.org/W2790800446,2018,14,5,1,1,0,0,1,0,0,1,0,0,0,1.791759469228055,0.6931471805599453,0.6931471805599453
https://openalex.org/W3122941388,2018,0,3,0,0,0,0,0,0,0,0,1,0,0,1.3862943611198906,0.0,0.0
https://openalex.org/W2901333906,2018,0,1,0,0,0,0,0,0,0,0,1,0,0,0.6931471805599453,0.0,0.0
https://openalex.org/W2890976218,2018,8,5,3,2,1,1,0,0,0,0,0,0,0,1.791759469228055,1.3862943611198906,1.0986122886681098
https://openalex.org/W2913950571,2018,3,2,1,1,0,0,0,0,0,0,0,0,0,1.0986122886681098,0.6931471805599453,0.6931471805599453
https://openalex.org/W2782401396,2018,0,2,0,0,0,0,0,0,0,0,1,1,0,1.0986122886681098,0.0,0.0
https://openalex.org/W2791656390,2018,32,2,1,1,0,0,0,0,0,1,0,0,1,1.0986122886681098,0.6931471805599453,0.6931471805599453
https://openalex.org/W2796214461,2018,148,3,1,1,0,0,0,0,0,0,0,0,1,1.3862943611198906,0.6931471805599453,0.6931471805599453
https://openalex.org/W2889516920,2018,0,3,1,1,0,0,0,0,0,0,0,1,0,1.3862943611198906,0.6931471805599453,0.6931471805599453
https://openalex.org/W2901458268,2018,40,2,3,1,1,0,0,0,0,0,0,1,1,1.0986122886681098,1.3862943611198906,0.6931471805599453
https://openalex.org/W2937207791,2018,1,1,0,0,0,0,0,0,0,0,1,1,0,0.6931471805599453,0.0,0.0
https://openalex.org/W2889584257,2018,1,4,0,0,0,0,0,0,0,0,0,1,0,1.6094379124341003,0.0,0.0
https://openalex.org/W4386666749,2018,0,2,0,0,0,0,0,0,0,0,1,1,0,1.0986122886681098,0.0,0.0
https://openalex.org/W4289233534,2018,0,6,1,1,0,0,0,0,0,0,1,0,0,1.9459101490553132,0.6931471805599453,0.6931471805599453
https://openalex.org/W3148446724,2018,0,2,2,1,1,0,0,0,0,0,1,0,0,1.0986122886681098,1.0986122886681098,0.6931471805599453
https://openalex.org/W2899222852,2018,1,4,4,4,1,1,0,0,0,0,0,1,0,1.6094379124341003,1.6094379124341003,1.6094379124341003
https://openalex.org/W2904681640,2018,0,2,2,1,1,0,0,0,0,0,0,1,0,1.0986122886681098,1.0986122886681098,0.6931471805599453
https://openalex.org/W2803852234,2018,0,1,1,1,0,0,0,0,0,0,1,1,0,0.6931471805599453,0.6931471805599453,0.6931471805599453
https://openalex.org/W2918649200,2018,1,3,1,1,0,0,0,0,0,0,1,1,0,1.3862943611198906,0.6931471805599453,0.6931471805599453
https://openalex.org/W3185627603,2018,0,1,1,1,0,0,0,0,0,0,1,0,0,0.6931471805599453,0.6931471805599453,0.6931471805599453
https://openalex.org/W2810201868,2018,16,6,1,1,0,0,0,0,0,0,0,1,0,1.9459101490553132,0.6931471805599453,0.6931471805599453
https://openalex.org/W2795313472,2018,0,3,1,1,0,0,0,0,0,1,0,0,0,1.3862943611198906,0.6931471805599453,0.6931471805599453
https://openalex.org/W2887956223,2018,236,9,1,1,0,0,0,0,0,0,1,1,1,2.302585092994046,0.6931471805599453,0.6931471805599453
https://openalex.org/W2903417734,2018,0,1,1,1,0,0,0,0,0,0,0,0,0,0.6931471805599453,0.6931471805599453,0.6931471805599453
https://openalex.org/W2920821611,2018,0,1,0,0,0,0,0,0,0,0,0,1,0,0.6931471805599453,0.0,0.0
https://openalex.org/W2808843151,2018,0,7,0,0,0,0,0,0,0,0,0,0,0,2.0794415416798357,0.0,0.0
https://openalex.org/W2901221192,2018,3,2,1,1,0,0,0,0,0,0,0,1,0,1.0986122886681098,0.6931471805599453,0.6931471805599453
https://openalex.org/W2885848971,2018,17,2,1,1,0,0,0,0,0,0,0,1,0,1.0986122886681098,0.6931471805599453,0.6931471805599453
https://openalex.org/W2912313295,2018,3,3,1,1,0,0,0,0,0,0,1,1,0,1.3862943611198906,0.6931471805599453,0.6931471805599453
https://openalex.org/W2585795703,2018,36,6,4,3,1,1,0,0,0,0,0,1,1,1.9459101490553132,1.6094379124341003,1.3862943611198906
https://openalex.org/W2883866531,2018,2,5,0,0,0,0,0,0,0,0,1,1,0,1.791759469228055,0.0,0.0
https://openalex.org/W2912898254,2018,2,3,0,0,0,0,0,0,0,0,0,1,0,1.3862943611198906,0.0,0.0
https://openalex.org/W2883072534,2018,15,2,1,1,0,0,0,0,0,0,0,1,0,1.0986122886681098,0.6931471805599453,0.6931471805599453
https://openalex.org/W2790132996,2018,9,3,3,2,1,1,0,0,0,1,0,1,0,1.3862943611198906,1.3862943611198906,1.0986122886681098
https://openalex.org/W2791354632,2018,47,3,1,1,0,0,0,0,0,0,1,1,1,1.3862943611198906,0.6931471805599453,0.6931471805599453
https://openalex.org/W2891515163,2018,11,7,4,1,1,0,0,1,0,0,1,1,0,2.0794415416798357,1.6094379124341003,0.6931471805599453
https://openalex.org/W2809578127,2018,7,5,3,2,1,1,1,0,0,0,0,0,0,1.791759469228055,1.3862943611198906,1.0986122886681098
https://openalex.org/W2898619970,2018,17,2,1,1,0,0,0,0,0,0,0,0,0,1.0986122886681098,0.6931471805599453,0.6931471805599453
https://openalex.org/W2980531514,2018,0,1,1,1,0,0,0,0,0,0,1,1,0,0.6931471805599453,0.6931471805599453,0.6931471805599453
https://openalex.org/W2783005133,2018,41,2,5,1,1,0,0,0,0,0,0,1,1,1.0986122886681098,1.791759469228055,0.6931471805599453
https://openalex.org/W2893674430,2018,50,3,2,1,1,0,0,0,0,1,0,1,1,1.3862943611198906,1.0986122886681098,0.6931471805599453
https://openalex.org/W3035003006,2018,0,1,0,0,0,0,0,0,0,0,1,0,0,0.6931471805599453,0.0,0.0
https://openalex.org/W2896874611,2018,0,1,0,0,0,0,0,0,0,0,0,0,0,0.6931471805599453,0.0,0.0
https://openalex.org/W2928297439,2018,1,1,0,0,0,0,0,0,0,0,0,0,0,0.6931471805599453,0.0,0.0
https://openalex.org/W2891286407,2018,5,3,2,2,1,1,1,1,0,1,0,0,0,1.3862943611198906,1.0986122886681098,1.0986122886681098
https://openalex.org/W3044161052,2018,0,7,0,0,0,0,0,0,0,0,0,0,0,2.0794415416798357,0.0,0.0
https://openalex.org/W4254238341,2018,0,1,0,0,0,0,0,0,0,0,1,0,0,0.6931471805599453,0.0,0.0
https://openalex.org/W2885678020,2018,1,5,0,0,0,0,0,0,0,0,0,1,0,1.791759469228055,0.0,0.0
https://openalex.org/W2892756771,2018,4,3,1,1,0,0,0,0,0,0,0,1,0,1.3862943611198906,0.6931471805599453,0.6931471805599453
https://openalex.org/W2792711177,2018,15,3,2,1,1,0,0,0,0,0,1,1,0,1.3862943611198906,1.0986122886681098,0.6931471805599453
https://openalex.org/W2785222679,2018,31,3,1,1,0,0,0,0,0,0,0,1,1,1.3862943611198906,0.6931471805599453,0.6931471805599453
https://openalex.org/W2754183521,2018,61,14,2,1,1,0,0,0,0,1,0,1,1,2.70805020110221,1.0986122886681098,0.6931471805599453
https://openalex.org/W2907777657,2018,79,2,0,0,0,0,0,0,0,0,1,1,1,1.0986122886681098,0.0,0.0
https://openalex.org/W2966084482,2018,0,17,0,0,0,0,0,0,0,0,0,1,0,2.8903717578961645,0.0,0.0
https://openalex.org/W2921884860,2018,0,1,0,0,0,0,0,0,0,0,0,0,0,0.6931471805599453,0.0,0.0
https://openalex.org/W2896779076,2018,11,2,1,1,0,0,0,0,0,0,1,1,0,1.0986122886681098,0.6931471805599453,0.6931471805599453
https://openalex.org/W2918381865,2018,0,1,1,1,0,0,0,0,0,0,1,1,0,0.6931471805599453,0.6931471805599453,0.6931471805599453
https://openalex.org/W7132896978,2018,0,1,0,0,0,0,0,0,0,0,1,0,0,0.6931471805599453,0.0,0.0
https://openalex.org/W2792616202,2018,22,4,5,2,1,1,0,0,1,0,0,1,0,1.6094379124341003,1.791759469228055,1.0986122886681098
https://openalex.org/W2950382101,2018,6,3,0,0,0,0,0,0,0,0,0,0,0,1.3862943611198906,0.0,0.0
https://openalex.org/W2809492103,2018,5,2,1,1,0,0,0,0,0,1,0,0,0,1.0986122886681098,0.6931471805599453,0.6931471805599453
https://openalex.org/W2969532148,2018,0,5,2,1,1,0,0,0,0,0,1,0,0,1.791759469228055,1.0986122886681098,0.6931471805599453
https://openalex.org/W3127104650,2018,15,25,19,5,1,1,1,0,1,1,0,0,0,3.258096538021482,2.995732273553991,1.791759469228055
https://openalex.org/W2810440862,2018,3,1,1,1,0,0,0,0,0,0,1,0,0,0.6931471805599453,0.6931471805599453,0.6931471805599453
https://openalex.org/W2941663867,2018,3,3,2,1,1,0,0,0,0,0,1,1,0,1.3862943611198906,1.0986122886681098,0.6931471805599453
https://openalex.org/W2898119788,2018,1,3,1,1,0,0,0,0,0,0,0,0,0,1.3862943611198906,0.6931471805599453,0.6931471805599453
https://openalex.org/W2781917098,2018,0,3,2,2,1,1,0,0,0,1,1,0,0,1.3862943611198906,1.0986122886681098,1.0986122886681098
https://openalex.org/W4241851443,2018,12,3,2,2,1,1,0,0,0,0,0,0,0,1.3862943611198906,1.0986122886681098,1.0986122886681098
https://openalex.org/W2810244969,2018,5,1,1,1,0,0,0,0,0,0,1,1,0,0.6931471805599453,0.6931471805599453,0.6931471805599453
https://openalex.org/W2790390455,2018,242,7,6,2,1,1,0,0,0,0,0,1,1,2.0794415416798357,1.9459101490553132,1.0986122886681098
https://openalex.org/W2807514750,2018,0,5,0,0,0,0,0,0,0,0,0,0,0,1.791759469228055,0.0,0.0
https://openalex.org/W3104605847,2018,5,1,1,1,0,0,0,0,0,0,1,1,0,0.6931471805599453,0.6931471805599453,0.6931471805599453
https://openalex.org/W2798391809,2018,5,2,1,1,0,0,1,0,0,0,1,1,0,1.0986122886681098,0.6931471805599453,0.6931471805599453
https://openalex.org/W2914288172,2018,6,4,1,1,0,0,0,0,0,0,0,0,0,1.6094379124341003,0.6931471805599453,0.6931471805599453
https://openalex.org/W2922243231,2018,0,1,0,0,0,0,0,0,0,0,1,1,0,0.6931471805599453,0.0,0.0
https://openalex.org/W2943999929,2018,3,2,0,0,0,0,0,0,0,0,0,1,0,1.0986122886681098,0.0,0.0
https://openalex.org/W2922507085,2018,0,1,0,0,0,0,0,0,0,0,0,0,0,0.6931471805599453,0.0,0.0
https://openalex.org/W3128103296,2018,0,3,0,0,0,0,0,0,0,0,0,0,0,1.3862943611198906,0.0,0.0
https://openalex.org/W2909445408,2018,0,2,2,1,1,0,0,1,0,0,1,0,0,1.0986122886681098,1.0986122886681098,0.6931471805599453
https://openalex.org/W2788405243,2018,65,4,1,1,0,0,0,0,0,0,1,0,1,1.6094379124341003,0.6931471805599453,0.6931471805599453
https://openalex.org/W2913838639,2018,0,1,0,0,0,0,0,0,0,0,1,0,0,0.6931471805599453,0.0,0.0
https://openalex.org/W2913414497,2018,0,5,2,2,1,1,0,0,0,1,0,0,0,1.791759469228055,1.0986122886681098,1.0986122886681098
https://openalex.org/W2802266690,2018,1,2,1,1,0,0,0,0,0,1,0,0,0,1.0986122886681098,0.6931471805599453,0.6931471805599453
https://openalex.org/W2800268396,2018,1,4,0,0,0,0,0,0,0,0,0,0,0,1.6094379124341003,0.0,0.0
https://openalex.org/W2806691333,2018,11,6,3,1,1,0,0,1,0,0,0,1,0,1.9459101490553132,1.3862943611198906,0.6931471805599453
https://openalex.org/W2902180148,2018,101,7,9,4,1,1,1,0,0,1,0,1,1,2.0794415416798357,2.302585092994046,1.6094379124341003
https://openalex.org/W2884744676,2018,1,3,1,1,0,0,0,0,0,0,1,1,0,1.3862943611198906,0.6931471805599453,0.6931471805599453
https://openalex.org/W2898073216,2018,2,2,1,1,0,0,0,0,0,0,0,0,0,1.0986122886681098,0.6931471805599453,0.6931471805599453
https://openalex.org/W7145863623,2018,0,1,0,0,0,0,0,0,0,0,1,0,0,0.6931471805599453,0.0,0.0
https://openalex.org/W3185011912,2018,0,1,0,0,0,0,0,0,0,0,0,1,0,0.6931471805599453,0.0,0.0
https://openalex.org/W3092670835,2018,9,3,1,1,0,0,0,1,0,0,1,0,0,1.3862943611198906,0.6931471805599453,0.6931471805599453
https://openalex.org/W2922231499,2018,0,5,1,1,0,0,0,0,1,0,0,0,0,1.791759469228055,0.6931471805599453,0.6931471805599453
https://openalex.org/W2952078135,2018,0,3,0,0,0,0,0,0,0,0,1,0,0,1.3862943611198906,0.0,0.0
https://openalex.org/W2966847623,2018,19,2,2,1,1,0,0,0,0,1,0,1,0,1.0986122886681098,1.0986122886681098,0.6931471805599453
https://openalex.org/W2925512453,2018,0,4,0,0,0,0,0,0,0,0,1,1,0,1.6094379124341003,0.0,0.0
https://openalex.org/W2917321087,2018,2,2,1,1,0,0,0,0,0,0,0,0,0,1.0986122886681098,0.6931471805599453,0.6931471805599453
https://openalex.org/W2883336136,2018,2,2,1,1,0,0,0,0,0,0,1,1,0,1.0986122886681098,0.6931471805599453,0.6931471805599453
https://openalex.org/W2828864748,2018,0,2,0,0,0,0,0,0,0,0,0,1,0,1.0986122886681098,0.0,0.0
https://openalex.org/W2901022535,2018,9,3,0,0,0,0,0,0,0,0,0,1,0,1.3862943611198906,0.0,0.0
https://openalex.org/W2789916404,2018,0,2,1,1,0,0,0,0,0,0,1,0,0,1.0986122886681098,0.6931471805599453,0.6931471805599453
https://openalex.org/W1578513340,2018,6,3,0,0,0,0,0,0,0,0,1,0,0,1.3862943611198906,0.0,0.0
https://openalex.org/W3195055255,2018,0,2,0,0,0,0,0,0,0,0,0,1,0,1.0986122886681098,0.0,0.0
https://openalex.org/W2808670735,2018,5,1,1,1,0,0,0,0,0,0,0,0,0,0.6931471805599453,0.6931471805599453,0.6931471805599453
https://openalex.org/W3044332636,2018,0,2,0,0,0,0,0,0,0,0,0,0,0,1.0986122886681098,0.0,0.0
https://openalex.org/W2808453678,2018,7,2,1,1,0,0,0,0,0,0,0,0,0,1.0986122886681098,0.6931471805599453,0.6931471805599453
https://openalex.org/W2887394194,2018,8,2,1,1,0,0,0,0,0,1,0,0,0,1.0986122886681098,0.6931471805599453,0.6931471805599453
https://openalex.org/W2795813830,2018,0,3,1,1,0,0,0,0,0,1,1,1,0,1.3862943611198906,0.6931471805599453,0.6931471805599453
https://openalex.org/W3023279526,2018,0,5,0,0,0,0,0,0,0,0,0,1,0,1.791759469228055,0.0,0.0
https://openalex.org/W3009932016,2018,0,4,0,0,0,0,0,0,0,0,0,0,0,1.6094379124341003,0.0,0.0
https://openalex.org/W2906457285,2018,9,5,2,1,1,0,0,0,0,0,1,1,0,1.791759469228055,1.0986122886681098,0.6931471805599453
https://openalex.org/W3200792836,2018,0,3,1,1,0,0,1,0,0,0,0,0,0,1.3862943611198906,0.6931471805599453,0.6931471805599453
https://openalex.org/W2529490251,2018,0,1,0,0,0,0,0,0,0,0,0,0,0,0.6931471805599453,0.0,0.0
https://openalex.org/W4234440455,2018,0,3,0,0,0,0,0,0,0,0,0,1,0,1.3862943611198906,0.0,0.0
https://openalex.org/W2799806568,2018,99,5,4,2,1,1,0,1,0,0,0,1,1,1.791759469228055,1.6094379124341003,1.0986122886681098
https://openalex.org/W2782016242,2018,0,1,1,1,0,0,0,0,0,0,0,1,0,0.6931471805599453,0.6931471805599453,0.6931471805599453
https://openalex.org/W2783823726,2018,8,3,1,1,0,0,0,0,0,0,1,1,0,1.3862943611198906,0.6931471805599453,0.6931471805599453
https://openalex.org/W2901081703,2018,88,6,1,1,0,0,0,0,0,0,0,1,1,1.9459101490553132,0.6931471805599453,0.6931471805599453
https://openalex.org/W2794184897,2018,1,1,1,1,0,0,0,0,0,0,1,1,0,0.6931471805599453,0.6931471805599453,0.6931471805599453
https://openalex.org/W2951102026,2018,1,2,3,2,1,1,0,0,0,0,1,0,0,1.0986122886681098,1.3862943611198906,1.0986122886681098
https://openalex.org/W2808033023,2018,0,3,1,1,0,0,0,0,0,0,0,0,0,1.3862943611198906,0.6931471805599453,0.6931471805599453
https://openalex.org/W2792154543,2018,0,1,0,0,0,0,0,0,0,0,0,1,0,0.6931471805599453,0.0,0.0
https://openalex.org/W2971573926,2018,5,1,0,0,0,0,0,0,0,0,0,0,0,0.6931471805599453,0.0,0.0
https://openalex.org/W2808334440,2018,8,2,0,0,0,0,0,0,0,0,1,1,0,1.0986122886681098,0.0,0.0
https://openalex.org/W2906632485,2018,0,3,0,0,0,0,0,0,0,0,1,0,0,1.3862943611198906,0.0,0.0
https://openalex.org/W2804035198,2018,0,4,1,1,0,0,0,0,0,0,0,0,0,1.6094379124341003,0.6931471805599453,0.6931471805599453
https://openalex.org/W2885444182,2018,19,15,6,5,1,1,0,1,0,0,0,0,0,2.772588722239781,1.9459101490553132,1.791759469228055
https://openalex.org/W2826599876,2018,3,5,3,1,1,0,0,0,0,0,0,1,0,1.791759469228055,1.3862943611198906,0.6931471805599453
https://openalex.org/W2784741323,2018,15,3,2,1,1,0,0,0,0,0,0,1,0,1.3862943611198906,1.0986122886681098,0.6931471805599453
https://openalex.org/W2800717340,2018,1,1,1,1,0,0,0,0,0,0,1,1,0,0.6931471805599453,0.6931471805599453,0.6931471805599453
https://openalex.org/W2900647152,2018,2,3,0,0,0,0,0,0,0,0,1,1,0,1.3862943611198906,0.0,0.0
https://openalex.org/W3106303176,2018,10,4,1,1,0,0,0,0,0,0,0,1,0,1.6094379124341003,0.6931471805599453,0.6931471805599453
https://openalex.org/W2810642351,2018,3,8,4,1,1,0,1,0,0,0,0,1,0,2.1972245773362196,1.6094379124341003,0.6931471805599453
https://openalex.org/W2807790463,2018,89,3,1,1,0,0,0,0,0,0,1,0,1,1.3862943611198906,0.6931471805599453,0.6931471805599453
https://openalex.org/W2907268475,2018,3,5,1,1,0,0,0,0,0,0,0,0,0,1.791759469228055,0.6931471805599453,0.6931471805599453
https://openalex.org/W2941183020,2018,16,8,1,1,0,0,0,0,0,0,1,1,0,2.1972245773362196,0.6931471805599453,0.6931471805599453
https://openalex.org/W2888219789,2018,10,4,1,1,0,0,0,0,0,0,1,1,0,1.6094379124341003,0.6931471805599453,0.6931471805599453
https://openalex.org/W2900125646,2018,4,2,4,3,1,1,0,0,1,0,1,1,0,1.0986122886681098,1.6094379124341003,1.3862943611198906
https://openalex.org/W3139638961,2018,1,3,2,2,1,1,0,0,0,0,1,1,0,1.3862943611198906,1.0986122886681098,1.0986122886681098
https://openalex.org/W2897182913,2018,6,7,2,2,1,1,0,1,0,0,0,0,0,2.0794415416798357,1.0986122886681098,1.0986122886681098
https://openalex.org/W2901786679,2018,11,8,3,2,1,1,1,1,0,1,1,0,0,2.1972245773362196,1.3862943611198906,1.0986122886681098
https://openalex.org/W7116383578,2018,0,1,1,1,0,0,0,1,0,1,1,0,0,0.6931471805599453,0.6931471805599453,0.6931471805599453
https://openalex.org/W3035228045,2018,0,3,0,0,0,0,0,0,0,0,0,0,0,1.3862943611198906,0.0,0.0
https://openalex.org/W2968436795,2018,0,2,0,0,0,0,0,0,0,0,0,0,0,1.0986122886681098,0.0,0.0
https://openalex.org/W2788991848,2018,0,1,0,0,0,0,0,0,0,0,0,1,0,0.6931471805599453,0.0,0.0
https://openalex.org/W4399112892,2018,0,3,3,1,1,0,1,0,0,1,1,0,0,1.3862943611198906,1.3862943611198906,0.6931471805599453
https://openalex.org/W2946257100,2018,0,2,0,0,0,0,0,0,0,0,0,0,0,1.0986122886681098,0.0,0.0
https://openalex.org/W2892976581,2018,4,1,0,0,0,0,0,0,0,0,1,1,0,0.6931471805599453,0.0,0.0
https://openalex.org/W2884926034,2018,1,4,0,0,0,0,0,0,0,0,0,1,0,1.6094379124341003,0.0,0.0
https://openalex.org/W2898130205,2018,14,6,4,2,1,1,1,0,0,1,0,0,0,1.9459101490553132,1.6094379124341003,1.0986122886681098
https://openalex.org/W2904271148,2018,17,3,2,1,1,0,0,0,0,0,1,1,0,1.3862943611198906,1.0986122886681098,0.6931471805599453
https://openalex.org/W2900391102,2018,56,5,1,1,0,0,0,0,0,0,1,1,1,1.791759469228055,0.6931471805599453,0.6931471805599453
https://openalex.org/W7104296555,2018,0,1,0,0,0,0,0,0,0,0,1,1,0,0.6931471805599453,0.0,0.0
https://openalex.org/W2626348626,2018,19,2,4,3,1,1,1,0,0,0,0,1,0,1.0986122886681098,1.6094379124341003,1.3862943611198906
https://openalex.org/W2792293503,2018,0,1,1,1,0,0,0,0,0,1,0,1,0,0.6931471805599453,0.6931471805599453,0.6931471805599453
https://openalex.org/W2870149203,2018,7,4,2,1,1,0,0,1,0,0,0,0,0,1.6094379124341003,1.0986122886681098,0.6931471805599453
https://openalex.org/W3009250627,2018,0,2,1,1,0,0,0,0,0,0,0,0,0,1.0986122886681098,0.6931471805599453,0.6931471805599453
https://openalex.org/W2887770507,2018,0,1,1,1,0,0,0,0,0,0,1,0,0,0.6931471805599453,0.6931471805599453,0.6931471805599453
https://openalex.org/W2803722201,2018,12,4,1,1,0,0,0,0,0,0,0,0,0,1.6094379124341003,0.6931471805599453,0.6931471805599453
https://openalex.org/W2787270236,2018,1,4,1,1,0,0,0,0,0,0,0,0,0,1.6094379124341003,0.6931471805599453,0.6931471805599453
https://openalex.org/W2911136197,2018,3,8,2,1,1,0,0,0,0,0,0,0,0,2.1972245773362196,1.0986122886681098,0.6931471805599453
https://openalex.org/W2891547079,2018,11,2,1,1,0,0,0,0,0,0,1,1,0,1.0986122886681098,0.6931471805599453,0.6931471805599453
https://openalex.org/W2908368477,2018,0,1,0,0,0,0,0,0,0,0,0,1,0,0.6931471805599453,0.0,0.0
https://openalex.org/W2885370910,2018,0,6,0,0,0,0,0,0,0,0,1,1,0,1.9459101490553132,0.0,0.0
https://openalex.org/W2805003119,2018,6,3,1,1,0,0,0,0,0,0,1,1,0,1.3862943611198906,0.6931471805599453,0.6931471805599453
https://openalex.org/W2807813384,2018,12,3,2,1,1,0,0,0,0,1,0,1,0,1.3862943611198906,1.0986122886681098,0.6931471805599453
https://openalex.org/W2946255153,2018,4,6,3,1,1,0,0,0,0,0,0,0,0,1.9459101490553132,1.3862943611198906,0.6931471805599453
https://openalex.org/W2897999578,2018,7,2,1,1,0,0,0,0,0,0,0,1,0,1.0986122886681098,0.6931471805599453,0.6931471805599453
https://openalex.org/W2885185205,2018,0,2,0,0,0,0,0,0,0,0,0,0,0,1.0986122886681098,0.0,0.0
https://openalex.org/W2906968824,2018,6,3,1,1,0,0,0,0,0,0,1,1,0,1.3862943611198906,0.6931471805599453,0.6931471805599453
https://openalex.org/W2793605925,2018,0,7,0,0,0,0,0,0,0,0,0,0,0,2.0794415416798357,0.0,0.0
https://openalex.org/W3015869430,2018,1,1,0,0,0,0,0,0,0,0,0,0,0,0.6931471805599453,0.0,0.0
https://openalex.org/W2911280161,2018,0,1,0,0,0,0,0,0,0,0,0,1,0,0.6931471805599453,0.0,0.0
https://openalex.org/W2891697869,2018,41,6,5,3,1,1,0,0,0,0,0,0,1,1.9459101490553132,1.791759469228055,1.3862943611198906
https://openalex.org/W2975969815,2018,0,1,0,0,0,0,0,0,0,0,0,0,0,0.6931471805599453,0.0,0.0
https://openalex.org/W2899047132,2018,20,2,1,1,0,0,0,0,0,0,1,1,0,1.0986122886681098,0.6931471805599453,0.6931471805599453
https://openalex.org/W4234145337,2018,1,39,22,12,1,1,1,1,0,1,1,1,0,3.6888794541139363,3.1354942159291497,2.5649493574615367
https://openalex.org/W2940825147,2018,0,2,2,1,1,0,0,0,0,0,1,1,0,1.0986122886681098,1.0986122886681098,0.6931471805599453
https://openalex.org/W4404546435,2018,0,3,2,1,1,0,0,0,0,0,1,1,0,1.3862943611198906,1.0986122886681098,0.6931471805599453
https://openalex.org/W3212388142,2018,0,1,0,0,0,0,0,0,0,0,0,0,0,0.6931471805599453,0.0,0.0
https://openalex.org/W2853792503,2018,12,6,4,2,1,1,0,0,1,0,0,1,0,1.9459101490553132,1.6094379124341003,1.0986122886681098
https://openalex.org/W2982626076,2018,0,2,0,0,0,0,0,0,0,0,1,1,0,1.0986122886681098,0.0,0.0
https://openalex.org/W2906954650,2018,1,4,0,0,0,0,0,0,0,0,1,0,0,1.6094379124341003,0.0,0.0
https://openalex.org/W2801751195,2018,1,2,1,1,0,0,0,0,0,0,1,1,0,1.0986122886681098,0.6931471805599453,0.6931471805599453
https://openalex.org/W2897214748,2018,11,3,1,1,0,0,0,1,0,0,0,1,0,1.3862943611198906,0.6931471805599453,0.6931471805599453
https://openalex.org/W2808313750,2018,0,4,0,0,0,0,0,0,0,0,1,1,0,1.6094379124341003,0.0,0.0
https://openalex.org/W2799714422,2018,5,2,1,1,0,0,0,0,0,0,1,0,0,1.0986122886681098,0.6931471805599453,0.6931471805599453
https://openalex.org/W2782198394,2018,0,1,1,1,0,0,0,0,0,0,1,1,0,0.6931471805599453,0.6931471805599453,0.6931471805599453
https://openalex.org/W2545778879,2018,8,4,2,2,1,1,1,0,0,1,1,1,0,1.6094379124341003,1.0986122886681098,1.0986122886681098
https://openalex.org/W2803658312,2018,9,2,0,0,0,0,0,0,0,0,0,1,0,1.0986122886681098,0.0,0.0
https://openalex.org/W2889980303,2018,1,1,1,1,0,0,0,0,0,0,0,0,0,0.6931471805599453,0.6931471805599453,0.6931471805599453
https://openalex.org/W2914841161,2018,0,3,3,2,1,1,1,1,0,1,0,0,0,1.3862943611198906,1.3862943611198906,1.0986122886681098
https://openalex.org/W2809449252,2018,0,1,0,0,0,0,0,0,0,0,1,1,0,0.6931471805599453,0.0,0.0
https://openalex.org/W2789168716,2018,13,4,3,2,1,1,0,0,1,0,1,1,0,1.6094379124341003,1.3862943611198906,1.0986122886681098
https://openalex.org/W2794395695,2018,5,3,1,1,0,0,0,0,0,0,0,1,0,1.3862943611198906,0.6931471805599453,0.6931471805599453
https://openalex.org/W2895042430,2018,0,2,0,0,0,0,0,0,0,0,0,1,0,1.0986122886681098,0.0,0.0
https://openalex.org/W4320168015,2018,0,3,2,1,1,0,0,0,0,0,0,0,0,1.3862943611198906,1.0986122886681098,0.6931471805599453
https://openalex.org/W2791640790,2018,38,1,1,1,0,0,0,0,0,0,0,1,1,0.6931471805599453,0.6931471805599453,0.6931471805599453
https://openalex.org/W2886097180,2018,10,1,0,0,0,0,0,0,0,0,0,0,0,0.6931471805599453,0.0,0.0
https://openalex.org/W2905731121,2018,10,3,1,1,0,0,0,0,0,0,0,0,0,1.3862943611198906,0.6931471805599453,0.6931471805599453
https://openalex.org/W2741857138,2018,3,2,1,1,0,0,0,0,0,0,1,1,0,1.0986122886681098,0.6931471805599453,0.6931471805599453
https://openalex.org/W2906285556,2018,58,3,1,1,0,0,0,0,0,0,0,1,1,1.3862943611198906,0.6931471805599453,0.6931471805599453
https://openalex.org/W2807634779,2018,1,1,1,1,0,0,0,0,0,0,1,1,0,0.6931471805599453,0.6931471805599453,0.6931471805599453
https://openalex.org/W2789745157,2018,1,2,2,1,1,0,0,0,0,1,0,0,0,1.0986122886681098,1.0986122886681098,0.6931471805599453
https://openalex.org/W2914455667,2018,12,3,1,1,0,0,0,0,0,0,0,0,0,1.3862943611198906,0.6931471805599453,0.6931471805599453
https://openalex.org/W2911096804,2018,1,3,1,1,0,0,0,0,0,0,1,1,0,1.3862943611198906,0.6931471805599453,0.6931471805599453
https://openalex.org/W2990400895,2018,2,3,1,1,0,0,0,0,0,0,1,1,0,1.3862943611198906,0.6931471805599453,0.6931471805599453
https://openalex.org/W2903798814,2018,2,1,1,1,0,0,0,0,0,0,0,0,0,0.6931471805599453,0.6931471805599453,0.6931471805599453
https://openalex.org/W2900543179,2018,1,2,0,0,0,0,0,0,0,0,0,0,0,1.0986122886681098,0.0,0.0
https://openalex.org/W2941656884,2018,0,2,0,0,0,0,0,0,0,0,0,1,0,1.0986122886681098,0.0,0.0
https://openalex.org/W2794563970,2018,5,3,1,1,0,0,0,0,0,0,0,0,0,1.3862943611198906,0.6931471805599453,0.6931471805599453
https://openalex.org/W2904167526,2018,0,2,0,0,0,0,0,0,0,0,0,1,0,1.0986122886681098,0.0,0.0
https://openalex.org/W2624813485,2018,16,5,1,1,0,0,1,0,0,0,0,0,0,1.791759469228055,0.6931471805599453,0.6931471805599453
https://openalex.org/W7139630940,2018,0,4,0,0,0,0,0,0,0,0,0,0,0,1.6094379124341003,0.0,0.0
https://openalex.org/W2947410148,2018,0,1,1,1,0,0,0,0,0,0,0,1,0,0.6931471805599453,0.6931471805599453,0.6931471805599453
https://openalex.org/W2911547036,2018,2,5,1,1,0,0,0,0,0,0,1,1,0,1.791759469228055,0.6931471805599453,0.6931471805599453
https://openalex.org/W2774336789,2018,2,4,2,2,1,1,0,0,0,0,0,1,0,1.6094379124341003,1.0986122886681098,1.0986122886681098
https://openalex.org/W2990077379,2018,0,1,0,0,0,0,0,0,0,0,1,1,0,0.6931471805599453,0.0,0.0
https://openalex.org/W2808162975,2018,1,2,1,1,0,0,0,0,0,0,0,0,0,1.0986122886681098,0.6931471805599453,0.6931471805599453
https://openalex.org/W2792302546,2018,0,3,3,1,1,0,0,0,1,0,1,1,0,1.3862943611198906,1.3862943611198906,0.6931471805599453
https://openalex.org/W2892027497,2018,0,8,0,0,0,0,0,0,0,0,0,1,0,2.1972245773362196,0.0,0.0
https://openalex.org/W2945451770,2018,0,5,3,2,1,1,0,0,1,0,1,1,0,1.791759469228055,1.3862943611198906,1.0986122886681098
https://openalex.org/W2909070011,2018,11,3,0,0,0,0,0,0,0,0,0,0,0,1.3862943611198906,0.0,0.0
https://openalex.org/W2904582027,2018,0,4,1,1,0,0,0,0,0,0,0,0,0,1.6094379124341003,0.6931471805599453,0.6931471805599453
https://openalex.org/W3182524612,2018,5,5,0,0,0,0,0,0,0,0,0,1,0,1.791759469228055,0.0,0.0
https://openalex.org/W2896315816,2018,5,2,1,1,0,0,0,0,0,1,0,0,0,1.0986122886681098,0.6931471805599453,0.6931471805599453
https://openalex.org/W2789965303,2018,1,1,0,0,0,0,0,0,0,0,1,0,0,0.6931471805599453,0.0,0.0
https://openalex.org/W2902344082,2018,0,1,0,0,0,0,0,0,0,0,1,0,0,0.6931471805599453,0.0,0.0
https://openalex.org/W2790006567,2018,48,3,1,1,0,0,0,0,0,0,0,1,1,1.3862943611198906,0.6931471805599453,0.6931471805599453
https://openalex.org/W2906478321,2018,0,5,3,1,1,0,0,1,0,1,0,1,0,1.791759469228055,1.3862943611198906,0.6931471805599453
https://openalex.org/W4246335719,2018,0,22,0,0,0,0,0,0,0,0,1,1,0,3.1354942159291497,0.0,0.0
https://openalex.org/W2898912118,2018,59,4,1,1,0,0,1,0,0,0,1,1,1,1.6094379124341003,0.6931471805599453,0.6931471805599453
https://openalex.org/W2838872162,2018,21,1,0,0,0,0,0,0,0,0,1,1,0,0.6931471805599453,0.0,0.0
https://openalex.org/W2898798523,2018,0,2,0,0,0,0,0,0,0,0,0,1,0,1.0986122886681098,0.0,0.0
https://openalex.org/W2974036103,2018,0,1,0,0,0,0,0,0,0,0,1,1,0,0.6931471805599453,0.0,0.0
https://openalex.org/W3160905013,2018,47,2,2,2,1,1,0,0,0,0,0,1,1,1.0986122886681098,1.0986122886681098,1.0986122886681098
https://openalex.org/W1524983120,2018,4,1,1,1,0,0,1,0,0,1,1,0,0,0.6931471805599453,0.6931471805599453,0.6931471805599453
https://openalex.org/W2909855941,2018,0,3,0,0,0,0,0,0,0,0,0,0,0,1.3862943611198906,0.0,0.0
https://openalex.org/W2886924529,2018,2,2,1,1,0,0,0,0,0,0,0,0,0,1.0986122886681098,0.6931471805599453,0.6931471805599453
https://openalex.org/W3123537407,2018,40,2,2,2,1,1,1,0,0,0,0,1,1,1.0986122886681098,1.0986122886681098,1.0986122886681098
https://openalex.org/W2889235758,2018,0,6,1,1,0,0,0,0,0,0,1,1,0,1.9459101490553132,0.6931471805599453,0.6931471805599453
https://openalex.org/W2964205316,2018,0,2,0,0,0,0,0,0,0,0,0,0,0,1.0986122886681098,0.0,0.0
https://openalex.org/W2901074665,2018,0,2,2,2,1,1,0,0,0,0,0,0,0,1.0986122886681098,1.0986122886681098,1.0986122886681098
https://openalex.org/W2903076137,2018,1,2,1,1,0,0,0,0,0,0,0,0,0,1.0986122886681098,0.6931471805599453,0.6931471805599453
https://openalex.org/W2781606639,2018,1,3,1,1,0,0,0,0,0,0,1,0,0,1.3862943611198906,0.6931471805599453,0.6931471805599453
https://openalex.org/W3163054785,2018,0,7,0,0,0,0,0,0,0,0,0,1,0,2.0794415416798357,0.0,0.0
https://openalex.org/W2913025221,2018,2,3,2,1,1,0,0,0,0,0,0,0,0,1.3862943611198906,1.0986122886681098,0.6931471805599453
https://openalex.org/W2940979174,2018,0,3,0,0,0,0,0,0,0,0,0,0,0,1.3862943611198906,0.0,0.0
https://openalex.org/W2801624658,2018,0,1,1,1,0,0,0,0,0,0,1,1,0,0.6931471805599453,0.6931471805599453,0.6931471805599453
https://openalex.org/W2898993551,2018,3,3,1,1,0,0,0,0,0,0,0,0,0,1.3862943611198906,0.6931471805599453,0.6931471805599453
https://openalex.org/W2910507243,2018,0,3,0,0,0,0,0,0,0,0,0,0,0,1.3862943611198906,0.0,0.0
https://openalex.org/W2942513359,2018,0,1,0,0,0,0,0,0,0,0,0,1,0,0.6931471805599453,0.0,0.0
https://openalex.org/W2808376835,2018,3,1,1,1,0,0,0,0,0,1,1,1,0,0.6931471805599453,0.6931471805599453,0.6931471805599453
https://openalex.org/W3205069629,2018,0,1,0,0,0,0,0,0,0,0,0,1,0,0.6931471805599453,0.0,0.0
https://openalex.org/W2963947535,2018,31,5,3,1,1,0,1,0,0,0,1,1,1,1.791759469228055,1.3862943611198906,0.6931471805599453
https://openalex.org/W2802987633,2018,4,2,1,1,0,0,0,0,0,0,0,1,0,1.0986122886681098,0.6931471805599453,0.6931471805599453
https://openalex.org/W2800670863,2018,51,2,1,1,0,0,0,0,0,0,1,1,1,1.0986122886681098,0.6931471805599453,0.6931471805599453
https://openalex.org/W2890500080,2018,59,7,6,3,1,1,0,0,0,0,0,1,1,2.0794415416798357,1.9459101490553132,1.3862943611198906
https://openalex.org/W3088382468,2018,0,1,0,0,0,0,0,0,0,0,1,0,0,0.6931471805599453,0.0,0.0
https://openalex.org/W3170595858,2018,0,1,0,0,0,0,0,0,0,0,0,0,0,0.6931471805599453,0.0,0.0
https://openalex.org/W2885149066,2018,16,3,2,1,1,0,0,0,0,0,0,1,0,1.3862943611198906,1.0986122886681098,0.6931471805599453
https://openalex.org/W2922141196,2018,0,1,1,1,0,0,0,0,0,1,0,1,0,0.6931471805599453,0.6931471805599453,0.6931471805599453
https://openalex.org/W2898510990,2018,7,4,2,1,1,0,0,0,0,0,1,1,0,1.6094379124341003,1.0986122886681098,0.6931471805599453
https://openalex.org/W2965784996,2018,5,4,1,1,0,0,0,0,0,0,0,0,0,1.6094379124341003,0.6931471805599453,0.6931471805599453
https://openalex.org/W4254086178,2018,0,5,3,1,1,0,1,0,0,1,1,0,0,1.791759469228055,1.3862943611198906,0.6931471805599453
https://openalex.org/W2935103182,2018,0,2,0,0,0,0,0,0,0,0,0,0,0,1.0986122886681098,0.0,0.0
https://openalex.org/W7145130942,2018,0,8,0,0,0,0,0,0,0,0,1,0,0,2.1972245773362196,0.0,0.0
https://openalex.org/W2889354425,2018,24,4,3,2,1,1,0,0,0,1,0,1,0,1.6094379124341003,1.3862943611198906,1.0986122886681098
https://openalex.org/W3024825812,2018,2,3,1,1,0,0,0,0,1,1,1,1,0,1.3862943611198906,0.6931471805599453,0.6931471805599453
https://openalex.org/W2895735027,2018,1,1,1,1,0,0,0,0,0,0,1,1,0,0.6931471805599453,0.6931471805599453,0.6931471805599453
https://openalex.org/W2888383908,2018,14,2,2,2,1,1,0,0,0,0,0,0,0,1.0986122886681098,1.0986122886681098,1.0986122886681098
https://openalex.org/W2789270918,2018,1,5,1,1,0,0,0,0,0,0,0,1,0,1.791759469228055,0.6931471805599453,0.6931471805599453
https://openalex.org/W2791897146,2018,1,1,0,0,0,0,0,0,0,0,1,1,0,0.6931471805599453,0.0,0.0
https://openalex.org/W2903218876,2018,0,1,0,0,0,0,0,0,0,0,1,1,0,0.6931471805599453,0.0,0.0
https://openalex.org/W2807188597,2018,15,1,1,1,0,0,0,0,0,1,1,1,0,0.6931471805599453,0.6931471805599453,0.6931471805599453
https://openalex.org/W2787944475,2018,0,1,0,0,0,0,0,0,0,0,0,0,0,0.6931471805599453,0.0,0.0
https://openalex.org/W2810431401,2018,38,4,1,1,0,0,0,0,0,0,0,1,1,1.6094379124341003,0.6931471805599453,0.6931471805599453
https://openalex.org/W2773240666,2018,26,4,4,2,1,1,1,0,0,0,1,0,1,1.6094379124341003,1.6094379124341003,1.0986122886681098
https://openalex.org/W3033377289,2018,0,1,0,0,0,0,0,0,0,0,1,0,0,0.6931471805599453,0.0,0.0
https://openalex.org/W4239950407,2018,0,15,0,0,0,0,0,0,0,0,1,1,0,2.772588722239781,0.0,0.0
https://openalex.org/W2898835126,2018,3,4,1,1,0,0,1,0,0,0,1,0,0,1.6094379124341003,0.6931471805599453,0.6931471805599453
https://openalex.org/W2878801878,2018,7,1,1,1,0,0,0,0,0,0,0,0,0,0.6931471805599453,0.6931471805599453,0.6931471805599453
https://openalex.org/W2798275759,2018,20,3,2,1,1,0,0,0,0,0,0,1,0,1.3862943611198906,1.0986122886681098,0.6931471805599453
https://openalex.org/W3205566828,2018,0,1,0,0,0,0,0,0,0,0,0,0,0,0.6931471805599453,0.0,0.0
https://openalex.org/W2790072224,2018,34,8,4,1,1,0,0,1,0,0,0,1,1,2.1972245773362196,1.6094379124341003,0.6931471805599453
https://openalex.org/W2894899985,2018,38,6,3,1,1,0,0,0,1,0,0,1,1,1.9459101490553132,1.3862943611198906,0.6931471805599453
https://openalex.org/W3016733940,2018,0,2,1,1,0,0,0,0,0,0,0,0,0,1.0986122886681098,0.6931471805599453,0.6931471805599453
https://openalex.org/W2888922637,2018,354,2,1,1,0,0,0,0,0,1,1,0,1,1.0986122886681098,0.6931471805599453,0.6931471805599453
https://openalex.org/W3152863470,2018,1,1,0,0,0,0,0,0,0,0,0,1,0,0.6931471805599453,0.0,0.0
https://openalex.org/W2917432154,2018,0,4,0,0,0,0,0,0,0,0,0,1,0,1.6094379124341003,0.0,0.0
https://openalex.org/W2809520897,2018,20,2,1,1,0,0,0,0,0,1,0,0,0,1.0986122886681098,0.6931471805599453,0.6931471805599453
https://openalex.org/W2910434996,2018,1,2,1,1,0,0,0,0,0,0,0,0,0,1.0986122886681098,0.6931471805599453,0.6931471805599453
https://openalex.org/W2942091657,2018,9,2,1,1,0,0,0,0,0,0,1,1,0,1.0986122886681098,0.6931471805599453,0.6931471805599453
https://openalex.org/W2938658571,2018,0,1,0,0,0,0,0,0,0,0,1,0,0,0.6931471805599453,0.0,0.0
https://openalex.org/W2898997313,2018,12,3,1,1,0,0,0,0,0,0,0,0,0,1.3862943611198906,0.6931471805599453,0.6931471805599453
https://openalex.org/W2791714810,2018,131,2,2,1,1,0,0,0,0,1,0,1,1,1.0986122886681098,1.0986122886681098,0.6931471805599453
https://openalex.org/W2904206664,2018,0,3,1,1,0,0,0,0,0,0,1,0,0,1.3862943611198906,0.6931471805599453,0.6931471805599453
https://openalex.org/W2894244601,2018,0,3,0,0,0,0,0,0,0,0,0,1,0,1.3862943611198906,0.0,0.0
https://openalex.org/W2947425126,2018,4,1,0,0,0,0,0,0,0,0,1,1,0,0.6931471805599453,0.0,0.0
https://openalex.org/W2804327271,2018,28,3,2,1,1,0,0,0,0,0,0,1,1,1.3862943611198906,1.0986122886681098,0.6931471805599453
https://openalex.org/W2788495149,2018,17,5,3,1,1,0,0,0,0,0,1,1,0,1.791759469228055,1.3862943611198906,0.6931471805599453
https://openalex.org/W2913347981,2018,7,3,2,1,1,0,1,0,0,0,1,1,0,1.3862943611198906,1.0986122886681098,0.6931471805599453
https://openalex.org/W2884967970,2018,16,4,1,1,0,0,1,0,0,1,1,0,0,1.6094379124341003,0.6931471805599453,0.6931471805599453
https://openalex.org/W2904759236,2018,1,5,1,1,0,0,0,0,0,0,0,1,0,1.791759469228055,0.6931471805599453,0.6931471805599453
https://openalex.org/W2921220476,2018,16,3,1,1,0,0,0,0,0,0,0,0,0,1.3862943611198906,0.6931471805599453,0.6931471805599453
https://openalex.org/W2886498424,2018,0,1,0,0,0,0,0,0,0,0,1,0,0,0.6931471805599453,0.0,0.0
https://openalex.org/W2849097493,2018,1,1,1,1,0,0,0,0,0,0,0,1,0,0.6931471805599453,0.6931471805599453,0.6931471805599453
https://openalex.org/W4256740451,2018,5,2,1,1,0,0,0,0,0,1,1,1,0,1.0986122886681098,0.6931471805599453,0.6931471805599453
https://openalex.org/W2945522269,2018,0,1,0,0,0,0,0,0,0,0,0,1,0,0.6931471805599453,0.0,0.0
https://openalex.org/W2948892193,2018,1,3,4,3,1,1,1,0,0,0,0,0,0,1.3862943611198906,1.6094379124341003,1.3862943611198906
https://openalex.org/W2888922326,2018,5,3,2,2,1,1,0,0,0,0,1,1,0,1.3862943611198906,1.0986122886681098,1.0986122886681098
https://openalex.org/W2790622154,2018,3,4,1,1,0,0,0,0,0,1,1,0,0,1.6094379124341003,0.6931471805599453,0.6931471805599453
https://openalex.org/W2808722069,2018,4,1,1,1,0,0,0,0,0,0,0,0,0,0.6931471805599453,0.6931471805599453,0.6931471805599453
https://openalex.org/W2921390954,2018,2,3,1,1,0,0,0,0,0,1,0,0,0,1.3862943611198906,0.6931471805599453,0.6931471805599453
https://openalex.org/W2903693967,2018,0,1,0,0,0,0,0,0,0,0,1,0,0,0.6931471805599453,0.0,0.0
https://openalex.org/W2810947503,2018,0,1,0,0,0,0,0,0,0,0,0,0,0,0.6931471805599453,0.0,0.0
https://openalex.org/W2942764422,2018,24,2,1,1,0,0,0,0,0,0,0,0,0,1.0986122886681098,0.6931471805599453,0.6931471805599453
https://openalex.org/W3010021907,2018,3,3,0,0,0,0,0,0,0,0,0,0,0,1.3862943611198906,0.0,0.0
https://openalex.org/W3090171027,2018,0,2,1,1,0,0,0,0,0,0,1,1,0,1.0986122886681098,0.6931471805599453,0.6931471805599453
https://openalex.org/W2797523611,2018,2,2,2,1,1,0,0,0,0,0,1,1,0,1.0986122886681098,1.0986122886681098,0.6931471805599453
https://openalex.org/W7110490857,2018,0,3,0,0,0,0,0,0,0,0,0,0,0,1.3862943611198906,0.0,0.0
https://openalex.org/W2991187518,2018,0,7,0,0,0,0,0,0,0,0,0,1,0,2.0794415416798357,0.0,0.0
https://openalex.org/W2793868264,2018,4,8,5,3,1,1,1,0,0,0,0,1,0,2.1972245773362196,1.791759469228055,1.3862943611198906
https://openalex.org/W2807973157,2018,7,4,1,1,0,0,0,0,0,0,0,1,0,1.6094379124341003,0.6931471805599453,0.6931471805599453
https://openalex.org/W2889991971,2018,20,1,2,1,1,0,0,0,0,0,1,1,0,0.6931471805599453,1.0986122886681098,0.6931471805599453
https://openalex.org/W2804958619,2018,34,23,3,2,1,1,0,1,0,0,0,1,1,3.1780538303479458,1.3862943611198906,1.0986122886681098
https://openalex.org/W2795236689,2018,0,10,0,0,0,0,0,0,0,0,0,1,0,2.3978952727983707,0.0,0.0
https://openalex.org/W2888537260,2018,2,3,1,1,0,0,0,0,0,0,0,1,0,1.3862943611198906,0.6931471805599453,0.6931471805599453
https://openalex.org/W2797304129,2018,0,2,0,0,0,0,0,0,0,0,0,1,0,1.0986122886681098,0.0,0.0
https://openalex.org/W4291731182,2018,0,1,0,0,0,0,0,0,0,0,1,0,0,0.6931471805599453,0.0,0.0
https://openalex.org/W2902788385,2018,228,4,3,3,1,1,0,0,0,0,0,1,1,1.6094379124341003,1.3862943611198906,1.3862943611198906
https://openalex.org/W2898612539,2018,3,3,0,0,0,0,0,0,0,0,1,1,0,1.3862943611198906,0.0,0.0
https://openalex.org/W2900325203,2018,1,1,1,1,0,0,0,0,0,0,0,1,0,0.6931471805599453,0.6931471805599453,0.6931471805599453
https://openalex.org/W2901386588,2018,19,4,2,1,1,0,0,0,0,0,0,0,0,1.6094379124341003,1.0986122886681098,0.6931471805599453
https://openalex.org/W2900317485,2018,8,2,1,1,0,0,1,0,0,1,0,0,0,1.0986122886681098,0.6931471805599453,0.6931471805599453
https://openalex.org/W2801094835,2018,7,2,1,1,0,0,0,0,0,0,1,1,0,1.0986122886681098,0.6931471805599453,0.6931471805599453
https://openalex.org/W2900277794,2018,2,1,1,1,0,0,0,0,0,0,1,1,0,0.6931471805599453,0.6931471805599453,0.6931471805599453
https://openalex.org/W2954122106,2018,0,1,0,0,0,0,0,0,0,0,1,1,0,0.6931471805599453,0.0,0.0
https://openalex.org/W2881634655,2018,3,3,2,1,1,0,0,0,0,0,1,1,0,1.3862943611198906,1.0986122886681098,0.6931471805599453
https://openalex.org/W2810928250,2018,14,7,6,1,1,0,0,0,0,0,0,1,0,2.0794415416798357,1.9459101490553132,0.6931471805599453
https://openalex.org/W2919363381,2018,0,1,0,0,0,0,0,0,0,0,0,1,0,0.6931471805599453,0.0,0.0
https://openalex.org/W2790339132,2018,13,1,1,1,0,0,0,0,0,0,1,1,0,0.6931471805599453,0.6931471805599453,0.6931471805599453
https://openalex.org/W2962912127,2018,6,4,2,1,1,0,0,0,0,0,0,0,0,1.6094379124341003,1.0986122886681098,0.6931471805599453
https://openalex.org/W2903579250,2018,4,3,2,1,1,0,0,0,0,0,0,1,0,1.3862943611198906,1.0986122886681098,0.6931471805599453
https://openalex.org/W2955029458,2018,0,3,1,1,0,0,0,0,0,0,0,1,0,1.3862943611198906,0.6931471805599453,0.6931471805599453
https://openalex.org/W2901342052,2018,4,4,3,1,1,0,0,0,0,0,1,1,0,1.6094379124341003,1.3862943611198906,0.6931471805599453
https://openalex.org/W2890139145,2018,2,6,4,3,1,1,0,0,0,1,0,0,0,1.9459101490553132,1.6094379124341003,1.3862943611198906
https://openalex.org/W2951272319,2018,0,3,0,0,0,0,0,0,0,0,1,1,0,1.3862943611198906,0.0,0.0
https://openalex.org/W3213072644,2018,0,1,0,0,0,0,0,0,0,0,0,0,0,0.6931471805599453,0.0,0.0
https://openalex.org/W2883903891,2018,2,8,3,1,1,0,0,1,1,1,1,0,0,2.1972245773362196,1.3862943611198906,0.6931471805599453
https://openalex.org/W2922039689,2018,5,1,0,0,0,0,0,0,0,0,0,0,0,0.6931471805599453,0.0,0.0
https://openalex.org/W2913836951,2018,3,2,0,0,0,0,0,0,0,0,1,1,0,1.0986122886681098,0.0,0.0
https://openalex.org/W4245913625,2018,2,2,1,1,0,0,0,0,0,0,0,0,0,1.0986122886681098,0.6931471805599453,0.6931471805599453
https://openalex.org/W2936610353,2018,0,2,1,1,0,0,0,0,0,0,0,1,0,1.0986122886681098,0.6931471805599453,0.6931471805599453
https://openalex.org/W3013373880,2018,0,1,0,0,0,0,0,0,0,0,0,1,0,0.6931471805599453,0.0,0.0
https://openalex.org/W2788728590,2018,1,1,0,0,0,0,0,0,0,0,0,1,0,0.6931471805599453,0.0,0.0
https://openalex.org/W2563114534,2018,6,2,2,2,1,1,0,0,0,0,1,1,0,1.0986122886681098,1.0986122886681098,1.0986122886681098
https://openalex.org/W2902798973,2018,0,7,1,1,0,0,0,0,0,0,0,1,0,2.0794415416798357,0.6931471805599453,0.6931471805599453
https://openalex.org/W2907792750,2018,0,1,1,1,0,0,0,0,0,0,1,1,0,0.6931471805599453,0.6931471805599453,0.6931471805599453
https://openalex.org/W2788193552,2018,0,1,0,0,0,0,0,0,0,0,0,0,0,0.6931471805599453,0.0,0.0
https://openalex.org/W2889078678,2018,0,6,0,0,0,0,0,0,0,0,0,0,0,1.9459101490553132,0.0,0.0
https://openalex.org/W2795955297,2018,2,2,1,1,0,0,0,0,0,0,0,1,0,1.0986122886681098,0.6931471805599453,0.6931471805599453
https://openalex.org/W2956149438,2018,0,4,0,0,0,0,0,0,0,0,1,1,0,1.6094379124341003,0.0,0.0
https://openalex.org/W4289104479,2018,0,3,1,1,0,0,0,0,0,0,1,0,0,1.3862943611198906,0.6931471805599453,0.6931471805599453
https://openalex.org/W2791413498,2018,1,4,0,0,0,0,0,0,0,0,0,0,0,1.6094379124341003,0.0,0.0
https://openalex.org/W2798123976,2018,14,2,1,1,0,0,1,0,0,1,1,1,0,1.0986122886681098,0.6931471805599453,0.6931471805599453
https://openalex.org/W2842219547,2018,11,3,1,1,0,0,0,0,0,0,1,0,0,1.3862943611198906,0.6931471805599453,0.6931471805599453
https://openalex.org/W2900438600,2018,0,3,0,0,0,0,0,0,0,0,0,1,0,1.3862943611198906,0.0,0.0
https://openalex.org/W2964154234,2018,0,2,0,0,0,0,0,0,0,0,0,1,0,1.0986122886681098,0.0,0.0
https://openalex.org/W4254346720,2018,0,1,1,1,0,0,0,0,0,0,1,0,0,0.6931471805599453,0.6931471805599453,0.6931471805599453
https://openalex.org/W2912214237,2018,0,1,0,0,0,0,0,0,0,0,0,0,0,0.6931471805599453,0.0,0.0
https://openalex.org/W2783477643,2018,0,2,0,0,0,0,0,0,0,0,0,1,0,1.0986122886681098,0.0,0.0
https://openalex.org/W2887516708,2018,0,1,1,1,0,0,1,0,0,0,0,1,0,0.6931471805599453,0.6931471805599453,0.6931471805599453
https://openalex.org/W2952190787,2018,26,2,0,0,0,0,0,0,0,0,0,1,1,1.0986122886681098,0.0,0.0
https://openalex.org/W2805432606,2018,0,3,2,1,1,0,0,0,0,0,1,1,0,1.3862943611198906,1.0986122886681098,0.6931471805599453
https://openalex.org/W2980141892,2018,0,1,0,0,0,0,0,0,0,0,0,1,0,0.6931471805599453,0.0,0.0
https://openalex.org/W2920819104,2018,0,2,0,0,0,0,0,0,0,0,0,0,0,1.0986122886681098,0.0,0.0
https://openalex.org/W2784639473,2018,0,1,0,0,0,0,0,0,0,0,1,0,0,0.6931471805599453,0.0,0.0
https://openalex.org/W2789938540,2018,3,4,1,1,0,0,0,0,0,0,1,1,0,1.6094379124341003,0.6931471805599453,0.6931471805599453
https://openalex.org/W2933052264,2018,0,2,2,2,1,1,0,0,0,0,0,1,0,1.0986122886681098,1.0986122886681098,1.0986122886681098
https://openalex.org/W2801142166,2018,0,4,2,1,1,0,0,1,0,1,0,0,0,1.6094379124341003,1.0986122886681098,0.6931471805599453
https://openalex.org/W2953872137,2018,1,1,0,0,0,0,0,0,0,0,1,1,0,0.6931471805599453,0.0,0.0
https://openalex.org/W3209172731,2018,1,2,0,0,0,0,0,0,0,0,0,0,0,1.0986122886681098,0.0,0.0
https://openalex.org/W2896592781,2018,0,2,0,0,0,0,0,0,0,0,0,1,0,1.0986122886681098,0.0,0.0
https://openalex.org/W2886063954,2018,4,2,1,1,0,0,0,0,0,0,0,0,0,1.0986122886681098,0.6931471805599453,0.6931471805599453
https://openalex.org/W2886392637,2018,15,2,1,1,0,0,0,0,1,0,0,1,0,1.0986122886681098,0.6931471805599453,0.6931471805599453
https://openalex.org/W2789977371,2018,6,3,0,0,0,0,0,0,0,0,0,1,0,1.3862943611198906,0.0,0.0
https://openalex.org/W2889092110,2018,20,5,3,1,1,0,0,0,0,0,0,1,0,1.791759469228055,1.3862943611198906,0.6931471805599453
https://openalex.org/W2808639052,2018,17,5,2,1,1,0,1,0,0,0,0,0,0,1.791759469228055,1.0986122886681098,0.6931471805599453
https://openalex.org/W3083531616,2018,0,1,0,0,0,0,0,0,0,0,0,0,0,0.6931471805599453,0.0,0.0
https://openalex.org/W2905269888,2018,10,4,4,1,1,0,0,0,1,1,0,0,0,1.6094379124341003,1.6094379124341003,0.6931471805599453
https://openalex.org/W2791030657,2018,1,4,2,2,1,1,0,0,0,0,1,1,0,1.6094379124341003,1.0986122886681098,1.0986122886681098
https://openalex.org/W2901012042,2018,2,5,3,2,1,1,0,0,0,0,0,1,0,1.791759469228055,1.3862943611198906,1.0986122886681098
https://openalex.org/W4246070272,2018,8,2,1,1,0,0,0,0,0,0,1,1,0,1.0986122886681098,0.6931471805599453,0.6931471805599453
https://openalex.org/W2799475642,2018,0,1,0,0,0,0,0,0,0,0,0,0,0,0.6931471805599453,0.0,0.0
https://openalex.org/W2972810108,2018,0,1,0,0,0,0,0,0,0,0,0,0,0,0.6931471805599453,0.0,0.0
https://openalex.org/W2891549350,2018,3,1,1,1,0,0,0,0,0,0,1,1,0,0.6931471805599453,0.6931471805599453,0.6931471805599453
https://openalex.org/W2904501627,2018,21,3,1,1,0,0,0,0,0,1,0,0,0,1.3862943611198906,0.6931471805599453,0.6931471805599453
https://openalex.org/W3034449454,2018,0,3,0,0,0,0,0,0,0,0,0,1,0,1.3862943611198906,0.0,0.0
https://openalex.org/W2891460205,2018,0,1,1,1,0,0,0,0,0,0,0,1,0,0.6931471805599453,0.6931471805599453,0.6931471805599453
https://openalex.org/W2886714259,2018,0,2,0,0,0,0,0,0,0,0,0,0,0,1.0986122886681098,0.0,0.0
https://openalex.org/W2799445842,2018,2,1,0,0,0,0,0,0,0,0,0,1,0,0.6931471805599453,0.0,0.0
https://openalex.org/W7124308427,2018,0,4,2,1,1,0,0,0,0,0,0,0,0,1.6094379124341003,1.0986122886681098,0.6931471805599453
https://openalex.org/W2911290072,2018,0,4,2,2,1,1,1,0,0,1,0,0,0,1.6094379124341003,1.0986122886681098,1.0986122886681098
https://openalex.org/W2589875006,2018,0,1,0,0,0,0,0,0,0,0,0,0,0,0.6931471805599453,0.0,0.0
https://openalex.org/W2805073770,2018,0,5,0,0,0,0,0,0,0,0,0,0,0,1.791759469228055,0.0,0.0
https://openalex.org/W2903082807,2018,6,2,2,1,1,0,0,0,0,0,0,1,0,1.0986122886681098,1.0986122886681098,0.6931471805599453
https://openalex.org/W2798187366,2018,25,3,1,1,0,0,0,0,0,0,0,1,1,1.3862943611198906,0.6931471805599453,0.6931471805599453
https://openalex.org/W4252077933,2018,0,1,1,1,0,0,0,0,0,0,1,1,0,0.6931471805599453,0.6931471805599453,0.6931471805599453
https://openalex.org/W2286237953,2018,1,3,2,1,1,0,0,0,0,0,0,1,0,1.3862943611198906,1.0986122886681098,0.6931471805599453
https://openalex.org/W2898004293,2018,15,2,1,1,0,0,0,0,0,0,1,1,0,1.0986122886681098,0.6931471805599453,0.6931471805599453
https://openalex.org/W2944694009,2018,0,1,0,0,0,0,0,0,0,0,0,0,0,0.6931471805599453,0.0,0.0
https://openalex.org/W3215939328,2018,8,2,0,0,0,0,0,0,0,0,0,1,0,1.0986122886681098,0.0,0.0
https://openalex.org/W2789247513,2018,6,6,0,0,0,0,0,0,0,0,0,1,0,1.9459101490553132,0.0,0.0
https://openalex.org/W4235317442,2018,0,1,1,1,0,0,0,1,0,0,1,1,0,0.6931471805599453,0.6931471805599453,0.6931471805599453
https://openalex.org/W2896678022,2018,1,4,1,1,0,0,0,0,0,0,0,0,0,1.6094379124341003,0.6931471805599453,0.6931471805599453
https://openalex.org/W2953523012,2018,0,1,0,0,0,0,0,0,0,0,0,1,0,0.6931471805599453,0.0,0.0
https://openalex.org/W2801244327,2018,0,5,0,0,0,0,0,0,0,0,1,0,0,1.791759469228055,0.0,0.0
https://openalex.org/W2904995498,2018,0,1,0,0,0,0,0,0,0,0,1,1,0,0.6931471805599453,0.0,0.0
https://openalex.org/W2897798332,2018,91,4,1,1,0,0,1,0,0,1,0,0,1,1.6094379124341003,0.6931471805599453,0.6931471805599453
https://openalex.org/W2921425098,2018,0,5,0,0,0,0,0,0,0,0,0,1,0,1.791759469228055,0.0,0.0
https://openalex.org/W2795364009,2018,1,4,1,1,0,0,0,0,0,1,1,0,0,1.6094379124341003,0.6931471805599453,0.6931471805599453
https://openalex.org/W2795319753,2018,6,1,0,0,0,0,0,0,0,0,0,1,0,0.6931471805599453,0.0,0.0
https://openalex.org/W2901059320,2018,0,1,0,0,0,0,0,0,0,0,1,0,0,0.6931471805599453,0.0,0.0
https://openalex.org/W2906761331,2018,1,2,1,1,0,0,0,0,1,0,1,1,0,1.0986122886681098,0.6931471805599453,0.6931471805599453
https://openalex.org/W2913687246,2018,0,4,1,1,0,0,0,0,0,0,0,0,0,1.6094379124341003,0.6931471805599453,0.6931471805599453
https://openalex.org/W2808032551,2018,4,5,2,1,1,0,1,0,0,1,1,0,0,1.791759469228055,1.0986122886681098,0.6931471805599453
https://openalex.org/W2887003815,2018,13,3,2,2,1,1,0,0,0,1,1,1,0,1.3862943611198906,1.0986122886681098,1.0986122886681098
https://openalex.org/W2917051477,2018,0,1,0,0,0,0,0,0,0,0,0,0,0,0.6931471805599453,0.0,0.0
https://openalex.org/W2796034586,2018,191,4,1,1,0,0,1,0,0,1,0,0,1,1.6094379124341003,0.6931471805599453,0.6931471805599453
https://openalex.org/W4247080681,2018,0,24,1,1,0,0,0,0,0,0,1,1,0,3.2188758248682006,0.6931471805599453,0.6931471805599453
https://openalex.org/W2900170773,2018,14,3,1,1,0,0,1,0,0,1,0,1,0,1.3862943611198906,0.6931471805599453,0.6931471805599453
https://openalex.org/W3000125699,2018,0,2,1,1,0,0,0,0,0,0,1,0,0,1.0986122886681098,0.6931471805599453,0.6931471805599453
https://openalex.org/W2905089572,2018,3,3,1,1,0,0,0,0,0,0,0,0,0,1.3862943611198906,0.6931471805599453,0.6931471805599453
https://openalex.org/W2811486052,2018,25,3,1,1,0,0,0,0,0,0,1,1,1,1.3862943611198906,0.6931471805599453,0.6931471805599453
https://openalex.org/W2885599914,2018,0,5,0,0,0,0,0,0,0,0,0,0,0,1.791759469228055,0.0,0.0
https://openalex.org/W2910294266,2018,5,6,2,1,1,0,0,0,1,1,1,1,0,1.9459101490553132,1.0986122886681098,0.6931471805599453
https://openalex.org/W2812468425,2018,132,4,2,2,1,1,1,1,0,1,1,0,1,1.6094379124341003,1.0986122886681098,1.0986122886681098
https://openalex.org/W2901788137,2018,0,1,0,0,0,0,0,0,0,0,0,0,0,0.6931471805599453,0.0,0.0
https://openalex.org/W4205203037,2018,0,2,0,0,0,0,0,0,0,0,1,1,0,1.0986122886681098,0.0,0.0
https://openalex.org/W2962927705,2018,0,2,0,0,0,0,0,0,0,0,0,1,0,1.0986122886681098,0.0,0.0
https://openalex.org/W2954717296,2018,0,10,0,0,0,0,0,0,0,0,0,1,0,2.3978952727983707,0.0,0.0
https://openalex.org/W2896125160,2018,89,4,1,1,0,0,1,0,0,0,1,0,1,1.6094379124341003,0.6931471805599453,0.6931471805599453
https://openalex.org/W3047486314,2018,0,1,0,0,0,0,0,0,0,0,0,0,0,0.6931471805599453,0.0,0.0
https://openalex.org/W2938875513,2018,0,1,0,0,0,0,0,0,0,0,1,0,0,0.6931471805599453,0.0,0.0
https://openalex.org/W2889286050,2018,53,6,4,2,1,1,1,1,0,0,0,0,1,1.9459101490553132,1.6094379124341003,1.0986122886681098
https://openalex.org/W2866290138,2018,1,2,1,1,0,0,0,0,0,0,0,0,0,1.0986122886681098,0.6931471805599453,0.6931471805599453
https://openalex.org/W2955654789,2018,0,3,1,1,0,0,0,0,0,0,0,0,0,1.3862943611198906,0.6931471805599453,0.6931471805599453
https://openalex.org/W2887732792,2018,10,3,1,1,0,0,0,0,0,1,0,1,0,1.3862943611198906,0.6931471805599453,0.6931471805599453
https://openalex.org/W3021345279,2018,0,2,0,0,0,0,0,0,0,0,0,1,0,1.0986122886681098,0.0,0.0
https://openalex.org/W3005239180,2018,1,1,0,0,0,0,0,0,0,0,0,1,0,0.6931471805599453,0.0,0.0
https://openalex.org/W2808934732,2018,8,2,1,1,0,0,1,0,0,1,0,1,0,1.0986122886681098,0.6931471805599453,0.6931471805599453
https://openalex.org/W2809069097,2018,1,1,0,0,0,0,0,0,0,0,0,0,0,0.6931471805599453,0.0,0.0
https://openalex.org/W2956299305,2018,0,1,0,0,0,0,0,0,0,0,1,1,0,0.6931471805599453,0.0,0.0
https://openalex.org/W3208407629,2018,0,2,0,0,0,0,0,0,0,0,1,1,0,1.0986122886681098,0.0,0.0
https://openalex.org/W3098981238,2018,0,1,0,0,0,0,0,0,0,0,0,0,0,0.6931471805599453,0.0,0.0
https://openalex.org/W2787331432,2018,34,2,2,2,1,1,1,0,0,0,0,1,1,1.0986122886681098,1.0986122886681098,1.0986122886681098
https://openalex.org/W7143646844,2018,0,1,0,0,0,0,0,0,0,0,1,0,0,0.6931471805599453,0.0,0.0
https://openalex.org/W2791861998,2018,8,1,0,0,0,0,0,0,0,0,0,1,0,0.6931471805599453,0.0,0.0
https://openalex.org/W3114544962,2018,2,2,0,0,0,0,0,0,0,0,0,1,0,1.0986122886681098,0.0,0.0
https://openalex.org/W3028684145,2018,0,1,0,0,0,0,0,0,0,0,0,0,0,0.6931471805599453,0.0,0.0
https://openalex.org/W2749087149,2018,1,2,0,0,0,0,0,0,0,0,1,0,0,1.0986122886681098,0.0,0.0
https://openalex.org/W2969778933,2018,0,1,0,0,0,0,0,0,0,0,0,1,0,0.6931471805599453,0.0,0.0
https://openalex.org/W2791718620,2018,1,3,2,1,1,0,0,0,0,0,0,1,0,1.3862943611198906,1.0986122886681098,0.6931471805599453
https://openalex.org/W2946116881,2018,1,1,0,0,0,0,0,0,0,0,1,1,0,0.6931471805599453,0.0,0.0
https://openalex.org/W2804521987,2018,0,4,2,1,1,0,0,0,0,0,1,1,0,1.6094379124341003,1.0986122886681098,0.6931471805599453
https://openalex.org/W2913717816,2018,3,3,1,1,0,0,0,0,0,0,1,1,0,1.3862943611198906,0.6931471805599453,0.6931471805599453
https://openalex.org/W2980839581,2018,0,1,0,0,0,0,0,0,0,0,0,1,0,0.6931471805599453,0.0,0.0
https://openalex.org/W2902651364,2018,1,2,0,0,0,0,0,0,0,0,0,1,0,1.0986122886681098,0.0,0.0
https://openalex.org/W2790143320,2018,9,2,0,0,0,0,0,0,0,0,1,1,0,1.0986122886681098,0.0,0.0
https://openalex.org/W2907842361,2018,3,3,1,0,0,0,0,0,0,0,0,0,0,1.3862943611198906,0.6931471805599453,0.0
https://openalex.org/W2909078141,2018,9,3,1,1,0,0,0,0,0,0,0,0,0,1.3862943611198906,0.6931471805599453,0.6931471805599453
https://openalex.org/W2795752238,2018,99,3,2,1,1,0,1,1,0,1,0,0,1,1.3862943611198906,1.0986122886681098,0.6931471805599453
https://openalex.org/W2886964995,2018,8,7,6,3,1,1,0,1,0,0,1,1,0,2.0794415416798357,1.9459101490553132,1.3862943611198906
https://openalex.org/W2911499561,2018,1,4,1,1,0,0,0,0,0,0,0,1,0,1.6094379124341003,0.6931471805599453,0.6931471805599453
https://openalex.org/W2529438968,2018,0,1,0,0,0,0,0,0,0,0,0,0,0,0.6931471805599453,0.0,0.0
https://openalex.org/W2799106927,2018,26,4,3,2,1,1,0,1,0,1,0,0,1,1.6094379124341003,1.3862943611198906,1.0986122886681098
https://openalex.org/W2887946879,2018,8,6,3,2,1,1,0,0,0,0,0,1,0,1.9459101490553132,1.3862943611198906,1.0986122886681098
https://openalex.org/W2806182371,2018,0,1,0,0,0,0,0,0,0,0,0,0,0,0.6931471805599453,0.0,0.0
https://openalex.org/W3210535398,2018,0,2,1,1,0,0,0,0,0,0,1,0,0,1.0986122886681098,0.6931471805599453,0.6931471805599453
https://openalex.org/W2904722095,2018,1,2,0,0,0,0,0,0,0,0,0,0,0,1.0986122886681098,0.0,0.0
https://openalex.org/W2792505038,2018,112,3,3,2,1,1,0,0,0,0,0,1,1,1.3862943611198906,1.3862943611198906,1.0986122886681098
https://openalex.org/W2791763860,2018,5,1,2,1,1,0,0,0,0,0,0,1,0,0.6931471805599453,1.0986122886681098,0.6931471805599453
https://openalex.org/W3185287416,2018,0,2,0,0,0,0,0,0,0,0,1,1,0,1.0986122886681098,0.0,0.0
https://openalex.org/W2907310174,2018,0,3,0,0,0,0,0,0,0,0,0,1,0,1.3862943611198906,0.0,0.0
https://openalex.org/W2805212603,2018,9,1,0,0,0,0,0,0,0,0,1,1,0,0.6931471805599453,0.0,0.0
https://openalex.org/W3173467755,2018,0,1,1,1,0,0,0,0,0,0,1,1,0,0.6931471805599453,0.6931471805599453,0.6931471805599453
https://openalex.org/W2803618347,2018,3,1,1,1,0,0,0,0,0,0,0,1,0,0.6931471805599453,0.6931471805599453,0.6931471805599453
https://openalex.org/W2892805284,2018,25,3,1,1,0,0,0,0,0,0,1,0,1,1.3862943611198906,0.6931471805599453,0.6931471805599453
https://openalex.org/W2912119837,2018,0,3,0,0,0,0,0,0,0,0,0,0,0,1.3862943611198906,0.0,0.0
https://openalex.org/W2800315328,2018,6,2,1,1,0,0,0,0,0,0,1,1,0,1.0986122886681098,0.6931471805599453,0.6931471805599453
https://openalex.org/W4229816300,2018,0,1,0,0,0,0,0,0,0,0,1,1,0,0.6931471805599453,0.0,0.0
https://openalex.org/W2799619877,2018,0,1,0,0,0,0,0,0,0,0,0,0,0,0.6931471805599453,0.0,0.0
https://openalex.org/W2917320304,2018,9,2,1,1,0,0,0,0,0,0,0,0,0,1.0986122886681098,0.6931471805599453,0.6931471805599453
https://openalex.org/W2914398391,2018,0,1,0,0,0,0,0,0,0,0,0,1,0,0.6931471805599453,0.0,0.0
https://openalex.org/W2891122111,2018,4,4,2,2,1,1,0,0,0,0,0,0,0,1.6094379124341003,1.0986122886681098,1.0986122886681098
https://openalex.org/W2905393353,2018,3,4,1,1,0,0,0,0,0,0,0,0,0,1.6094379124341003,0.6931471805599453,0.6931471805599453
https://openalex.org/W2799848776,2018,2,1,0,0,0,0,0,0,0,0,1,1,0,0.6931471805599453,0.0,0.0
https://openalex.org/W2808201391,2018,11,3,2,1,1,0,0,0,0,0,0,1,0,1.3862943611198906,1.0986122886681098,0.6931471805599453
https://openalex.org/W2801702761,2018,21,2,2,1,1,0,0,0,1,1,0,1,0,1.0986122886681098,1.0986122886681098,0.6931471805599453
https://openalex.org/W2994071685,2018,0,2,0,0,0,0,0,0,0,0,1,0,0,1.0986122886681098,0.0,0.0
https://openalex.org/W2921929219,2018,0,1,0,0,0,0,0,0,0,0,1,1,0,0.6931471805599453,0.0,0.0
https://openalex.org/W2977822093,2018,18,2,2,2,1,1,0,0,0,0,0,1,0,1.0986122886681098,1.0986122886681098,1.0986122886681098
https://openalex.org/W2885032835,2018,11,3,1,1,0,0,0,0,0,0,0,1,0,1.3862943611198906,0.6931471805599453,0.6931471805599453
https://openalex.org/W4230272432,2018,7,1,1,1,0,0,0,0,0,0,0,1,0,0.6931471805599453,0.6931471805599453,0.6931471805599453
https://openalex.org/W2915007756,2018,0,4,0,0,0,0,0,0,0,0,0,1,0,1.6094379124341003,0.0,0.0
https://openalex.org/W2794868486,2018,11,2,1,1,0,0,1,0,0,1,0,1,0,1.0986122886681098,0.6931471805599453,0.6931471805599453
https://openalex.org/W2949125897,2018,4,2,0,0,0,0,0,0,0,0,0,0,0,1.0986122886681098,0.0,0.0
https://openalex.org/W2942225577,2018,1,1,0,0,0,0,0,0,0,0,0,0,0,0.6931471805599453,0.0,0.0
https://openalex.org/W4242418466,2018,16,5,2,2,1,1,0,0,0,1,0,1,0,1.791759469228055,1.0986122886681098,1.0986122886681098
https://openalex.org/W2804610500,2018,13,2,2,2,1,1,0,0,1,0,0,1,0,1.0986122886681098,1.0986122886681098,1.0986122886681098
https://openalex.org/W2977097412,2018,0,1,0,0,0,0,0,0,0,0,1,0,0,0.6931471805599453,0.0,0.0
https://openalex.org/W2974042210,2018,0,3,2,1,1,0,0,0,0,0,1,1,0,1.3862943611198906,1.0986122886681098,0.6931471805599453
https://openalex.org/W2956344849,2018,0,2,1,1,0,0,0,0,0,0,1,1,0,1.0986122886681098,0.6931471805599453,0.6931471805599453
https://openalex.org/W2890399503,2018,0,3,0,0,0,0,0,0,0,0,1,1,0,1.3862943611198906,0.0,0.0
https://openalex.org/W2905468702,2018,140,4,1,1,0,0,0,0,0,0,0,1,1,1.6094379124341003,0.6931471805599453,0.6931471805599453
https://openalex.org/W2891686515,2018,33,5,2,1,1,0,0,0,0,0,0,0,1,1.791759469228055,1.0986122886681098,0.6931471805599453
https://openalex.org/W2804144176,2018,37,2,1,1,0,0,0,0,0,0,1,1,1,1.0986122886681098,0.6931471805599453,0.6931471805599453
https://openalex.org/W3146638044,2018,0,3,2,2,1,1,0,0,0,0,0,0,0,1.3862943611198906,1.0986122886681098,1.0986122886681098
https://openalex.org/W2936535752,2018,1,3,2,1,1,0,0,0,0,0,0,0,0,1.3862943611198906,1.0986122886681098,0.6931471805599453
https://openalex.org/W2886789485,2018,0,3,0,0,0,0,0,0,0,0,0,1,0,1.3862943611198906,0.0,0.0
https://openalex.org/W2897602677,2018,0,2,1,1,0,0,0,0,0,1,0,1,0,1.0986122886681098,0.6931471805599453,0.6931471805599453
https://openalex.org/W2893347865,2018,0,1,0,0,0,0,0,0,0,0,1,0,0,0.6931471805599453,0.0,0.0
https://openalex.org/W139640668,2018,30,1,0,0,0,0,0,0,0,0,0,0,1,0.6931471805599453,0.0,0.0
https://openalex.org/W2914137423,2018,1,5,3,2,1,1,0,0,1,1,0,0,0,1.791759469228055,1.3862943611198906,1.0986122886681098
https://openalex.org/W2791869175,2018,17,4,1,1,0,0,0,0,0,0,1,1,0,1.6094379124341003,0.6931471805599453,0.6931471805599453
https://openalex.org/W3005602435,2018,0,1,0,0,0,0,0,0,0,0,1,0,0,0.6931471805599453,0.0,0.0
https://openalex.org/W2809317276,2018,0,1,0,0,0,0,0,0,0,0,0,0,0,0.6931471805599453,0.0,0.0
https://openalex.org/W2902568344,2018,3,2,2,1,1,0,0,0,0,0,1,1,0,1.0986122886681098,1.0986122886681098,0.6931471805599453
https://openalex.org/W3159289392,2018,0,2,0,0,0,0,0,0,0,0,0,1,0,1.0986122886681098,0.0,0.0
https://openalex.org/W2800866664,2018,0,7,0,0,0,0,0,0,0,0,0,1,0,2.0794415416798357,0.0,0.0
https://openalex.org/W2891553732,2018,2,2,1,1,0,0,1,0,0,1,0,0,0,1.0986122886681098,0.6931471805599453,0.6931471805599453
https://openalex.org/W2916211474,2018,0,2,0,0,0,0,0,0,0,0,1,1,0,1.0986122886681098,0.0,0.0
https://openalex.org/W2995010031,2018,12,2,0,0,0,0,0,0,0,0,0,1,0,1.0986122886681098,0.0,0.0
https://openalex.org/W2896177516,2018,8,5,1,1,0,0,0,0,0,0,1,1,0,1.791759469228055,0.6931471805599453,0.6931471805599453
https://openalex.org/W3035054077,2018,0,1,0,0,0,0,0,0,0,0,0,1,0,0.6931471805599453,0.0,0.0
https://openalex.org/W2854890751,2018,10,3,1,1,0,0,0,0,0,0,0,0,0,1.3862943611198906,0.6931471805599453,0.6931471805599453
https://openalex.org/W3130067752,2018,0,4,0,0,0,0,0,0,0,0,0,1,0,1.6094379124341003,0.0,0.0
https://openalex.org/W2801724071,2018,13,2,2,2,1,1,0,0,0,0,0,0,0,1.0986122886681098,1.0986122886681098,1.0986122886681098
https://openalex.org/W7134602357,2018,0,1,0,0,0,0,0,0,0,0,0,0,0,0.6931471805599453,0.0,0.0
https://openalex.org/W2905775723,2018,7,3,1,1,0,0,0,0,0,0,1,1,0,1.3862943611198906,0.6931471805599453,0.6931471805599453
https://openalex.org/W3201187958,2018,0,1,0,0,0,0,0,0,0,0,1,1,0,0.6931471805599453,0.0,0.0
https://openalex.org/W2885185643,2018,4,4,1,1,0,0,0,0,0,0,0,0,0,1.6094379124341003,0.6931471805599453,0.6931471805599453
https://openalex.org/W2909959220,2018,1,1,1,1,0,0,0,0,0,0,1,1,0,0.6931471805599453,0.6931471805599453,0.6931471805599453
https://openalex.org/W3216694307,2018,0,3,2,1,1,0,0,0,0,0,0,0,0,1.3862943611198906,1.0986122886681098,0.6931471805599453
https://openalex.org/W2898750776,2018,51,4,0,0,0,0,0,0,0,0,0,0,1,1.6094379124341003,0.0,0.0
https://openalex.org/W2897350331,2018,9,6,3,1,1,0,0,0,0,0,0,0,0,1.9459101490553132,1.3862943611198906,0.6931471805599453
https://openalex.org/W4389655385,2018,0,1,1,1,0,0,0,0,0,0,1,1,0,0.6931471805599453,0.6931471805599453,0.6931471805599453
https://openalex.org/W4302445787,2018,0,1,1,1,0,0,0,0,1,1,1,0,0,0.6931471805599453,0.6931471805599453,0.6931471805599453
https://openalex.org/W2910127645,2018,0,2,0,0,0,0,0,0,0,0,0,1,0,1.0986122886681098,0.0,0.0
https://openalex.org/W2900367442,2018,0,2,0,0,0,0,0,0,0,0,1,1,0,1.0986122886681098,0.0,0.0
https://openalex.org/W2904945543,2018,1,1,1,1,0,0,0,0,0,0,1,1,0,0.6931471805599453,0.6931471805599453,0.6931471805599453
https://openalex.org/W2891724306,2018,18,7,4,3,1,1,0,0,0,0,0,1,0,2.0794415416798357,1.6094379124341003,1.3862943611198906
https://openalex.org/W2883757710,2018,8,3,2,1,1,0,0,0,1,1,1,1,0,1.3862943611198906,1.0986122886681098,0.6931471805599453
https://openalex.org/W3025490511,2018,0,1,0,0,0,0,0,0,0,0,0,0,0,0.6931471805599453,0.0,0.0
https://openalex.org/W3211722917,2018,0,2,0,0,0,0,0,0,0,0,0,0,0,1.0986122886681098,0.0,0.0
https://openalex.org/W2910835801,2018,0,1,0,0,0,0,0,0,0,0,0,1,0,0.6931471805599453,0.0,0.0
https://openalex.org/W2794655348,2018,3,3,0,0,0,0,0,0,0,0,0,1,0,1.3862943611198906,0.0,0.0
https://openalex.org/W2788259854,2018,11,2,0,0,0,0,0,0,0,0,0,1,0,1.0986122886681098,0.0,0.0
https://openalex.org/W4238800733,2018,0,2,1,1,0,0,0,0,0,0,1,1,0,1.0986122886681098,0.6931471805599453,0.6931471805599453
https://openalex.org/W4300515121,2018,0,7,1,1,0,0,0,0,0,0,0,0,0,2.0794415416798357,0.6931471805599453,0.6931471805599453
https://openalex.org/W2999293694,2018,2,2,2,1,1,0,0,0,0,0,1,0,0,1.0986122886681098,1.0986122886681098,0.6931471805599453
https://openalex.org/W2911592982,2018,0,2,0,0,0,0,0,0,0,0,1,1,0,1.0986122886681098,0.0,0.0
https://openalex.org/W3177360967,2018,1,3,0,0,0,0,0,0,0,0,0,0,0,1.3862943611198906,0.0,0.0
https://openalex.org/W2938899839,2018,2,5,1,1,0,0,0,0,0,0,0,0,0,1.791759469228055,0.6931471805599453,0.6931471805599453
https://openalex.org/W2907796338,2018,0,2,1,1,0,0,0,0,0,0,1,1,0,1.0986122886681098,0.6931471805599453,0.6931471805599453
https://openalex.org/W2885753424,2018,28,2,1,1,0,0,0,0,0,0,0,1,1,1.0986122886681098,0.6931471805599453,0.6931471805599453
https://openalex.org/W3158667706,2018,0,1,0,0,0,0,0,0,0,0,0,1,0,0.6931471805599453,0.0,0.0
https://openalex.org/W3108657660,2018,0,1,0,0,0,0,0,0,0,0,0,0,0,0.6931471805599453,0.0,0.0
https://openalex.org/W4401214537,2018,0,1,1,1,0,0,0,0,0,0,1,1,0,0.6931471805599453,0.6931471805599453,0.6931471805599453
https://openalex.org/W2897114348,2018,1,2,1,1,0,0,0,0,0,0,0,1,0,1.0986122886681098,0.6931471805599453,0.6931471805599453
https://openalex.org/W2904068271,2018,0,1,0,0,0,0,0,0,0,0,0,0,0,0.6931471805599453,0.0,0.0
https://openalex.org/W2952801737,2018,1,3,2,1,1,0,0,0,0,0,0,0,0,1.3862943611198906,1.0986122886681098,0.6931471805599453
https://openalex.org/W3036009466,2018,0,1,0,0,0,0,0,0,0,0,0,1,0,0.6931471805599453,0.0,0.0
https://openalex.org/W3084662591,2018,0,1,0,0,0,0,0,0,0,0,0,1,0,0.6931471805599453,0.0,0.0
https://openalex.org/W2790010386,2018,0,1,0,0,0,0,0,0,0,0,0,1,0,0.6931471805599453,0.0,0.0
https://openalex.org/W2801005005,2018,41,1,1,1,0,0,0,0,0,0,0,1,1,0.6931471805599453,0.6931471805599453,0.6931471805599453
https://openalex.org/W2881499558,2018,0,3,1,1,0,0,0,0,0,0,1,1,0,1.3862943611198906,0.6931471805599453,0.6931471805599453
https://openalex.org/W2979462139,2018,0,2,0,0,0,0,0,0,0,0,0,1,0,1.0986122886681098,0.0,0.0
https://openalex.org/W2985474152,2018,0,1,0,0,0,0,0,0,0,0,0,0,0,0.6931471805599453,0.0,0.0
https://openalex.org/W3173152393,2018,0,1,0,0,0,0,0,0,0,0,0,0,0,0.6931471805599453,0.0,0.0
https://openalex.org/W2795600696,2018,0,4,1,1,0,0,0,0,0,0,1,1,0,1.6094379124341003,0.6931471805599453,0.6931471805599453
https://openalex.org/W3000731046,2018,0,2,2,1,1,0,0,0,0,0,1,0,0,1.0986122886681098,1.0986122886681098,0.6931471805599453
https://openalex.org/W2883464819,2018,20,5,3,2,1,1,0,0,0,0,1,1,0,1.791759469228055,1.3862943611198906,1.0986122886681098
https://openalex.org/W3117423672,2018,1,3,3,2,1,1,0,0,1,0,0,0,0,1.3862943611198906,1.3862943611198906,1.0986122886681098
https://openalex.org/W2896228130,2018,13,5,4,2,1,1,0,0,0,0,0,1,0,1.791759469228055,1.6094379124341003,1.0986122886681098
https://openalex.org/W2896976239,2018,4,4,1,1,0,0,0,0,0,0,0,0,0,1.6094379124341003,0.6931471805599453,0.6931471805599453
https://openalex.org/W2965376954,2018,0,4,1,1,0,0,0,0,0,0,0,0,0,1.6094379124341003,0.6931471805599453,0.6931471805599453
https://openalex.org/W2951718734,2018,2,1,0,0,0,0,0,0,0,0,1,0,0,0.6931471805599453,0.0,0.0
https://openalex.org/W2895945715,2018,0,2,1,0,0,0,0,0,0,0,0,1,0,1.0986122886681098,0.6931471805599453,0.0
https://openalex.org/W3023235605,2018,6,2,0,0,0,0,0,0,0,0,1,1,0,1.0986122886681098,0.0,0.0
https://openalex.org/W2947622457,2018,1,2,0,0,0,0,0,0,0,0,0,1,0,1.0986122886681098,0.0,0.0
https://openalex.org/W2892794928,2018,0,1,0,0,0,0,0,0,0,0,0,0,0,0.6931471805599453,0.0,0.0
https://openalex.org/W2920577384,2018,5,3,1,1,0,0,0,0,0,0,0,0,0,1.3862943611198906,0.6931471805599453,0.6931471805599453
https://openalex.org/W2945962224,2018,0,3,0,0,0,0,0,0,0,0,1,1,0,1.3862943611198906,0.0,0.0
https://openalex.org/W2903660735,2018,3,3,1,1,0,0,0,0,0,0,0,0,0,1.3862943611198906,0.6931471805599453,0.6931471805599453
https://openalex.org/W2907629500,2018,1,2,1,1,0,0,0,0,0,0,1,1,0,1.0986122886681098,0.6931471805599453,0.6931471805599453
https://openalex.org/W2907526624,2018,16,5,1,1,0,0,0,0,0,0,0,0,0,1.791759469228055,0.6931471805599453,0.6931471805599453
https://openalex.org/W2810326154,2018,0,2,0,0,0,0,0,0,0,0,0,0,0,1.0986122886681098,0.0,0.0
https://openalex.org/W3131986409,2018,1,2,0,0,0,0,0,0,0,0,0,0,0,1.0986122886681098,0.0,0.0
https://openalex.org/W2914408769,2018,0,1,0,0,0,0,0,0,0,0,1,1,0,0.6931471805599453,0.0,0.0
https://openalex.org/W2891256577,2018,2,3,1,1,0,0,0,0,0,0,1,1,0,1.3862943611198906,0.6931471805599453,0.6931471805599453
https://openalex.org/W2813613744,2018,7,2,1,1,0,0,0,1,0,0,0,0,0,1.0986122886681098,0.6931471805599453,0.6931471805599453
https://openalex.org/W2900112489,2018,13,5,1,1,0,0,0,0,0,0,0,1,0,1.791759469228055,0.6931471805599453,0.6931471805599453
https://openalex.org/W3143007453,2018,0,1,1,0,0,0,0,0,0,0,0,1,0,0.6931471805599453,0.6931471805599453,0.0
https://openalex.org/W2809404305,2018,0,1,2,1,1,0,0,0,0,0,1,1,0,0.6931471805599453,1.0986122886681098,0.6931471805599453
https://openalex.org/W2942260724,2018,9,4,1,1,0,0,0,0,0,0,0,0,0,1.6094379124341003,0.6931471805599453,0.6931471805599453
https://openalex.org/W3214256286,2018,0,3,0,0,0,0,0,0,0,0,0,1,0,1.3862943611198906,0.0,0.0
https://openalex.org/W2796238456,2018,111,5,1,1,0,0,0,0,0,0,0,1,1,1.791759469228055,0.6931471805599453,0.6931471805599453
https://openalex.org/W2944638455,2018,53,2,0,0,0,0,0,0,0,0,0,0,1,1.0986122886681098,0.0,0.0
https://openalex.org/W2903226669,2018,3,2,1,1,0,0,1,1,0,1,0,1,0,1.0986122886681098,0.6931471805599453,0.6931471805599453
https://openalex.org/W2810441617,2018,3,4,2,1,1,0,0,0,0,0,1,0,0,1.6094379124341003,1.0986122886681098,0.6931471805599453
https://openalex.org/W2905908424,2018,15,6,1,1,0,0,0,0,0,0,1,1,0,1.9459101490553132,0.6931471805599453,0.6931471805599453
https://openalex.org/W2888468463,2018,55,2,2,1,1,0,0,0,0,0,0,1,1,1.0986122886681098,1.0986122886681098,0.6931471805599453
https://openalex.org/W2897085575,2018,30,2,1,1,0,0,0,0,0,0,0,1,1,1.0986122886681098,0.6931471805599453,0.6931471805599453
https://openalex.org/W3196309189,2018,0,3,0,0,0,0,0,0,0,0,0,0,0,1.3862943611198906,0.0,0.0
https://openalex.org/W2904637151,2018,6,3,1,1,0,0,0,0,0,0,0,0,0,1.3862943611198906,0.6931471805599453,0.6931471805599453
https://openalex.org/W2802636301,2018,4,4,3,3,1,1,0,0,0,0,0,1,0,1.6094379124341003,1.3862943611198906,1.3862943611198906
https://openalex.org/W2896935552,2018,32,5,2,2,1,1,0,0,0,0,0,1,1,1.791759469228055,1.0986122886681098,1.0986122886681098
https://openalex.org/W2891343441,2018,0,3,2,2,1,1,0,0,0,1,0,0,0,1.3862943611198906,1.0986122886681098,1.0986122886681098
https://openalex.org/W2923624858,2018,1,2,0,0,0,0,0,0,0,0,1,1,0,1.0986122886681098,0.0,0.0
https://openalex.org/W3030265322,2018,0,6,0,0,0,0,0,0,0,0,0,1,0,1.9459101490553132,0.0,0.0
https://openalex.org/W2793389417,2018,150,1,1,1,0,0,0,0,0,0,0,1,1,0.6931471805599453,0.6931471805599453,0.6931471805599453
https://openalex.org/W2790998277,2018,7,6,3,2,1,1,1,0,0,1,0,0,0,1.9459101490553132,1.3862943611198906,1.0986122886681098
https://openalex.org/W2886225182,2018,1,4,0,0,0,0,0,0,0,0,1,0,0,1.6094379124341003,0.0,0.0
https://openalex.org/W2889361115,2018,6,5,2,2,1,1,0,0,0,0,0,0,0,1.791759469228055,1.0986122886681098,1.0986122886681098
https://openalex.org/W2794937384,2018,0,1,0,0,0,0,0,0,0,0,1,1,0,0.6931471805599453,0.0,0.0
https://openalex.org/W2885259833,2018,4,3,1,1,0,0,0,1,0,0,0,0,0,1.3862943611198906,0.6931471805599453,0.6931471805599453
https://openalex.org/W2889072799,2018,0,5,1,1,0,0,0,0,0,0,1,1,0,1.791759469228055,0.6931471805599453,0.6931471805599453
https://openalex.org/W2967219459,2018,0,4,0,0,0,0,0,0,0,0,1,1,0,1.6094379124341003,0.0,0.0
https://openalex.org/W2900728126,2018,3,3,2,1,1,0,0,0,0,0,0,1,0,1.3862943611198906,1.0986122886681098,0.6931471805599453
https://openalex.org/W3088254407,2018,0,1,0,0,0,0,0,0,0,0,0,0,0,0.6931471805599453,0.0,0.0
https://openalex.org/W2900525830,2018,4,2,1,1,0,0,0,0,0,0,1,1,0,1.0986122886681098,0.6931471805599453,0.6931471805599453
https://openalex.org/W2787989643,2018,4,4,2,1,1,0,0,0,0,1,0,0,0,1.6094379124341003,1.0986122886681098,0.6931471805599453
https://openalex.org/W2913984507,2018,0,2,1,1,0,0,0,0,0,0,1,1,0,1.0986122886681098,0.6931471805599453,0.6931471805599453
https://openalex.org/W3159861197,2018,0,2,0,0,0,0,0,0,0,0,1,0,0,1.0986122886681098,0.0,0.0
https://openalex.org/W2955299001,2018,0,1,1,1,0,0,0,0,0,0,1,0,0,0.6931471805599453,0.6931471805599453,0.6931471805599453
https://openalex.org/W2894163697,2018,8,2,1,1,0,0,0,0,0,0,1,1,0,1.0986122886681098,0.6931471805599453,0.6931471805599453
https://openalex.org/W2767081344,2018,7,2,3,1,1,0,0,1,0,0,1,1,0,1.0986122886681098,1.3862943611198906,0.6931471805599453
https://openalex.org/W2963256845,2018,7,2,3,2,1,1,0,0,0,1,0,1,0,1.0986122886681098,1.3862943611198906,1.0986122886681098
https://openalex.org/W2944165984,2018,2,4,1,1,0,0,0,0,1,0,0,0,0,1.6094379124341003,0.6931471805599453,0.6931471805599453
https://openalex.org/W2808631100,2018,47,6,2,1,1,0,0,1,0,0,1,0,1,1.9459101490553132,1.0986122886681098,0.6931471805599453
https://openalex.org/W2795603651,2018,2,4,3,1,1,0,0,0,0,0,0,1,0,1.6094379124341003,1.3862943611198906,0.6931471805599453
https://openalex.org/W2799629507,2018,8,3,3,1,1,0,0,0,0,0,0,1,0,1.3862943611198906,1.3862943611198906,0.6931471805599453
https://openalex.org/W2906311039,2018,0,9,1,1,0,0,0,0,0,0,0,0,0,2.302585092994046,0.6931471805599453,0.6931471805599453
https://openalex.org/W2945958423,2018,4,3,1,1,0,0,0,0,0,0,0,0,0,1.3862943611198906,0.6931471805599453,0.6931471805599453
https://openalex.org/W2904796793,2018,2,6,1,1,0,0,0,0,0,0,0,1,0,1.9459101490553132,0.6931471805599453,0.6931471805599453
https://openalex.org/W2908462121,2018,4,2,1,1,0,0,0,0,0,0,1,1,0,1.0986122886681098,0.6931471805599453,0.6931471805599453
https://openalex.org/W2902343954,2018,22,2,1,1,0,0,0,0,0,1,1,1,0,1.0986122886681098,0.6931471805599453,0.6931471805599453
https://openalex.org/W2997812843,2018,0,2,0,0,0,0,0,0,0,0,0,1,0,1.0986122886681098,0.0,0.0
https://openalex.org/W7135296695,2018,0,1,0,0,0,0,0,0,0,0,0,0,0,0.6931471805599453,0.0,0.0
https://openalex.org/W2788558687,2018,9,2,1,1,0,0,0,0,0,0,0,1,0,1.0986122886681098,0.6931471805599453,0.6931471805599453
https://openalex.org/W2906176598,2018,0,2,0,0,0,0,0,0,0,0,0,1,0,1.0986122886681098,0.0,0.0
https://openalex.org/W2912176009,2018,2,3,0,0,0,0,0,0,0,0,0,1,0,1.3862943611198906,0.0,0.0
https://openalex.org/W2912496208,2018,0,1,1,1,0,0,0,0,0,0,1,1,0,0.6931471805599453,0.6931471805599453,0.6931471805599453
https://openalex.org/W2793020147,2018,2,1,1,1,0,0,0,0,0,0,0,1,0,0.6931471805599453,0.6931471805599453,0.6931471805599453
https://openalex.org/W2895998545,2018,0,4,1,1,0,0,0,0,0,0,0,0,0,1.6094379124341003,0.6931471805599453,0.6931471805599453
https://openalex.org/W2950591292,2018,0,3,1,1,0,0,0,0,0,0,1,1,0,1.3862943611198906,0.6931471805599453,0.6931471805599453
https://openalex.org/W1933925877,2018,0,1,0,0,0,0,0,0,0,0,0,0,0,0.6931471805599453,0.0,0.0
https://openalex.org/W2943136507,2018,0,1,0,0,0,0,0,0,0,0,0,1,0,0.6931471805599453,0.0,0.0
https://openalex.org/W2909673281,2018,0,4,2,2,1,1,0,0,0,1,0,0,0,1.6094379124341003,1.0986122886681098,1.0986122886681098
https://openalex.org/W2889240650,2018,0,2,0,0,0,0,0,0,0,0,0,0,0,1.0986122886681098,0.0,0.0
https://openalex.org/W4234546566,2018,0,1,0,0,0,0,0,0,0,0,0,1,0,0.6931471805599453,0.0,0.0
https://openalex.org/W3137785408,2018,0,1,1,1,0,0,0,0,0,0,0,1,0,0.6931471805599453,0.6931471805599453,0.6931471805599453
https://openalex.org/W2885594079,2018,0,1,0,0,0,0,0,0,0,0,0,1,0,0.6931471805599453,0.0,0.0
https://openalex.org/W2889483462,2018,3,2,1,1,0,0,0,0,0,0,0,1,0,1.0986122886681098,0.6931471805599453,0.6931471805599453
https://openalex.org/W2906138686,2018,0,1,0,0,0,0,0,0,0,0,0,1,0,0.6931471805599453,0.0,0.0
https://openalex.org/W2898871284,2018,11,2,2,1,1,0,0,0,1,0,0,0,0,1.0986122886681098,1.0986122886681098,0.6931471805599453
https://openalex.org/W2908345384,2018,0,1,0,0,0,0,0,0,0,0,0,0,0,0.6931471805599453,0.0,0.0
https://openalex.org/W2905628336,2018,356,5,5,4,1,1,0,0,1,0,0,1,1,1.791759469228055,1.791759469228055,1.6094379124341003
https://openalex.org/W3179966512,2018,0,2,0,0,0,0,0,0,0,0,0,1,0,1.0986122886681098,0.0,0.0
https://openalex.org/W3205710680,2018,0,1,0,0,0,0,0,0,0,0,0,0,0,0.6931471805599453,0.0,0.0
https://openalex.org/W7124371612,2018,0,2,0,0,0,0,0,0,0,0,1,1,0,1.0986122886681098,0.0,0.0
https://openalex.org/W2912183246,2018,4,3,2,1,1,0,0,0,0,0,0,0,0,1.3862943611198906,1.0986122886681098,0.6931471805599453
https://openalex.org/W2896577214,2018,12,1,0,0,0,0,0,0,0,0,1,1,0,0.6931471805599453,0.0,0.0
https://openalex.org/W2906947477,2018,3,1,1,1,0,0,0,0,0,0,1,1,0,0.6931471805599453,0.6931471805599453,0.6931471805599453
https://openalex.org/W2809037591,2018,80,1,2,2,1,1,0,0,0,0,1,1,1,0.6931471805599453,1.0986122886681098,1.0986122886681098
https://openalex.org/W2911085161,2018,1,1,1,1,0,0,0,0,0,0,1,1,0,0.6931471805599453,0.6931471805599453,0.6931471805599453
https://openalex.org/W2889419115,2018,25,7,4,1,1,0,0,0,1,0,0,1,1,2.0794415416798357,1.6094379124341003,0.6931471805599453
https://openalex.org/W2964256597,2018,0,1,0,0,0,0,0,0,0,0,1,1,0,0.6931471805599453,0.0,0.0
https://openalex.org/W2980338351,2018,1,7,0,0,0,0,0,0,0,0,0,1,0,2.0794415416798357,0.0,0.0
https://openalex.org/W2897779970,2018,60,3,1,1,0,0,0,0,0,0,0,0,1,1.3862943611198906,0.6931471805599453,0.6931471805599453
https://openalex.org/W2792958874,2018,6,3,1,1,0,0,0,0,0,0,0,0,0,1.3862943611198906,0.6931471805599453,0.6931471805599453
https://openalex.org/W2891066645,2018,2,1,1,1,0,0,0,0,0,0,0,1,0,0.6931471805599453,0.6931471805599453,0.6931471805599453
https://openalex.org/W2904638636,2018,0,4,2,1,1,0,0,0,0,0,0,0,0,1.6094379124341003,1.0986122886681098,0.6931471805599453
https://openalex.org/W2887365669,2018,0,2,0,0,0,0,0,0,0,0,0,1,0,1.0986122886681098,0.0,0.0
https://openalex.org/W2810844533,2018,1,2,1,1,0,0,0,0,0,0,0,0,0,1.0986122886681098,0.6931471805599453,0.6931471805599453
https://openalex.org/W2889368638,2018,4,2,0,0,0,0,0,0,0,0,0,1,0,1.0986122886681098,0.0,0.0
https://openalex.org/W2887102659,2018,34,5,1,1,0,0,0,0,0,0,0,0,1,1.791759469228055,0.6931471805599453,0.6931471805599453
https://openalex.org/W2898936434,2018,147,7,5,2,1,1,0,0,0,0,0,1,1,2.0794415416798357,1.791759469228055,1.0986122886681098
https://openalex.org/W3126609504,2018,1,5,0,0,0,0,0,0,0,0,0,0,0,1.791759469228055,0.0,0.0
https://openalex.org/W2934967636,2018,0,2,0,0,0,0,0,0,0,0,0,1,0,1.0986122886681098,0.0,0.0
https://openalex.org/W2900987554,2018,3,9,1,1,0,0,0,0,0,0,0,0,0,2.302585092994046,0.6931471805599453,0.6931471805599453
https://openalex.org/W2789426727,2018,59,2,1,1,0,0,0,0,0,0,0,1,1,1.0986122886681098,0.6931471805599453,0.6931471805599453
https://openalex.org/W3093985408,2018,0,3,1,1,0,0,0,0,0,0,0,0,0,1.3862943611198906,0.6931471805599453,0.6931471805599453
https://openalex.org/W2885352776,2018,0,3,0,0,0,0,0,0,0,0,0,1,0,1.3862943611198906,0.0,0.0
https://openalex.org/W2901463323,2018,1,3,0,0,0,0,0,0,0,0,0,0,0,1.3862943611198906,0.0,0.0
https://openalex.org/W2884125432,2018,0,4,1,1,0,0,0,0,0,0,0,0,0,1.6094379124341003,0.6931471805599453,0.6931471805599453
https://openalex.org/W2795839199,2018,16,3,3,2,1,1,0,0,0,1,0,1,0,1.3862943611198906,1.3862943611198906,1.0986122886681098
https://openalex.org/W2888971178,2018,10,3,1,1,0,0,1,0,0,1,0,0,0,1.3862943611198906,0.6931471805599453,0.6931471805599453
https://openalex.org/W2789322388,2018,78,9,4,2,1,1,0,0,0,0,0,1,1,2.302585092994046,1.6094379124341003,1.0986122886681098
https://openalex.org/W2790713528,2018,6,1,2,2,1,1,0,0,0,1,0,1,0,0.6931471805599453,1.0986122886681098,1.0986122886681098
https://openalex.org/W2885985625,2018,0,1,0,0,0,0,0,0,0,0,1,0,0,0.6931471805599453,0.0,0.0
https://openalex.org/W2933691466,2018,5,1,0,0,0,0,0,0,0,0,1,0,0,0.6931471805599453,0.0,0.0
https://openalex.org/W3194979755,2018,0,2,0,0,0,0,0,0,0,0,0,0,0,1.0986122886681098,0.0,0.0
https://openalex.org/W2951415398,2018,10,1,1,1,0,0,1,0,0,1,1,0,0,0.6931471805599453,0.6931471805599453,0.6931471805599453
https://openalex.org/W2899491899,2018,0,3,1,1,0,0,0,0,0,0,1,1,0,1.3862943611198906,0.6931471805599453,0.6931471805599453
https://openalex.org/W2919062498,2018,2,4,2,1,1,0,0,0,0,0,1,1,0,1.6094379124341003,1.0986122886681098,0.6931471805599453
https://openalex.org/W2801206480,2018,2,5,0,0,0,0,0,0,0,0,0,0,0,1.791759469228055,0.0,0.0
https://openalex.org/W2952200536,2018,0,1,0,0,0,0,0,0,0,0,0,1,0,0.6931471805599453,0.0,0.0
https://openalex.org/W2886361067,2018,11,8,4,1,1,0,0,0,0,0,0,1,0,2.1972245773362196,1.6094379124341003,0.6931471805599453
https://openalex.org/W3085415581,2018,0,1,0,0,0,0,0,0,0,0,1,0,0,0.6931471805599453,0.0,0.0
https://openalex.org/W2948298630,2018,17,2,1,1,0,0,0,0,0,0,1,1,0,1.0986122886681098,0.6931471805599453,0.6931471805599453
https://openalex.org/W2802731921,2018,0,1,0,0,0,0,0,0,0,0,0,0,0,0.6931471805599453,0.0,0.0
https://openalex.org/W3110703231,2018,0,8,0,0,0,0,0,0,0,0,0,1,0,2.1972245773362196,0.0,0.0
https://openalex.org/W2897462467,2018,9,8,2,1,1,0,0,0,0,0,0,0,0,2.1972245773362196,1.0986122886681098,0.6931471805599453
https://openalex.org/W2400130571,2018,0,4,2,2,1,1,0,0,0,1,1,1,0,1.6094379124341003,1.0986122886681098,1.0986122886681098
https://openalex.org/W2899890770,2018,2,2,2,1,1,0,0,0,1,0,0,0,0,1.0986122886681098,1.0986122886681098,0.6931471805599453
https://openalex.org/W3082381104,2018,0,3,0,0,0,0,0,0,0,0,0,0,0,1.3862943611198906,0.0,0.0
https://openalex.org/W2998800323,2018,0,1,0,0,0,0,0,0,0,0,1,1,0,0.6931471805599453,0.0,0.0
https://openalex.org/W2898875018,2018,0,5,0,0,0,0,0,0,0,0,0,1,0,1.791759469228055,0.0,0.0
https://openalex.org/W3195392548,2018,0,1,0,0,0,0,0,0,0,0,1,0,0,0.6931471805599453,0.0,0.0
https://openalex.org/W2898251349,2018,98,2,1,1,0,0,0,0,0,0,0,1,1,1.0986122886681098,0.6931471805599453,0.6931471805599453
https://openalex.org/W3028310878,2018,0,4,3,2,1,1,1,0,0,1,0,0,0,1.6094379124341003,1.3862943611198906,1.0986122886681098
https://openalex.org/W2909540945,2018,0,3,0,0,0,0,0,0,0,0,0,0,0,1.3862943611198906,0.0,0.0
https://openalex.org/W3046657495,2018,0,1,0,0,0,0,0,0,0,0,0,0,0,0.6931471805599453,0.0,0.0
https://openalex.org/W2897267945,2018,2,4,0,0,0,0,0,0,0,0,1,1,0,1.6094379124341003,0.0,0.0
https://openalex.org/W2915560933,2018,1,2,0,0,0,0,0,0,0,0,0,1,0,1.0986122886681098,0.0,0.0
https://openalex.org/W2781941886,2018,0,1,0,0,0,0,0,0,0,0,0,0,0,0.6931471805599453,0.0,0.0
https://openalex.org/W2889329275,2018,37,4,1,1,0,0,0,0,0,0,0,1,1,1.6094379124341003,0.6931471805599453,0.6931471805599453
https://openalex.org/W2949464188,2018,0,1,0,0,0,0,0,0,0,0,0,0,0,0.6931471805599453,0.0,0.0
https://openalex.org/W3012049616,2018,0,1,0,0,0,0,0,0,0,0,0,1,0,0.6931471805599453,0.0,0.0
https://openalex.org/W2793537151,2018,12,3,2,2,1,1,0,0,0,0,0,1,0,1.3862943611198906,1.0986122886681098,1.0986122886681098
https://openalex.org/W2901811173,2018,0,1,1,1,0,0,0,0,0,0,1,0,0,0.6931471805599453,0.6931471805599453,0.6931471805599453
https://openalex.org/W2914727454,2018,14,4,1,1,0,0,0,0,0,1,0,0,0,1.6094379124341003,0.6931471805599453,0.6931471805599453
https://openalex.org/W2810698329,2018,0,4,0,0,0,0,0,0,0,0,1,1,0,1.6094379124341003,0.0,0.0
https://openalex.org/W2914980361,2018,7,9,1,1,0,0,0,0,0,1,0,1,0,2.302585092994046,0.6931471805599453,0.6931471805599453
https://openalex.org/W2897044390,2018,0,1,0,0,0,0,0,0,0,0,0,0,0,0.6931471805599453,0.0,0.0
https://openalex.org/W3212687514,2018,1,1,1,1,0,0,0,0,0,0,0,0,0,0.6931471805599453,0.6931471805599453,0.6931471805599453
https://openalex.org/W2913387839,2018,6,2,2,1,1,0,0,0,0,0,0,0,0,1.0986122886681098,1.0986122886681098,0.6931471805599453
https://openalex.org/W2952327860,2018,0,1,1,1,0,0,0,0,0,0,0,0,0,0.6931471805599453,0.6931471805599453,0.6931471805599453
https://openalex.org/W2942879304,2018,0,1,1,1,0,0,0,0,0,0,1,1,0,0.6931471805599453,0.6931471805599453,0.6931471805599453
https://openalex.org/W2936137930,2018,0,1,0,0,0,0,0,0,0,0,0,0,0,0.6931471805599453,0.0,0.0
https://openalex.org/W2906644324,2018,4,3,1,1,0,0,0,0,0,0,0,1,0,1.3862943611198906,0.6931471805599453,0.6931471805599453
https://openalex.org/W7134700053,2018,0,2,0,0,0,0,0,0,0,0,1,0,0,1.0986122886681098,0.0,0.0
https://openalex.org/W2807625234,2018,0,2,0,0,0,0,0,0,0,0,0,1,0,1.0986122886681098,0.0,0.0
https://openalex.org/W2889113570,2018,3,6,2,1,1,0,0,0,0,1,0,0,0,1.9459101490553132,1.0986122886681098,0.6931471805599453
https://openalex.org/W3034580493,2018,0,1,0,0,0,0,0,0,0,0,1,1,0,0.6931471805599453,0.0,0.0
https://openalex.org/W2941392300,2018,0,1,0,0,0,0,0,0,0,0,1,1,0,0.6931471805599453,0.0,0.0
https://openalex.org/W2911367925,2018,1,2,2,1,1,0,0,0,0,0,1,1,0,1.0986122886681098,1.0986122886681098,0.6931471805599453
https://openalex.org/W2963711107,2018,1,2,2,1,1,0,0,0,0,1,0,1,0,1.0986122886681098,1.0986122886681098,0.6931471805599453
https://openalex.org/W2806803895,2018,0,3,4,2,1,1,1,0,1,1,0,0,0,1.3862943611198906,1.6094379124341003,1.0986122886681098
https://openalex.org/W2897625161,2018,185,5,2,2,1,1,1,0,0,1,0,1,1,1.791759469228055,1.0986122886681098,1.0986122886681098
https://openalex.org/W2906207704,2018,0,2,0,0,0,0,0,0,0,0,0,1,0,1.0986122886681098,0.0,0.0
https://openalex.org/W2896993334,2018,0,4,3,2,1,1,0,1,1,0,0,0,0,1.6094379124341003,1.3862943611198906,1.0986122886681098
https://openalex.org/W2906490042,2018,5,3,1,1,0,0,0,0,0,0,0,1,0,1.3862943611198906,0.6931471805599453,0.6931471805599453
https://openalex.org/W3088496584,2018,0,2,0,0,0,0,0,0,0,0,1,0,0,1.0986122886681098,0.0,0.0
https://openalex.org/W2905476928,2018,5,4,0,0,0,0,0,0,0,0,1,1,0,1.6094379124341003,0.0,0.0
https://openalex.org/W2904104352,2018,1,3,1,1,0,0,0,0,0,0,0,0,0,1.3862943611198906,0.6931471805599453,0.6931471805599453
https://openalex.org/W2808770166,2018,0,3,0,0,0,0,0,0,0,0,0,0,0,1.3862943611198906,0.0,0.0
https://openalex.org/W2807568694,2018,8,2,1,1,0,0,0,0,0,0,1,1,0,1.0986122886681098,0.6931471805599453,0.6931471805599453
https://openalex.org/W2964227899,2018,58,7,0,0,0,0,0,0,0,0,1,0,1,2.0794415416798357,0.0,0.0
https://openalex.org/W2920404796,2018,0,2,0,0,0,0,0,0,0,0,0,0,0,1.0986122886681098,0.0,0.0
https://openalex.org/W2884989059,2018,14,4,1,1,0,0,0,0,0,0,0,0,0,1.6094379124341003,0.6931471805599453,0.6931471805599453
https://openalex.org/W2898686227,2018,97,3,3,3,1,1,0,0,0,0,0,1,1,1.3862943611198906,1.3862943611198906,1.3862943611198906
https://openalex.org/W2915192017,2018,0,2,1,1,0,0,0,0,0,0,0,0,0,1.0986122886681098,0.6931471805599453,0.6931471805599453
https://openalex.org/W2884548876,2018,1,1,1,1,0,0,0,0,0,0,1,0,0,0.6931471805599453,0.6931471805599453,0.6931471805599453
https://openalex.org/W2898038599,2018,22,2,1,1,0,0,0,0,0,0,0,1,0,1.0986122886681098,0.6931471805599453,0.6931471805599453
https://openalex.org/W2942413804,2018,0,2,0,0,0,0,0,0,0,0,0,1,0,1.0986122886681098,0.0,0.0
https://openalex.org/W2884675247,2018,3,4,1,1,0,0,0,0,0,0,0,0,0,1.6094379124341003,0.6931471805599453,0.6931471805599453
https://openalex.org/W2806609098,2018,14,3,1,1,0,0,0,0,0,0,1,0,0,1.3862943611198906,0.6931471805599453,0.6931471805599453
https://openalex.org/W2800885265,2018,4,3,1,1,0,0,0,0,0,0,0,1,0,1.3862943611198906,0.6931471805599453,0.6931471805599453
https://openalex.org/W2892147772,2018,0,1,0,0,0,0,0,0,0,0,1,0,0,0.6931471805599453,0.0,0.0
https://openalex.org/W2803820726,2018,0,2,0,0,0,0,0,0,0,0,0,0,0,1.0986122886681098,0.0,0.0
https://openalex.org/W2794398670,2018,2,5,4,1,1,0,0,0,0,1,1,1,0,1.791759469228055,1.6094379124341003,0.6931471805599453
https://openalex.org/W2792312609,2018,65,6,4,1,1,0,1,1,0,0,0,1,1,1.9459101490553132,1.6094379124341003,0.6931471805599453
https://openalex.org/W2883114446,2018,12,2,2,2,1,1,0,0,0,0,0,1,0,1.0986122886681098,1.0986122886681098,1.0986122886681098
https://openalex.org/W2795433384,2018,7,2,2,2,1,1,1,1,0,1,1,0,0,1.0986122886681098,1.0986122886681098,1.0986122886681098
https://openalex.org/W2918483108,2018,0,1,0,0,0,0,0,0,0,0,0,1,0,0.6931471805599453,0.0,0.0
https://openalex.org/W2856803725,2018,1,1,0,0,0,0,0,0,0,0,0,0,0,0.6931471805599453,0.0,0.0
https://openalex.org/W2911372436,2018,1,5,0,0,0,0,0,0,0,0,1,0,0,1.791759469228055,0.0,0.0
https://openalex.org/W2804188064,2018,38,2,1,1,0,0,0,0,0,0,0,1,1,1.0986122886681098,0.6931471805599453,0.6931471805599453
https://openalex.org/W2795666339,2018,0,1,1,1,0,0,0,0,0,0,1,0,0,0.6931471805599453,0.6931471805599453,0.6931471805599453
https://openalex.org/W4409846870,2018,0,1,0,0,0,0,0,0,0,0,1,1,0,0.6931471805599453,0.0,0.0
https://openalex.org/W2806879889,2018,6,2,2,2,1,1,0,0,0,0,0,1,0,1.0986122886681098,1.0986122886681098,1.0986122886681098
https://openalex.org/W2912646346,2018,0,1,1,1,0,0,0,0,0,1,0,1,0,0.6931471805599453,0.6931471805599453,0.6931471805599453
https://openalex.org/W2933944474,2018,0,4,0,0,0,0,0,0,0,0,0,1,0,1.6094379124341003,0.0,0.0
https://openalex.org/W3021493355,2018,0,1,0,0,0,0,0,0,0,0,1,1,0,0.6931471805599453,0.0,0.0
https://openalex.org/W2948868819,2018,0,1,0,0,0,0,0,0,0,0,1,0,0,0.6931471805599453,0.0,0.0
https://openalex.org/W2891723805,2018,0,1,0,0,0,0,0,0,0,0,1,1,0,0.6931471805599453,0.0,0.0
https://openalex.org/W2805583343,2018,7,4,1,1,0,0,0,0,0,0,1,1,0,1.6094379124341003,0.6931471805599453,0.6931471805599453
https://openalex.org/W2897474720,2018,28,4,0,0,0,0,0,0,0,0,1,0,1,1.6094379124341003,0.0,0.0
https://openalex.org/W2788709627,2018,4,5,2,1,1,0,0,0,0,0,1,0,0,1.791759469228055,1.0986122886681098,0.6931471805599453
https://openalex.org/W2799785915,2018,0,1,1,1,0,0,0,0,0,0,1,1,0,0.6931471805599453,0.6931471805599453,0.6931471805599453
https://openalex.org/W2918943568,2018,2,1,0,0,0,0,0,0,0,0,0,0,0,0.6931471805599453,0.0,0.0
https://openalex.org/W2890640231,2018,4,3,1,1,0,0,0,0,0,0,1,1,0,1.3862943611198906,0.6931471805599453,0.6931471805599453
https://openalex.org/W2744910437,2018,9,3,3,2,1,1,0,0,0,0,1,0,0,1.3862943611198906,1.3862943611198906,1.0986122886681098
https://openalex.org/W2790607246,2018,0,1,1,1,0,0,0,0,0,0,0,1,0,0.6931471805599453,0.6931471805599453,0.6931471805599453
https://openalex.org/W2894206840,2018,1,4,2,1,1,0,0,0,0,0,0,1,0,1.6094379124341003,1.0986122886681098,0.6931471805599453
https://openalex.org/W4289362177,2018,0,3,2,2,1,1,0,0,1,0,1,0,0,1.3862943611198906,1.0986122886681098,1.0986122886681098
https://openalex.org/W2798082153,2018,6,3,3,2,1,1,0,0,0,0,1,1,0,1.3862943611198906,1.3862943611198906,1.0986122886681098
https://openalex.org/W3043252343,2018,0,2,0,0,0,0,0,0,0,0,0,1,0,1.0986122886681098,0.0,0.0
https://openalex.org/W3013952251,2018,13,4,1,1,0,0,0,0,0,0,0,0,0,1.6094379124341003,0.6931471805599453,0.6931471805599453
https://openalex.org/W2943436468,2018,0,5,0,0,0,0,0,0,0,0,0,1,0,1.791759469228055,0.0,0.0
https://openalex.org/W3201403590,2018,0,2,0,0,0,0,0,0,0,0,0,0,0,1.0986122886681098,0.0,0.0
https://openalex.org/W3004444227,2018,0,3,1,1,0,0,0,0,0,0,1,1,0,1.3862943611198906,0.6931471805599453,0.6931471805599453
https://openalex.org/W2789311007,2018,4,2,1,1,0,0,0,0,0,0,0,1,0,1.0986122886681098,0.6931471805599453,0.6931471805599453
https://openalex.org/W2923929107,2018,0,2,0,0,0,0,0,0,0,0,0,0,0,1.0986122886681098,0.0,0.0
https://openalex.org/W4243165616,2018,0,2,1,1,0,0,0,0,0,0,1,1,0,1.0986122886681098,0.6931471805599453,0.6931471805599453
https://openalex.org/W2896539499,2018,0,1,0,0,0,0,0,0,0,0,1,1,0,0.6931471805599453,0.0,0.0
https://openalex.org/W2795749665,2018,4,6,1,1,0,0,0,0,0,1,0,1,0,1.9459101490553132,0.6931471805599453,0.6931471805599453
https://openalex.org/W2906094868,2018,0,1,0,0,0,0,0,0,0,0,0,0,0,0.6931471805599453,0.0,0.0
https://openalex.org/W2899972320,2018,0,2,0,0,0,0,0,0,0,0,0,0,0,1.0986122886681098,0.0,0.0
https://openalex.org/W2787539516,2018,0,1,0,0,0,0,0,0,0,0,0,0,0,0.6931471805599453,0.0,0.0
https://openalex.org/W2788089218,2018,2,2,4,1,1,0,0,0,0,0,1,1,0,1.0986122886681098,1.6094379124341003,0.6931471805599453
https://openalex.org/W4405730677,2018,0,1,0,0,0,0,0,0,0,0,1,1,0,0.6931471805599453,0.0,0.0
https://openalex.org/W2922176071,2018,0,1,0,0,0,0,0,0,0,0,0,0,0,0.6931471805599453,0.0,0.0
https://openalex.org/W2775235425,2018,0,2,5,3,1,1,0,1,1,1,1,1,0,1.0986122886681098,1.791759469228055,1.3862943611198906
https://openalex.org/W2982555731,2018,0,1,0,0,0,0,0,0,0,0,1,1,0,0.6931471805599453,0.0,0.0
https://openalex.org/W2911244802,2018,1,1,0,0,0,0,0,0,0,0,1,1,0,0.6931471805599453,0.0,0.0
https://openalex.org/W7112104821,2018,0,2,0,0,0,0,0,0,0,0,1,1,0,1.0986122886681098,0.0,0.0
https://openalex.org/W2805681316,2018,8,1,1,1,0,0,0,0,0,0,0,0,0,0.6931471805599453,0.6931471805599453,0.6931471805599453
https://openalex.org/W2786119764,2018,18,3,5,4,1,1,0,0,1,0,0,1,0,1.3862943611198906,1.791759469228055,1.6094379124341003
https://openalex.org/W2791968704,2018,3,1,0,0,0,0,0,0,0,0,0,1,0,0.6931471805599453,0.0,0.0
https://openalex.org/W2963382955,2018,1,4,1,1,0,0,0,0,0,0,1,0,0,1.6094379124341003,0.6931471805599453,0.6931471805599453
https://openalex.org/W2902141883,2018,2,8,3,2,1,1,0,1,1,0,0,0,0,2.1972245773362196,1.3862943611198906,1.0986122886681098
https://openalex.org/W2800807485,2018,7,2,3,1,1,0,0,0,0,0,0,1,0,1.0986122886681098,1.3862943611198906,0.6931471805599453
https://openalex.org/W2889886562,2018,26,5,9,1,1,0,0,0,1,0,0,1,1,1.791759469228055,2.302585092994046,0.6931471805599453
https://openalex.org/W3033330891,2018,0,3,0,0,0,0,0,0,0,0,1,0,0,1.3862943611198906,0.0,0.0
https://openalex.org/W2890200468,2018,0,2,0,0,0,0,0,0,0,0,1,0,0,1.0986122886681098,0.0,0.0
https://openalex.org/W2900104916,2018,0,1,1,1,0,0,0,0,0,0,0,0,0,0.6931471805599453,0.6931471805599453,0.6931471805599453
https://openalex.org/W4413749271,2018,0,1,1,1,0,0,0,0,0,1,0,0,0,0.6931471805599453,0.6931471805599453,0.6931471805599453
https://openalex.org/W2806785242,2018,0,3,4,3,1,1,1,0,0,1,0,1,0,1.3862943611198906,1.6094379124341003,1.3862943611198906
https://openalex.org/W2793669746,2018,0,1,1,1,0,0,0,0,0,0,0,0,0,0.6931471805599453,0.6931471805599453,0.6931471805599453
https://openalex.org/W2805577724,2018,65,4,2,2,1,1,1,0,0,0,0,1,1,1.6094379124341003,1.0986122886681098,1.0986122886681098
https://openalex.org/W2908147669,2018,0,2,2,1,1,0,0,0,0,0,0,0,0,1.0986122886681098,1.0986122886681098,0.6931471805599453
https://openalex.org/W3000028507,2018,1,3,0,0,0,0,0,0,0,0,0,1,0,1.3862943611198906,0.0,0.0
https://openalex.org/W2904102788,2018,3,3,0,0,0,0,0,0,0,0,0,1,0,1.3862943611198906,0.0,0.0
https://openalex.org/W2896732072,2018,0,1,0,0,0,0,0,0,0,0,1,1,0,0.6931471805599453,0.0,0.0
https://openalex.org/W2899229515,2018,14,1,1,1,0,0,0,0,0,0,1,0,0,0.6931471805599453,0.6931471805599453,0.6931471805599453
https://openalex.org/W2896358741,2018,5,4,1,1,0,0,0,0,0,0,0,0,0,1.6094379124341003,0.6931471805599453,0.6931471805599453
https://openalex.org/W2895338711,2018,1,8,0,0,0,0,0,0,0,0,0,1,0,2.1972245773362196,0.0,0.0
https://openalex.org/W2802929357,2018,0,2,1,1,0,0,0,0,0,0,1,1,0,1.0986122886681098,0.6931471805599453,0.6931471805599453
https://openalex.org/W2909451616,2018,0,1,0,0,0,0,0,0,0,0,1,0,0,0.6931471805599453,0.0,0.0
https://openalex.org/W2963519076,2018,5,3,1,1,0,0,0,0,0,0,0,0,0,1.3862943611198906,0.6931471805599453,0.6931471805599453
https://openalex.org/W4256585042,2018,101,11,0,0,0,0,0,0,0,0,1,1,1,2.4849066497880004,0.0,0.0
https://openalex.org/W2897554723,2018,20,2,1,1,0,0,0,0,0,0,0,1,0,1.0986122886681098,0.6931471805599453,0.6931471805599453
https://openalex.org/W2805488672,2018,30,3,2,1,1,0,0,0,0,0,1,1,1,1.3862943611198906,1.0986122886681098,0.6931471805599453
https://openalex.org/W2799507109,2018,0,4,1,1,0,0,0,0,0,0,1,1,0,1.6094379124341003,0.6931471805599453,0.6931471805599453
https://openalex.org/W2809434277,2018,36,2,3,2,1,1,0,0,0,0,1,1,1,1.0986122886681098,1.3862943611198906,1.0986122886681098
https://openalex.org/W4401048106,2018,5,3,0,0,0,0,0,0,0,0,1,1,0,1.3862943611198906,0.0,0.0
https://openalex.org/W2801291089,2018,7,5,1,1,0,0,0,0,0,0,0,1,0,1.791759469228055,0.6931471805599453,0.6931471805599453
https://openalex.org/W2793222234,2018,0,2,0,0,0,0,0,0,0,0,1,1,0,1.0986122886681098,0.0,0.0
https://openalex.org/W2957107217,2018,0,4,0,0,0,0,0,0,0,0,0,0,0,1.6094379124341003,0.0,0.0
https://openalex.org/W2809665166,2018,0,1,0,0,0,0,0,0,0,0,0,0,0,0.6931471805599453,0.0,0.0
https://openalex.org/W2905468047,2018,1,4,2,2,1,1,0,0,0,0,0,0,0,1.6094379124341003,1.0986122886681098,1.0986122886681098
https://openalex.org/W4234198036,2018,0,1,0,0,0,0,0,0,0,0,1,1,0,0.6931471805599453,0.0,0.0
https://openalex.org/W338533609,2018,0,1,0,0,0,0,0,0,0,0,0,0,0,0.6931471805599453,0.0,0.0
https://openalex.org/W2942469024,2018,3,6,0,0,0,0,0,0,0,0,1,1,0,1.9459101490553132,0.0,0.0
https://openalex.org/W2898583167,2018,0,2,1,1,0,0,0,0,0,0,1,0,0,1.0986122886681098,0.6931471805599453,0.6931471805599453
https://openalex.org/W2809151739,2018,4,3,1,1,0,0,0,0,0,1,0,0,0,1.3862943611198906,0.6931471805599453,0.6931471805599453
https://openalex.org/W2797690841,2018,19,5,2,1,1,0,0,0,0,0,0,1,0,1.791759469228055,1.0986122886681098,0.6931471805599453
https://openalex.org/W2966466598,2018,0,2,0,0,0,0,0,0,0,0,0,0,0,1.0986122886681098,0.0,0.0
https://openalex.org/W4408389097,2018,0,1,0,0,0,0,0,0,0,0,0,1,0,0.6931471805599453,0.0,0.0
https://openalex.org/W2798645952,2018,4,5,2,1,1,0,0,1,0,0,0,0,0,1.791759469228055,1.0986122886681098,0.6931471805599453
https://openalex.org/W3107361560,2018,0,2,0,0,0,0,0,0,0,0,1,0,0,1.0986122886681098,0.0,0.0
https://openalex.org/W2900944108,2018,0,2,1,1,0,0,0,0,0,0,1,1,0,1.0986122886681098,0.6931471805599453,0.6931471805599453
https://openalex.org/W2889518111,2018,17,4,2,1,1,0,0,0,0,0,1,1,0,1.6094379124341003,1.0986122886681098,0.6931471805599453
https://openalex.org/W2884201190,2018,67,2,2,1,1,0,0,0,0,0,0,1,1,1.0986122886681098,1.0986122886681098,0.6931471805599453
https://openalex.org/W4255239719,2018,0,3,1,1,0,0,0,1,0,0,1,1,0,1.3862943611198906,0.6931471805599453,0.6931471805599453
https://openalex.org/W2885724921,2018,59,2,2,1,1,0,0,0,0,1,0,1,1,1.0986122886681098,1.0986122886681098,0.6931471805599453
https://openalex.org/W2885774026,2018,1,4,1,1,0,0,0,0,0,0,0,1,0,1.6094379124341003,0.6931471805599453,0.6931471805599453
https://openalex.org/W2912582742,2018,0,1,2,1,1,0,0,0,0,0,1,0,0,0.6931471805599453,1.0986122886681098,0.6931471805599453
https://openalex.org/W2885781342,2018,29,1,1,1,0,0,0,0,0,0,1,1,1,0.6931471805599453,0.6931471805599453,0.6931471805599453
https://openalex.org/W2795076437,2018,8,2,1,1,0,0,0,1,0,0,1,1,0,1.0986122886681098,0.6931471805599453,0.6931471805599453
https://openalex.org/W2914576122,2018,0,2,1,1,0,0,0,0,0,0,0,0,0,1.0986122886681098,0.6931471805599453,0.6931471805599453
https://openalex.org/W2808828381,2018,0,1,0,0,0,0,0,0,0,0,0,0,0,0.6931471805599453,0.0,0.0
https://openalex.org/W2903004689,2018,5,3,1,1,0,0,0,0,0,0,1,1,0,1.3862943611198906,0.6931471805599453,0.6931471805599453
https://openalex.org/W2891518557,2018,0,1,0,0,0,0,0,0,0,0,0,0,0,0.6931471805599453,0.0,0.0
https://openalex.org/W2910522624,2018,0,6,0,0,0,0,0,0,0,0,0,0,0,1.9459101490553132,0.0,0.0
https://openalex.org/W3203549386,2018,0,1,0,0,0,0,0,0,0,0,0,0,0,0.6931471805599453,0.0,0.0
https://openalex.org/W4289760577,2018,0,1,0,0,0,0,0,0,0,0,1,0,0,0.6931471805599453,0.0,0.0
https://openalex.org/W2806843381,2018,229,3,1,1,0,0,1,0,0,1,0,1,1,1.3862943611198906,0.6931471805599453,0.6931471805599453
https://openalex.org/W3130472213,2018,2,2,0,0,0,0,0,0,0,0,0,0,0,1.0986122886681098,0.0,0.0
https://openalex.org/W2901331419,2018,1,4,1,1,0,0,0,0,0,0,1,1,0,1.6094379124341003,0.6931471805599453,0.6931471805599453
https://openalex.org/W2886542126,2018,0,4,0,0,0,0,0,0,0,0,0,1,0,1.6094379124341003,0.0,0.0
https://openalex.org/W2969589235,2018,0,1,0,0,0,0,0,0,0,0,0,0,0,0.6931471805599453,0.0,0.0
https://openalex.org/W2802449000,2018,15,3,1,1,0,0,0,0,0,0,0,1,0,1.3862943611198906,0.6931471805599453,0.6931471805599453
https://openalex.org/W2894488930,2018,37,5,2,1,1,0,0,0,0,0,1,1,1,1.791759469228055,1.0986122886681098,0.6931471805599453
https://openalex.org/W2793333855,2018,57,3,2,2,1,1,0,0,0,0,0,1,1,1.3862943611198906,1.0986122886681098,1.0986122886681098
https://openalex.org/W2901488018,2018,0,1,1,1,0,0,0,0,0,0,0,1,0,0.6931471805599453,0.6931471805599453,0.6931471805599453
https://openalex.org/W3184623769,2018,0,1,0,0,0,0,0,0,0,0,0,1,0,0.6931471805599453,0.0,0.0
https://openalex.org/W2792812932,2018,3,3,1,1,0,0,0,0,0,0,1,0,0,1.3862943611198906,0.6931471805599453,0.6931471805599453
https://openalex.org/W3186715505,2018,13,1,0,0,0,0,0,0,0,0,0,0,0,0.6931471805599453,0.0,0.0
https://openalex.org/W4230391853,2018,7,3,1,1,0,0,0,0,0,0,0,1,0,1.3862943611198906,0.6931471805599453,0.6931471805599453
https://openalex.org/W2806639925,2018,0,1,0,0,0,0,0,0,0,0,1,1,0,0.6931471805599453,0.0,0.0
https://openalex.org/W2927961365,2018,0,1,0,0,0,0,0,0,0,0,0,0,0,0.6931471805599453,0.0,0.0
https://openalex.org/W2908308456,2018,0,1,0,0,0,0,0,0,0,0,0,0,0,0.6931471805599453,0.0,0.0
https://openalex.org/W2901920057,2018,46,5,2,2,1,1,0,0,0,0,0,1,1,1.791759469228055,1.0986122886681098,1.0986122886681098
https://openalex.org/W2796868601,2018,0,2,0,0,0,0,0,0,0,0,0,0,0,1.0986122886681098,0.0,0.0
https://openalex.org/W2904489154,2018,5,5,4,2,1,1,0,1,0,0,0,1,0,1.791759469228055,1.6094379124341003,1.0986122886681098
https://openalex.org/W2625872830,2018,3,2,5,3,1,1,0,0,0,0,1,1,0,1.0986122886681098,1.791759469228055,1.3862943611198906
https://openalex.org/W2809063118,2018,0,3,1,1,0,0,0,0,0,1,0,0,0,1.3862943611198906,0.6931471805599453,0.6931471805599453
https://openalex.org/W2914975625,2018,1,2,1,1,0,0,0,0,0,0,0,1,0,1.0986122886681098,0.6931471805599453,0.6931471805599453
https://openalex.org/W3003678806,2018,0,3,0,0,0,0,0,0,0,0,0,1,0,1.3862943611198906,0.0,0.0
https://openalex.org/W2792945424,2018,13,4,1,1,0,0,0,0,0,0,0,1,0,1.6094379124341003,0.6931471805599453,0.6931471805599453
https://openalex.org/W2789400871,2018,12,1,1,1,0,0,0,0,0,0,1,1,0,0.6931471805599453,0.6931471805599453,0.6931471805599453
https://openalex.org/W2794661693,2018,4,4,1,1,0,0,0,0,0,0,1,0,0,1.6094379124341003,0.6931471805599453,0.6931471805599453
https://openalex.org/W2884252068,2018,23,5,2,1,1,0,0,1,0,0,0,1,0,1.791759469228055,1.0986122886681098,0.6931471805599453
https://openalex.org/W2803704047,2018,19,4,1,1,0,0,0,0,0,0,1,1,0,1.6094379124341003,0.6931471805599453,0.6931471805599453
https://openalex.org/W2811377460,2018,2,4,3,1,1,0,0,0,0,0,0,1,0,1.6094379124341003,1.3862943611198906,0.6931471805599453
https://openalex.org/W2906198447,2018,16,1,1,1,0,0,0,0,0,1,1,1,0,0.6931471805599453,0.6931471805599453,0.6931471805599453
https://openalex.org/W3159129695,2018,0,1,0,0,0,0,0,0,0,0,0,0,0,0.6931471805599453,0.0,0.0
https://openalex.org/W3195108710,2018,0,6,0,0,0,0,0,0,0,0,0,1,0,1.9459101490553132,0.0,0.0
https://openalex.org/W3014815742,2018,0,1,0,0,0,0,0,0,0,0,0,0,0,0.6931471805599453,0.0,0.0
https://openalex.org/W2900967068,2018,0,2,1,1,0,0,0,0,0,0,1,1,0,1.0986122886681098,0.6931471805599453,0.6931471805599453
https://openalex.org/W2800492185,2018,16,2,1,1,0,0,0,0,0,0,0,0,0,1.0986122886681098,0.6931471805599453,0.6931471805599453
https://openalex.org/W2922254712,2018,0,1,0,0,0,0,0,0,0,0,1,0,0,0.6931471805599453,0.0,0.0
https://openalex.org/W2883246542,2018,0,2,0,0,0,0,0,0,0,0,1,0,0,1.0986122886681098,0.0,0.0
https://openalex.org/W2909972629,2018,0,2,0,0,0,0,0,0,0,0,0,1,0,1.0986122886681098,0.0,0.0
https://openalex.org/W2943018822,2018,4,3,3,1,1,0,0,0,0,0,0,0,0,1.3862943611198906,1.3862943611198906,0.6931471805599453
https://openalex.org/W2962679183,2018,11,2,1,1,0,0,0,0,0,0,1,0,0,1.0986122886681098,0.6931471805599453,0.6931471805599453
https://openalex.org/W2897126511,2018,0,1,0,0,0,0,0,0,0,0,1,0,0,0.6931471805599453,0.0,0.0
https://openalex.org/W3089677087,2018,9,5,0,0,0,0,0,0,0,0,0,1,0,1.791759469228055,0.0,0.0
https://openalex.org/W2996553567,2018,0,2,0,0,0,0,0,0,0,0,0,1,0,1.0986122886681098,0.0,0.0
https://openalex.org/W2798052985,2018,4,2,1,1,0,0,0,0,0,0,0,1,0,1.0986122886681098,0.6931471805599453,0.6931471805599453
https://openalex.org/W2887368344,2018,10,4,2,2,1,1,0,0,0,0,0,1,0,1.6094379124341003,1.0986122886681098,1.0986122886681098
https://openalex.org/W2897570191,2018,60,5,5,2,1,1,0,0,0,0,0,1,1,1.791759469228055,1.791759469228055,1.0986122886681098
https://openalex.org/W2995266182,2018,0,1,0,0,0,0,0,0,0,0,0,1,0,0.6931471805599453,0.0,0.0
https://openalex.org/W2989952809,2018,3,1,0,0,0,0,0,0,0,0,1,0,0,0.6931471805599453,0.0,0.0
https://openalex.org/W3131558145,2018,0,2,0,0,0,0,0,0,0,0,0,0,0,1.0986122886681098,0.0,0.0
https://openalex.org/W4242395643,2018,1,32,2,1,1,0,0,0,0,0,1,0,0,3.4965075614664802,1.0986122886681098,0.6931471805599453
https://openalex.org/W4300984537,2018,1,1,1,1,0,0,0,0,0,0,1,1,0,0.6931471805599453,0.6931471805599453,0.6931471805599453
https://openalex.org/W2965894836,2018,0,1,0,0,0,0,0,0,0,0,1,1,0,0.6931471805599453,0.0,0.0
https://openalex.org/W2791552369,2018,2,6,5,2,1,1,1,0,0,1,0,0,0,1.9459101490553132,1.791759469228055,1.0986122886681098
https://openalex.org/W2915628763,2018,0,2,0,0,0,0,0,0,0,0,0,0,0,1.0986122886681098,0.0,0.0
https://openalex.org/W2887887082,2018,10,3,3,2,1,1,0,0,0,0,0,1,0,1.3862943611198906,1.3862943611198906,1.0986122886681098
https://openalex.org/W4250497478,2018,0,17,0,0,0,0,0,0,0,0,1,1,0,2.8903717578961645,0.0,0.0
https://openalex.org/W2854579651,2018,6,8,1,1,0,0,0,0,0,0,0,0,0,2.1972245773362196,0.6931471805599453,0.6931471805599453
https://openalex.org/W2801092516,2018,28,7,1,1,0,0,0,0,0,0,1,0,1,2.0794415416798357,0.6931471805599453,0.6931471805599453
https://openalex.org/W2806875617,2018,0,1,0,0,0,0,0,0,0,0,1,1,0,0.6931471805599453,0.0,0.0
https://openalex.org/W4245526080,2018,0,37,25,10,1,1,1,1,1,1,1,1,0,3.6375861597263857,3.258096538021482,2.3978952727983707
https://openalex.org/W2803533564,2018,112,5,2,1,1,0,1,1,0,1,0,0,1,1.791759469228055,1.0986122886681098,0.6931471805599453
https://openalex.org/W2891238397,2018,2,4,2,2,1,1,0,0,0,1,0,0,0,1.6094379124341003,1.0986122886681098,1.0986122886681098
https://openalex.org/W7132247109,2018,0,2,0,0,0,0,0,0,0,0,0,0,0,1.0986122886681098,0.0,0.0
https://openalex.org/W2904655733,2018,9,2,1,1,0,0,0,0,0,0,0,0,0,1.0986122886681098,0.6931471805599453,0.6931471805599453
https://openalex.org/W2793098423,2018,5,2,2,1,1,0,0,0,0,0,0,1,0,1.0986122886681098,1.0986122886681098,0.6931471805599453
https://openalex.org/W2910905616,2018,1,1,0,0,0,0,0,0,0,0,1,1,0,0.6931471805599453,0.0,0.0
https://openalex.org/W2791186466,2018,38,5,4,2,1,1,1,0,0,1,0,1,1,1.791759469228055,1.6094379124341003,1.0986122886681098
https://openalex.org/W2933718738,2018,1,5,0,0,0,0,0,0,0,0,1,1,0,1.791759469228055,0.0,0.0
https://openalex.org/W3001338660,2018,0,1,0,0,0,0,0,0,0,0,1,1,0,0.6931471805599453,0.0,0.0
https://openalex.org/W2804693501,2018,5,4,3,2,1,1,0,0,0,1,1,1,0,1.6094379124341003,1.3862943611198906,1.0986122886681098
https://openalex.org/W2892655122,2018,6,2,2,1,1,0,0,1,0,0,0,0,0,1.0986122886681098,1.0986122886681098,0.6931471805599453
https://openalex.org/W2941966345,2018,0,1,0,0,0,0,0,0,0,0,0,0,0,0.6931471805599453,0.0,0.0
https://openalex.org/W2924000803,2018,0,1,0,0,0,0,0,0,0,0,0,0,0,0.6931471805599453,0.0,0.0
https://openalex.org/W2793798666,2018,1,2,1,1,0,0,0,0,0,0,1,1,0,1.0986122886681098,0.6931471805599453,0.6931471805599453
https://openalex.org/W2794221273,2018,11,4,1,1,0,0,0,0,0,0,0,1,0,1.6094379124341003,0.6931471805599453,0.6931471805599453
https://openalex.org/W2790048403,2018,27,4,9,2,1,1,0,0,1,0,1,1,1,1.6094379124341003,2.302585092994046,1.0986122886681098
https://openalex.org/W3101610657,2018,0,2,0,0,0,0,0,0,0,0,0,1,0,1.0986122886681098,0.0,0.0
https://openalex.org/W3009485132,2018,0,2,0,0,0,0,0,0,0,0,0,1,0,1.0986122886681098,0.0,0.0
https://openalex.org/W2958884815,2018,0,3,3,1,1,0,0,0,0,0,1,1,0,1.3862943611198906,1.3862943611198906,0.6931471805599453
https://openalex.org/W2795319174,2018,5,3,2,2,1,1,1,0,0,0,0,0,0,1.3862943611198906,1.0986122886681098,1.0986122886681098
https://openalex.org/W2963316750,2018,27,2,2,1,1,0,1,0,0,1,0,0,1,1.0986122886681098,1.0986122886681098,0.6931471805599453
https://openalex.org/W3013506209,2018,0,5,0,0,0,0,0,0,0,0,0,0,0,1.791759469228055,0.0,0.0
https://openalex.org/W2792030900,2018,1,2,0,0,0,0,0,0,0,0,0,0,0,1.0986122886681098,0.0,0.0
https://openalex.org/W2885173346,2018,3,1,1,1,0,0,0,0,0,0,1,0,0,0.6931471805599453,0.6931471805599453,0.6931471805599453
https://openalex.org/W7127238566,2018,0,1,0,0,0,0,0,0,0,0,1,1,0,0.6931471805599453,0.0,0.0
https://openalex.org/W2799057026,2018,0,1,0,0,0,0,0,0,0,0,0,0,0,0.6931471805599453,0.0,0.0
https://openalex.org/W2897000307,2018,1,1,0,0,0,0,0,0,0,0,1,0,0,0.6931471805599453,0.0,0.0
https://openalex.org/W2901937323,2018,5,3,1,1,0,0,0,0,0,0,0,0,0,1.3862943611198906,0.6931471805599453,0.6931471805599453
https://openalex.org/W2992173493,2018,1,2,0,0,0,0,0,0,0,0,0,1,0,1.0986122886681098,0.0,0.0
https://openalex.org/W4245266786,2018,1,1,1,1,0,0,0,0,0,0,1,1,0,0.6931471805599453,0.6931471805599453,0.6931471805599453
https://openalex.org/W2794734939,2018,0,1,0,0,0,0,0,0,0,0,1,1,0,0.6931471805599453,0.0,0.0
https://openalex.org/W2905580446,2018,35,7,2,1,1,0,0,0,0,0,0,0,1,2.0794415416798357,1.0986122886681098,0.6931471805599453
https://openalex.org/W4297939752,2018,4,1,1,1,0,0,0,0,0,0,1,1,0,0.6931471805599453,0.6931471805599453,0.6931471805599453
https://openalex.org/W3045848329,2018,0,7,0,0,0,0,0,0,0,0,0,1,0,2.0794415416798357,0.0,0.0
https://openalex.org/W2884938217,2018,14,6,5,4,1,1,0,0,0,1,1,1,0,1.9459101490553132,1.791759469228055,1.6094379124341003
https://openalex.org/W2889429948,2018,4,3,2,1,1,0,0,0,0,0,0,1,0,1.3862943611198906,1.0986122886681098,0.6931471805599453
https://openalex.org/W2792768081,2018,62,1,1,1,0,0,0,0,0,0,0,1,1,0.6931471805599453,0.6931471805599453,0.6931471805599453
https://openalex.org/W2911462104,2018,2,1,1,1,0,0,0,0,0,0,1,1,0,0.6931471805599453,0.6931471805599453,0.6931471805599453
https://openalex.org/W2890847761,2018,29,4,4,2,1,1,0,0,0,0,0,1,1,1.6094379124341003,1.6094379124341003,1.0986122886681098
https://openalex.org/W2908489256,2018,0,1,0,0,0,0,0,0,0,0,1,1,0,0.6931471805599453,0.0,0.0
https://openalex.org/W2790439055,2018,27,2,1,1,0,0,0,0,0,0,1,1,1,1.0986122886681098,0.6931471805599453,0.6931471805599453
https://openalex.org/W3155219162,2018,0,4,1,1,0,0,0,0,0,0,0,0,0,1.6094379124341003,0.6931471805599453,0.6931471805599453
https://openalex.org/W2795137114,2018,2,4,0,0,0,0,0,0,0,0,0,0,0,1.6094379124341003,0.0,0.0
https://openalex.org/W2963694111,2018,18,4,1,1,0,0,0,0,0,0,0,0,0,1.6094379124341003,0.6931471805599453,0.6931471805599453
https://openalex.org/W2915557345,2018,7,4,0,0,0,0,0,0,0,0,1,1,0,1.6094379124341003,0.0,0.0
https://openalex.org/W2898366882,2018,0,4,2,1,1,0,0,0,0,0,1,0,0,1.6094379124341003,1.0986122886681098,0.6931471805599453
https://openalex.org/W2981211959,2018,0,7,5,1,1,0,0,0,0,0,0,0,0,2.0794415416798357,1.791759469228055,0.6931471805599453
https://openalex.org/W4289754644,2018,0,4,4,1,1,0,0,0,1,0,1,0,0,1.6094379124341003,1.6094379124341003,0.6931471805599453
https://openalex.org/W2793542112,2018,10,4,2,2,1,1,0,0,0,0,0,1,0,1.6094379124341003,1.0986122886681098,1.0986122886681098
https://openalex.org/W3115949269,2018,0,3,0,0,0,0,0,0,0,0,0,0,0,1.3862943611198906,0.0,0.0
https://openalex.org/W2886443050,2018,3,3,2,2,1,1,0,0,0,0,0,0,0,1.3862943611198906,1.0986122886681098,1.0986122886681098
https://openalex.org/W3202929843,2018,0,1,3,1,1,0,0,0,0,0,1,1,0,0.6931471805599453,1.3862943611198906,0.6931471805599453
https://openalex.org/W2913323063,2018,16,1,1,1,0,0,0,0,1,0,1,1,0,0.6931471805599453,0.6931471805599453,0.6931471805599453
https://openalex.org/W4254436964,2018,4,3,2,1,1,0,0,0,0,0,0,1,0,1.3862943611198906,1.0986122886681098,0.6931471805599453
https://openalex.org/W2739963144,2018,0,4,0,0,0,0,0,0,0,0,1,0,0,1.6094379124341003,0.0,0.0
https://openalex.org/W4405689114,2018,0,1,1,1,0,0,0,0,0,0,1,1,0,0.6931471805599453,0.6931471805599453,0.6931471805599453
https://openalex.org/W2897996178,2018,2,1,0,0,0,0,0,0,0,0,1,1,0,0.6931471805599453,0.0,0.0
https://openalex.org/W2808358041,2018,0,2,1,1,0,0,0,0,0,0,1,1,0,1.0986122886681098,0.6931471805599453,0.6931471805599453
https://openalex.org/W2909640148,2018,0,1,0,0,0,0,0,0,0,0,0,0,0,0.6931471805599453,0.0,0.0
https://openalex.org/W2810241725,2018,4,3,1,1,0,0,0,0,0,0,0,0,0,1.3862943611198906,0.6931471805599453,0.6931471805599453
https://openalex.org/W2803541036,2018,3,3,2,1,1,0,0,0,0,0,1,1,0,1.3862943611198906,1.0986122886681098,0.6931471805599453
https://openalex.org/W2805390194,2018,2,2,1,1,0,0,0,0,0,0,0,0,0,1.0986122886681098,0.6931471805599453,0.6931471805599453
https://openalex.org/W2890235714,2018,7,3,1,1,0,0,0,0,0,0,0,1,0,1.3862943611198906,0.6931471805599453,0.6931471805599453
https://openalex.org/W2808024810,2018,27,6,2,1,1,0,0,0,0,0,1,0,1,1.9459101490553132,1.0986122886681098,0.6931471805599453
https://openalex.org/W2811058735,2018,1,4,2,1,1,0,0,0,0,0,0,1,0,1.6094379124341003,1.0986122886681098,0.6931471805599453
https://openalex.org/W2966382334,2018,0,4,0,0,0,0,0,0,0,0,0,1,0,1.6094379124341003,0.0,0.0
https://openalex.org/W2804077146,2018,0,2,1,1,0,0,0,0,0,0,0,1,0,1.0986122886681098,0.6931471805599453,0.6931471805599453
https://openalex.org/W2945915969,2018,0,2,2,1,1,0,0,0,0,0,1,1,0,1.0986122886681098,1.0986122886681098,0.6931471805599453
https://openalex.org/W2802186564,2018,1,2,2,2,1,1,0,0,0,0,1,1,0,1.0986122886681098,1.0986122886681098,1.0986122886681098
https://openalex.org/W2792658424,2018,24,1,2,1,1,0,0,0,0,0,1,1,0,0.6931471805599453,1.0986122886681098,0.6931471805599453
https://openalex.org/W2808326702,2018,0,1,0,0,0,0,0,0,0,0,1,0,0,0.6931471805599453,0.0,0.0
https://openalex.org/W2792876266,2018,0,1,1,1,0,0,0,0,0,1,0,0,0,0.6931471805599453,0.6931471805599453,0.6931471805599453
https://openalex.org/W2796511032,2018,0,3,0,0,0,0,0,0,0,0,0,0,0,1.3862943611198906,0.0,0.0
https://openalex.org/W2979485763,2018,0,1,1,1,0,0,0,0,0,0,0,1,0,0.6931471805599453,0.6931471805599453,0.6931471805599453
https://openalex.org/W2899105309,2018,0,1,0,0,0,0,0,0,0,0,0,1,0,0.6931471805599453,0.0,0.0
https://openalex.org/W7132586614,2018,0,2,0,0,0,0,0,0,0,0,0,0,0,1.0986122886681098,0.0,0.0
https://openalex.org/W4302959534,2018,0,2,2,1,1,0,0,0,0,0,1,0,0,1.0986122886681098,1.0986122886681098,0.6931471805599453
https://openalex.org/W2891965774,2018,0,1,0,0,0,0,0,0,0,0,0,1,0,0.6931471805599453,0.0,0.0
https://openalex.org/W2903200516,2018,3,3,1,1,0,0,0,0,0,0,0,1,0,1.3862943611198906,0.6931471805599453,0.6931471805599453
https://openalex.org/W3198679957,2018,0,1,0,0,0,0,0,0,0,0,0,1,0,0.6931471805599453,0.0,0.0
https://openalex.org/W3161607574,2018,0,9,4,2,1,1,1,0,1,1,1,0,0,2.302585092994046,1.6094379124341003,1.0986122886681098
https://openalex.org/W2891627435,2018,16,5,3,1,1,0,0,0,0,0,0,0,0,1.791759469228055,1.3862943611198906,0.6931471805599453
https://openalex.org/W4252504928,2018,0,2,0,0,0,0,0,0,0,0,1,1,0,1.0986122886681098,0.0,0.0
https://openalex.org/W2899477092,2018,28,6,2,1,1,0,0,0,0,1,0,0,1,1.9459101490553132,1.0986122886681098,0.6931471805599453
https://openalex.org/W2904469115,2018,129,2,1,1,0,0,0,0,0,0,0,0,1,1.0986122886681098,0.6931471805599453,0.6931471805599453
https://openalex.org/W3046531035,2018,0,1,1,1,0,0,0,0,0,0,1,0,0,0.6931471805599453,0.6931471805599453,0.6931471805599453
https://openalex.org/W2806481034,2018,12,5,4,3,1,1,0,0,0,0,0,1,0,1.791759469228055,1.6094379124341003,1.3862943611198906
https://openalex.org/W2941409651,2018,1,3,1,1,0,0,0,0,0,0,1,1,0,1.3862943611198906,0.6931471805599453,0.6931471805599453
https://openalex.org/W3001503240,2018,1,1,0,0,0,0,0,0,0,0,0,1,0,0.6931471805599453,0.0,0.0
https://openalex.org/W2886819395,2018,0,1,2,1,1,0,0,0,1,0,0,1,0,0.6931471805599453,1.0986122886681098,0.6931471805599453
https://openalex.org/W2901075599,2018,0,3,0,0,0,0,0,0,0,0,0,1,0,1.3862943611198906,0.0,0.0
https://openalex.org/W2972118386,2018,0,1,0,0,0,0,0,0,0,0,0,1,0,0.6931471805599453,0.0,0.0
https://openalex.org/W2797911935,2018,0,1,0,0,0,0,0,0,0,0,1,1,0,0.6931471805599453,0.0,0.0
https://openalex.org/W2790007768,2018,22,5,2,1,1,0,0,0,1,0,1,1,0,1.791759469228055,1.0986122886681098,0.6931471805599453
https://openalex.org/W2959200628,2018,0,3,0,0,0,0,0,0,0,0,1,1,0,1.3862943611198906,0.0,0.0
https://openalex.org/W4256390009,2018,4,1,0,0,0,0,0,0,0,0,1,1,0,0.6931471805599453,0.0,0.0
https://openalex.org/W7120589697,2018,0,1,0,0,0,0,0,0,0,0,0,0,0,0.6931471805599453,0.0,0.0
https://openalex.org/W3043401750,2018,9,1,1,1,0,0,0,0,0,0,1,1,0,0.6931471805599453,0.6931471805599453,0.6931471805599453
https://openalex.org/W2910493541,2018,2,1,1,1,0,0,0,0,0,0,1,1,0,0.6931471805599453,0.6931471805599453,0.6931471805599453
https://openalex.org/W3111745024,2018,0,1,0,0,0,0,0,0,0,0,1,1,0,0.6931471805599453,0.0,0.0
https://openalex.org/W2805039319,2018,9,7,7,3,1,1,0,0,0,0,1,1,0,2.0794415416798357,2.0794415416798357,1.3862943611198906
https://openalex.org/W2886056903,2018,0,2,2,1,1,0,0,0,1,1,1,0,0,1.0986122886681098,1.0986122886681098,0.6931471805599453
https://openalex.org/W3117738591,2018,0,1,0,0,0,0,0,0,0,0,0,1,0,0.6931471805599453,0.0,0.0
https://openalex.org/W2942296549,2018,3,2,0,0,0,0,0,0,0,0,0,0,0,1.0986122886681098,0.0,0.0
https://openalex.org/W2892432267,2018,1,4,3,2,1,1,0,0,0,0,0,1,0,1.6094379124341003,1.3862943611198906,1.0986122886681098
https://openalex.org/W2790975141,2018,0,5,2,1,1,0,0,0,0,0,1,0,0,1.791759469228055,1.0986122886681098,0.6931471805599453
https://openalex.org/W2890113771,2018,5,2,2,2,1,1,0,0,1,1,0,1,0,1.0986122886681098,1.0986122886681098,1.0986122886681098
https://openalex.org/W3040800020,2018,1,2,1,1,0,0,0,0,0,1,1,1,0,1.0986122886681098,0.6931471805599453,0.6931471805599453
https://openalex.org/W2904991888,2018,0,1,1,1,0,0,0,0,0,1,1,1,0,0.6931471805599453,0.6931471805599453,0.6931471805599453
https://openalex.org/W2889371420,2018,7,2,1,1,0,0,0,0,0,0,1,1,0,1.0986122886681098,0.6931471805599453,0.6931471805599453
https://openalex.org/W2788433869,2018,0,5,0,0,0,0,0,0,0,0,0,1,0,1.791759469228055,0.0,0.0
https://openalex.org/W2946156140,2018,0,1,0,0,0,0,0,0,0,0,0,1,0,0.6931471805599453,0.0,0.0
https://openalex.org/W2790877305,2018,3,1,1,1,0,0,0,0,0,1,0,1,0,0.6931471805599453,0.6931471805599453,0.6931471805599453
https://openalex.org/W4247715116,2018,0,2,1,1,0,0,0,0,0,0,1,1,0,1.0986122886681098,0.6931471805599453,0.6931471805599453
https://openalex.org/W2937503863,2018,1,1,0,0,0,0,0,0,0,0,0,0,0,0.6931471805599453,0.0,0.0
https://openalex.org/W2790395807,2018,44,2,1,1,0,0,0,0,0,0,0,1,1,1.0986122886681098,0.6931471805599453,0.6931471805599453
https://openalex.org/W2898182636,2018,0,2,4,3,1,1,0,0,0,0,0,1,0,1.0986122886681098,1.6094379124341003,1.3862943611198906
https://openalex.org/W2887231734,2018,2,2,1,1,0,0,0,0,0,1,0,0,0,1.0986122886681098,0.6931471805599453,0.6931471805599453
https://openalex.org/W2890258841,2018,29,1,1,1,0,0,0,0,0,0,1,1,1,0.6931471805599453,0.6931471805599453,0.6931471805599453
https://openalex.org/W2808084955,2018,1,3,2,1,1,0,0,0,0,0,1,1,0,1.3862943611198906,1.0986122886681098,0.6931471805599453
https://openalex.org/W2890305308,2018,2,1,0,0,0,0,0,0,0,0,1,1,0,0.6931471805599453,0.0,0.0
https://openalex.org/W2898891423,2018,0,8,2,1,1,0,0,1,0,0,0,0,0,2.1972245773362196,1.0986122886681098,0.6931471805599453
https://openalex.org/W2805496745,2018,3,2,0,0,0,0,0,0,0,0,1,1,0,1.0986122886681098,0.0,0.0
https://openalex.org/W2946709699,2018,0,1,0,0,0,0,0,0,0,0,0,1,0,0.6931471805599453,0.0,0.0
https://openalex.org/W2925180656,2018,2,4,0,0,0,0,0,0,0,0,1,1,0,1.6094379124341003,0.0,0.0
https://openalex.org/W2902670067,2018,0,1,0,0,0,0,0,0,0,0,0,0,0,0.6931471805599453,0.0,0.0
https://openalex.org/W2884029132,2018,10,2,1,1,0,0,0,0,0,0,1,1,0,1.0986122886681098,0.6931471805599453,0.6931471805599453
https://openalex.org/W3042078770,2018,0,4,0,0,0,0,0,0,0,0,0,1,0,1.6094379124341003,0.0,0.0
https://openalex.org/W2805458001,2018,29,2,0,0,0,0,0,0,0,0,0,0,1,1.0986122886681098,0.0,0.0
https://openalex.org/W2884020303,2018,13,5,4,2,1,1,0,0,1,0,0,0,0,1.791759469228055,1.6094379124341003,1.0986122886681098
https://openalex.org/W2902918828,2018,1,3,0,0,0,0,0,0,0,0,0,1,0,1.3862943611198906,0.0,0.0
https://openalex.org/W2802021973,2018,0,2,1,1,0,0,0,0,0,0,1,0,0,1.0986122886681098,0.6931471805599453,0.6931471805599453
https://openalex.org/W2885771741,2018,20,4,1,1,0,0,0,0,0,0,0,1,0,1.6094379124341003,0.6931471805599453,0.6931471805599453
https://openalex.org/W2768674464,2018,56,6,5,2,1,1,0,0,0,0,1,1,1,1.9459101490553132,1.791759469228055,1.0986122886681098
https://openalex.org/W3084332951,2018,0,1,0,0,0,0,0,0,0,0,1,0,0,0.6931471805599453,0.0,0.0
https://openalex.org/W4250011202,2018,0,2,0,0,0,0,0,0,0,0,0,1,0,1.0986122886681098,0.0,0.0
https://openalex.org/W3166614082,2018,0,6,0,0,0,0,0,0,0,0,0,0,0,1.9459101490553132,0.0,0.0
https://openalex.org/W4205226044,2018,31,4,4,2,1,1,0,0,0,0,0,1,1,1.6094379124341003,1.6094379124341003,1.0986122886681098
https://openalex.org/W2899189885,2018,2,5,0,0,0,0,0,0,0,0,0,1,0,1.791759469228055,0.0,0.0
https://openalex.org/W2783314786,2018,19,2,1,1,0,0,0,0,0,1,1,0,0,1.0986122886681098,0.6931471805599453,0.6931471805599453
https://openalex.org/W3138443490,2018,4,3,1,1,0,0,0,0,0,0,0,1,0,1.3862943611198906,0.6931471805599453,0.6931471805599453
https://openalex.org/W4319240849,2018,0,1,1,1,0,0,0,0,1,0,1,1,0,0.6931471805599453,0.6931471805599453,0.6931471805599453
https://openalex.org/W2948366938,2018,1,1,0,0,0,0,0,0,0,0,0,0,0,0.6931471805599453,0.0,0.0
https://openalex.org/W2886112995,2018,0,1,0,0,0,0,0,0,0,0,0,0,0,0.6931471805599453,0.0,0.0
https://openalex.org/W2905215270,2018,4,4,1,1,0,0,0,0,0,0,1,1,0,1.6094379124341003,0.6931471805599453,0.6931471805599453
https://openalex.org/W3086674914,2018,1,1,2,1,1,0,0,0,0,0,1,1,0,0.6931471805599453,1.0986122886681098,0.6931471805599453
https://openalex.org/W2803266644,2018,21,8,4,2,1,1,1,1,0,1,0,1,0,2.1972245773362196,1.6094379124341003,1.0986122886681098
https://openalex.org/W2797554372,2018,1,1,0,0,0,0,0,0,0,0,0,1,0,0.6931471805599453,0.0,0.0
https://openalex.org/W2896276515,2018,4,3,1,1,0,0,0,0,0,0,1,1,0,1.3862943611198906,0.6931471805599453,0.6931471805599453
https://openalex.org/W2840777946,2018,38,4,1,1,0,0,0,0,0,0,1,0,1,1.6094379124341003,0.6931471805599453,0.6931471805599453
https://openalex.org/W4253235811,2018,0,1,0,0,0,0,0,0,0,0,1,1,0,0.6931471805599453,0.0,0.0
https://openalex.org/W2896516289,2018,4,5,0,0,0,0,0,0,0,0,0,1,0,1.791759469228055,0.0,0.0
https://openalex.org/W3109123796,2018,0,1,0,0,0,0,0,0,0,0,0,1,0,0.6931471805599453,0.0,0.0
https://openalex.org/W2886281477,2018,11,3,2,1,1,0,0,0,0,0,1,1,0,1.3862943611198906,1.0986122886681098,0.6931471805599453
https://openalex.org/W4289221376,2018,1,3,1,1,0,0,0,0,0,0,1,0,0,1.3862943611198906,0.6931471805599453,0.6931471805599453
https://openalex.org/W2885562490,2018,1,1,0,0,0,0,0,0,0,0,0,0,0,0.6931471805599453,0.0,0.0
https://openalex.org/W2797982291,2018,16,6,10,2,1,1,0,0,1,0,0,1,0,1.9459101490553132,2.3978952727983707,1.0986122886681098
https://openalex.org/W3010347210,2018,1,3,2,1,1,0,0,0,0,0,1,1,0,1.3862943611198906,1.0986122886681098,0.6931471805599453
https://openalex.org/W3208766580,2018,0,1,0,0,0,0,0,0,0,0,0,0,0,0.6931471805599453,0.0,0.0
https://openalex.org/W2919780311,2018,0,2,0,0,0,0,0,0,0,0,0,1,0,1.0986122886681098,0.0,0.0
https://openalex.org/W3188719089,2018,0,2,0,0,0,0,0,0,0,0,0,1,0,1.0986122886681098,0.0,0.0
https://openalex.org/W2882889725,2018,5,1,1,1,0,0,0,0,0,1,0,1,0,0.6931471805599453,0.6931471805599453,0.6931471805599453
https://openalex.org/W2808528659,2018,0,3,2,1,1,0,0,0,0,0,0,0,0,1.3862943611198906,1.0986122886681098,0.6931471805599453
https://openalex.org/W2913382472,2018,0,1,0,0,0,0,0,0,0,0,1,1,0,0.6931471805599453,0.0,0.0
https://openalex.org/W3211315261,2018,0,1,1,1,0,0,0,0,0,0,0,0,0,0.6931471805599453,0.6931471805599453,0.6931471805599453
https://openalex.org/W4206681555,2018,0,1,1,1,0,0,0,0,0,0,1,0,0,0.6931471805599453,0.6931471805599453,0.6931471805599453
https://openalex.org/W2913881811,2018,0,1,0,0,0,0,0,0,0,0,1,0,0,0.6931471805599453,0.0,0.0
https://openalex.org/W4255433894,2018,6,6,1,1,0,0,0,0,0,0,0,1,0,1.9459101490553132,0.6931471805599453,0.6931471805599453
https://openalex.org/W2895896628,2018,1,3,2,2,1,1,0,0,0,0,0,0,0,1.3862943611198906,1.0986122886681098,1.0986122886681098
https://openalex.org/W2917740863,2018,0,2,0,0,0,0,0,0,0,0,0,1,0,1.0986122886681098,0.0,0.0
https://openalex.org/W3182809299,2018,0,2,0,0,0,0,0,0,0,0,0,0,0,1.0986122886681098,0.0,0.0
https://openalex.org/W3140242661,2018,4,4,0,0,0,0,0,0,0,0,1,1,0,1.6094379124341003,0.0,0.0
https://openalex.org/W2905438527,2018,1,3,0,0,0,0,0,0,0,0,0,1,0,1.3862943611198906,0.0,0.0
https://openalex.org/W2968772980,2018,4,2,0,0,0,0,0,0,0,0,0,1,0,1.0986122886681098,0.0,0.0
https://openalex.org/W4386478826,2018,1,3,4,2,1,1,0,0,1,0,1,1,0,1.3862943611198906,1.6094379124341003,1.0986122886681098
https://openalex.org/W2793812034,2018,18,4,3,2,1,1,0,0,0,1,0,1,0,1.6094379124341003,1.3862943611198906,1.0986122886681098
https://openalex.org/W2319644236,2018,0,1,0,0,0,0,0,0,0,0,0,1,0,0.6931471805599453,0.0,0.0
https://openalex.org/W3202693111,2018,0,3,0,0,0,0,0,0,0,0,0,0,0,1.3862943611198906,0.0,0.0
https://openalex.org/W2914764929,2018,0,2,0,0,0,0,0,0,0,0,0,0,0,1.0986122886681098,0.0,0.0
https://openalex.org/W2990602799,2018,20,3,3,3,1,1,1,0,0,1,0,0,0,1.3862943611198906,1.3862943611198906,1.3862943611198906
https://openalex.org/W2969596012,2018,0,2,1,1,0,0,0,0,0,0,1,1,0,1.0986122886681098,0.6931471805599453,0.6931471805599453
https://openalex.org/W2790150383,2018,55,2,1,1,0,0,0,0,0,0,0,1,1,1.0986122886681098,0.6931471805599453,0.6931471805599453
https://openalex.org/W2799647906,2018,1,2,0,0,0,0,0,0,0,0,0,1,0,1.0986122886681098,0.0,0.0
https://openalex.org/W2895889173,2018,0,1,0,0,0,0,0,0,0,0,1,0,0,0.6931471805599453,0.0,0.0
https://openalex.org/W2935650939,2018,0,2,0,0,0,0,0,0,0,0,0,1,0,1.0986122886681098,0.0,0.0
https://openalex.org/W2917210110,2018,0,6,0,0,0,0,0,0,0,0,0,1,0,1.9459101490553132,0.0,0.0
https://openalex.org/W4241553545,2018,0,5,1,1,0,0,0,0,0,1,1,1,0,1.791759469228055,0.6931471805599453,0.6931471805599453
https://openalex.org/W3031669199,2018,1,1,0,0,0,0,0,0,0,0,1,0,0,0.6931471805599453,0.0,0.0
https://openalex.org/W2889629400,2018,0,1,0,0,0,0,0,0,0,0,0,0,0,0.6931471805599453,0.0,0.0
https://openalex.org/W7145445035,2018,0,1,2,2,1,1,0,1,0,1,1,0,0,0.6931471805599453,1.0986122886681098,1.0986122886681098
https://openalex.org/W4285052793,2018,0,1,1,1,0,0,0,0,0,0,1,1,0,0.6931471805599453,0.6931471805599453,0.6931471805599453
https://openalex.org/W2807332254,2018,2,3,1,1,0,0,0,0,0,0,1,1,0,1.3862943611198906,0.6931471805599453,0.6931471805599453
https://openalex.org/W2883098102,2018,1,1,0,0,0,0,0,0,0,0,1,1,0,0.6931471805599453,0.0,0.0
https://openalex.org/W2979179819,2018,0,1,0,0,0,0,0,0,0,0,0,0,0,0.6931471805599453,0.0,0.0
https://openalex.org/W2888232436,2018,0,1,1,1,0,0,0,0,0,0,1,0,0,0.6931471805599453,0.6931471805599453,0.6931471805599453
https://openalex.org/W2886914579,2018,0,4,0,0,0,0,0,0,0,0,0,1,0,1.6094379124341003,0.0,0.0
https://openalex.org/W2891408442,2018,0,4,0,0,0,0,0,0,0,0,0,1,0,1.6094379124341003,0.0,0.0
https://openalex.org/W4254401536,2018,1,2,1,1,0,0,0,0,0,0,0,1,0,1.0986122886681098,0.6931471805599453,0.6931471805599453
https://openalex.org/W2790740027,2018,3,1,1,1,0,0,0,0,0,0,1,1,0,0.6931471805599453,0.6931471805599453,0.6931471805599453
https://openalex.org/W2890658389,2018,33,4,2,2,1,1,0,0,0,0,0,1,1,1.6094379124341003,1.0986122886681098,1.0986122886681098
https://openalex.org/W2901084844,2018,0,1,0,0,0,0,0,0,0,0,0,0,0,0.6931471805599453,0.0,0.0
https://openalex.org/W2800774540,2018,0,2,1,1,0,0,0,0,0,0,0,1,0,1.0986122886681098,0.6931471805599453,0.6931471805599453
https://openalex.org/W2949853925,2018,2,4,1,1,0,0,0,0,0,0,1,1,0,1.6094379124341003,0.6931471805599453,0.6931471805599453
https://openalex.org/W2917454378,2018,0,5,1,1,0,0,0,0,0,1,0,0,0,1.791759469228055,0.6931471805599453,0.6931471805599453
https://openalex.org/W2792446498,2018,17,4,4,2,1,1,0,0,1,0,0,1,0,1.6094379124341003,1.6094379124341003,1.0986122886681098
https://openalex.org/W2896111245,2018,0,4,3,2,1,1,0,0,0,1,1,1,0,1.6094379124341003,1.3862943611198906,1.0986122886681098
https://openalex.org/W2806922012,2018,3,2,1,1,0,0,0,0,0,0,0,1,0,1.0986122886681098,0.6931471805599453,0.6931471805599453
https://openalex.org/W2884889682,2018,2,1,1,1,0,0,0,0,0,0,1,1,0,0.6931471805599453,0.6931471805599453,0.6931471805599453
https://openalex.org/W2977803968,2018,0,2,0,0,0,0,0,0,0,0,0,0,0,1.0986122886681098,0.0,0.0
https://openalex.org/W2809812274,2018,0,4,0,0,0,0,0,0,0,0,0,0,0,1.6094379124341003,0.0,0.0
https://openalex.org/W3184531407,2018,0,7,0,0,0,0,0,0,0,0,0,0,0,2.0794415416798357,0.0,0.0
https://openalex.org/W2807570120,2018,1,3,2,1,1,0,0,0,0,0,1,0,0,1.3862943611198906,1.0986122886681098,0.6931471805599453
https://openalex.org/W3133245831,2018,0,1,0,0,0,0,0,0,0,0,0,0,0,0.6931471805599453,0.0,0.0
https://openalex.org/W2800440606,2018,0,1,0,0,0,0,0,0,0,0,0,1,0,0.6931471805599453,0.0,0.0
https://openalex.org/W3118180614,2018,0,1,0,0,0,0,0,0,0,0,0,0,0,0.6931471805599453,0.0,0.0
https://openalex.org/W2895983181,2018,5,3,1,1,0,0,0,0,0,0,0,1,0,1.3862943611198906,0.6931471805599453,0.6931471805599453
https://openalex.org/W2902851441,2018,0,4,0,0,0,0,0,0,0,0,1,1,0,1.6094379124341003,0.0,0.0
https://openalex.org/W2997098501,2018,1,1,0,0,0,0,0,0,0,0,0,1,0,0.6931471805599453,0.0,0.0
https://openalex.org/W2980227214,2018,0,1,0,0,0,0,0,0,0,0,1,0,0,0.6931471805599453,0.0,0.0
https://openalex.org/W2939327711,2018,0,1,0,0,0,0,0,0,0,0,1,0,0,0.6931471805599453,0.0,0.0
https://openalex.org/W2915341905,2018,2,2,1,1,0,0,0,0,0,0,0,0,0,1.0986122886681098,0.6931471805599453,0.6931471805599453
https://openalex.org/W2963327283,2018,0,1,0,0,0,0,0,0,0,0,0,1,0,0.6931471805599453,0.0,0.0
https://openalex.org/W2921830693,2018,5,2,1,1,0,0,0,0,0,0,0,1,0,1.0986122886681098,0.6931471805599453,0.6931471805599453
https://openalex.org/W2950482468,2018,0,3,0,0,0,0,0,0,0,0,0,1,0,1.3862943611198906,0.0,0.0
https://openalex.org/W2884810262,2018,5,1,0,0,0,0,0,0,0,0,1,1,0,0.6931471805599453,0.0,0.0
https://openalex.org/W2790369238,2018,1,8,4,2,1,1,0,0,0,1,0,0,0,2.1972245773362196,1.6094379124341003,1.0986122886681098
https://openalex.org/W4240135238,2018,8,2,2,1,1,0,0,0,0,0,1,1,0,1.0986122886681098,1.0986122886681098,0.6931471805599453
https://openalex.org/W2803975241,2018,10,3,2,1,1,0,0,0,0,0,0,0,0,1.3862943611198906,1.0986122886681098,0.6931471805599453
https://openalex.org/W2900271492,2018,13,3,1,1,0,0,0,0,0,0,0,0,0,1.3862943611198906,0.6931471805599453,0.6931471805599453
https://openalex.org/W2976875328,2018,3,2,0,0,0,0,0,0,0,0,1,1,0,1.0986122886681098,0.0,0.0
https://openalex.org/W2807687723,2018,10,2,1,1,0,0,0,0,0,0,0,1,0,1.0986122886681098,0.6931471805599453,0.6931471805599453
https://openalex.org/W2900789902,2018,2,3,5,1,1,0,0,0,1,0,0,0,0,1.3862943611198906,1.791759469228055,0.6931471805599453
https://openalex.org/W2899759940,2018,0,2,1,1,0,0,0,0,0,1,0,0,0,1.0986122886681098,0.6931471805599453,0.6931471805599453
https://openalex.org/W2920825232,2018,0,1,0,0,0,0,0,0,0,0,0,0,0,0.6931471805599453,0.0,0.0
https://openalex.org/W2945958015,2018,1,5,6,4,1,1,0,0,0,1,0,0,0,1.791759469228055,1.9459101490553132,1.6094379124341003
https://openalex.org/W2914230150,2018,0,3,0,0,0,0,0,0,0,0,0,1,0,1.3862943611198906,0.0,0.0
https://openalex.org/W3171302365,2018,0,4,0,0,0,0,0,0,0,0,1,0,0,1.6094379124341003,0.0,0.0
https://openalex.org/W2798683079,2018,340,3,1,1,0,0,0,0,0,0,1,1,1,1.3862943611198906,0.6931471805599453,0.6931471805599453
https://openalex.org/W2883107451,2018,77,2,2,1,1,0,0,0,0,0,0,1,1,1.0986122886681098,1.0986122886681098,0.6931471805599453
https://openalex.org/W2848272468,2018,18,3,3,1,1,0,0,0,0,0,1,1,0,1.3862943611198906,1.3862943611198906,0.6931471805599453
https://openalex.org/W3029218666,2018,0,2,1,1,0,0,0,0,0,0,0,0,0,1.0986122886681098,0.6931471805599453,0.6931471805599453
https://openalex.org/W2897496898,2018,34,4,2,2,1,1,0,0,0,0,0,1,1,1.6094379124341003,1.0986122886681098,1.0986122886681098
https://openalex.org/W3122706306,2018,0,1,0,0,0,0,0,0,0,0,0,0,0,0.6931471805599453,0.0,0.0
https://openalex.org/W2790077015,2018,2,3,2,1,1,0,0,0,0,0,1,1,0,1.3862943611198906,1.0986122886681098,0.6931471805599453
https://openalex.org/W4236617225,2018,1,5,3,1,1,0,0,1,0,1,0,0,0,1.791759469228055,1.3862943611198906,0.6931471805599453
https://openalex.org/W2986614021,2018,2,1,1,1,0,0,0,0,0,0,1,1,0,0.6931471805599453,0.6931471805599453,0.6931471805599453
https://openalex.org/W2907482544,2018,4,4,2,1,1,0,0,0,0,0,0,0,0,1.6094379124341003,1.0986122886681098,0.6931471805599453
https://openalex.org/W2802340306,2018,6,6,2,1,1,0,0,0,0,0,0,1,0,1.9459101490553132,1.0986122886681098,0.6931471805599453
https://openalex.org/W2793196847,2018,0,1,0,0,0,0,0,0,0,0,1,1,0,0.6931471805599453,0.0,0.0
https://openalex.org/W7109584452,2018,0,1,0,0,0,0,0,0,0,0,1,1,0,0.6931471805599453,0.0,0.0
https://openalex.org/W2799837243,2018,1,4,0,0,0,0,0,0,0,0,1,0,0,1.6094379124341003,0.0,0.0
https://openalex.org/W3084939189,2018,0,1,1,1,0,0,0,0,0,1,0,1,0,0.6931471805599453,0.6931471805599453,0.6931471805599453
https://openalex.org/W2988355136,2018,0,1,1,1,0,0,1,0,0,1,0,1,0,0.6931471805599453,0.6931471805599453,0.6931471805599453
https://openalex.org/W2891892454,2018,1,3,0,0,0,0,0,0,0,0,0,1,0,1.3862943611198906,0.0,0.0
https://openalex.org/W2858222329,2018,2,3,2,2,1,1,0,0,0,0,0,0,0,1.3862943611198906,1.0986122886681098,1.0986122886681098
https://openalex.org/W2886357989,2018,2,4,2,2,1,1,0,0,0,0,0,1,0,1.6094379124341003,1.0986122886681098,1.0986122886681098
https://openalex.org/W2782714747,2018,7,2,1,1,0,0,0,0,0,1,0,1,0,1.0986122886681098,0.6931471805599453,0.6931471805599453
https://openalex.org/W2886319449,2018,54,1,2,1,1,0,0,0,0,0,0,1,1,0.6931471805599453,1.0986122886681098,0.6931471805599453
https://openalex.org/W2906230471,2018,1,1,1,1,0,0,0,0,0,0,1,1,0,0.6931471805599453,0.6931471805599453,0.6931471805599453
https://openalex.org/W2890669295,2018,0,3,0,0,0,0,0,0,0,0,0,1,0,1.3862943611198906,0.0,0.0
https://openalex.org/W2939372847,2018,1,4,2,1,1,0,0,1,0,0,0,0,0,1.6094379124341003,1.0986122886681098,0.6931471805599453
https://openalex.org/W2797746729,2018,0,1,0,0,0,0,0,0,0,0,0,1,0,0.6931471805599453,0.0,0.0
https://openalex.org/W3003890665,2018,0,1,1,1,0,0,0,0,0,0,1,1,0,0.6931471805599453,0.6931471805599453,0.6931471805599453
https://openalex.org/W3010999265,2018,25,5,5,2,1,1,1,0,0,0,1,0,1,1.791759469228055,1.791759469228055,1.0986122886681098
https://openalex.org/W2790077731,2018,7,3,1,1,0,0,0,0,0,1,0,1,0,1.3862943611198906,0.6931471805599453,0.6931471805599453
https://openalex.org/W2896775822,2018,2,1,0,0,0,0,0,0,0,0,0,1,0,0.6931471805599453,0.0,0.0
https://openalex.org/W2796767721,2018,25,4,1,1,0,0,0,0,0,1,0,0,1,1.6094379124341003,0.6931471805599453,0.6931471805599453
https://openalex.org/W2403284201,2018,6,4,1,1,0,0,0,0,0,0,1,1,0,1.6094379124341003,0.6931471805599453,0.6931471805599453
https://openalex.org/W2807700752,2018,0,4,1,1,0,0,0,0,0,0,0,0,0,1.6094379124341003,0.6931471805599453,0.6931471805599453
https://openalex.org/W2891905260,2018,17,3,2,2,1,1,0,0,0,0,0,1,0,1.3862943611198906,1.0986122886681098,1.0986122886681098
https://openalex.org/W2789109509,2018,0,4,0,0,0,0,0,0,0,0,0,0,0,1.6094379124341003,0.0,0.0
https://openalex.org/W2889293864,2018,77,2,2,2,1,1,0,0,0,0,1,1,1,1.0986122886681098,1.0986122886681098,1.0986122886681098
https://openalex.org/W2805313170,2018,19,7,2,1,1,0,0,0,0,0,0,1,0,2.0794415416798357,1.0986122886681098,0.6931471805599453
https://openalex.org/W2903714360,2018,11,3,0,0,0,0,0,0,0,0,0,0,0,1.3862943611198906,0.0,0.0
https://openalex.org/W2810403489,2018,2,1,0,0,0,0,0,0,0,0,1,1,0,0.6931471805599453,0.0,0.0
https://openalex.org/W2949797506,2018,0,3,0,0,0,0,0,0,0,0,0,1,0,1.3862943611198906,0.0,0.0
https://openalex.org/W2822173741,2018,1,2,2,1,1,0,0,0,0,1,0,1,0,1.0986122886681098,1.0986122886681098,0.6931471805599453
https://openalex.org/W2930274650,2018,0,3,1,1,0,0,0,0,0,0,0,0,0,1.3862943611198906,0.6931471805599453,0.6931471805599453
https://openalex.org/W2784816155,2018,24,3,1,1,0,0,0,0,0,0,1,1,0,1.3862943611198906,0.6931471805599453,0.6931471805599453
https://openalex.org/W2802803216,2018,8,2,0,0,0,0,0,0,0,0,0,1,0,1.0986122886681098,0.0,0.0
https://openalex.org/W2800358740,2018,1,5,0,0,0,0,0,0,0,0,0,1,0,1.791759469228055,0.0,0.0
https://openalex.org/W2895991738,2018,2,1,0,0,0,0,0,0,0,0,0,1,0,0.6931471805599453,0.0,0.0
https://openalex.org/W2892224887,2018,8,3,1,1,0,0,0,0,0,0,0,0,0,1.3862943611198906,0.6931471805599453,0.6931471805599453
https://openalex.org/W2800168962,2018,0,1,0,0,0,0,0,0,0,0,0,1,0,0.6931471805599453,0.0,0.0
https://openalex.org/W2802246006,2018,8,2,1,1,0,0,0,0,0,0,0,1,0,1.0986122886681098,0.6931471805599453,0.6931471805599453
https://openalex.org/W2795339516,2018,70,5,5,2,1,1,0,0,1,0,0,1,1,1.791759469228055,1.791759469228055,1.0986122886681098
https://openalex.org/W2887014437,2018,2,1,1,1,0,0,0,0,0,0,0,1,0,0.6931471805599453,0.6931471805599453,0.6931471805599453
https://openalex.org/W2905546745,2018,0,1,0,0,0,0,0,0,0,0,0,0,0,0.6931471805599453,0.0,0.0
https://openalex.org/W2902769416,2018,1,1,1,1,0,0,0,0,0,1,0,1,0,0.6931471805599453,0.6931471805599453,0.6931471805599453
https://openalex.org/W3160559403,2018,0,2,0,0,0,0,0,0,0,0,0,1,0,1.0986122886681098,0.0,0.0
https://openalex.org/W2790357270,2018,60,2,2,2,1,1,0,1,0,1,0,1,1,1.0986122886681098,1.0986122886681098,1.0986122886681098
https://openalex.org/W4255575227,2018,0,6,2,1,1,0,1,0,0,1,1,1,0,1.9459101490553132,1.0986122886681098,0.6931471805599453
https://openalex.org/W2911464632,2018,9,8,3,2,1,1,0,1,0,0,0,0,0,2.1972245773362196,1.3862943611198906,1.0986122886681098
https://openalex.org/W2892561342,2018,0,6,0,0,0,0,0,0,0,0,1,1,0,1.9459101490553132,0.0,0.0
https://openalex.org/W2913361610,2018,1,3,1,1,0,0,0,0,0,0,1,1,0,1.3862943611198906,0.6931471805599453,0.6931471805599453
https://openalex.org/W2963318552,2018,0,1,0,0,0,0,0,0,0,0,0,0,0,0.6931471805599453,0.0,0.0
https://openalex.org/W2897124891,2018,4,1,0,0,0,0,0,0,0,0,0,1,0,0.6931471805599453,0.0,0.0
https://openalex.org/W2858612570,2018,0,3,0,0,0,0,0,0,0,0,1,1,0,1.3862943611198906,0.0,0.0
https://openalex.org/W2952023837,2018,18,5,5,2,1,1,1,0,1,0,0,1,0,1.791759469228055,1.791759469228055,1.0986122886681098
https://openalex.org/W2792294045,2018,5,2,1,1,0,0,0,0,0,1,0,1,0,1.0986122886681098,0.6931471805599453,0.6931471805599453
https://openalex.org/W2954074800,2018,1,1,0,0,0,0,0,0,0,0,1,0,0,0.6931471805599453,0.0,0.0
https://openalex.org/W2889822916,2018,2,2,0,0,0,0,0,0,0,0,0,1,0,1.0986122886681098,0.0,0.0
https://openalex.org/W2911683770,2018,0,2,1,1,0,0,0,0,0,0,1,1,0,1.0986122886681098,0.6931471805599453,0.6931471805599453
https://openalex.org/W3047635956,2018,0,2,0,0,0,0,0,0,0,0,0,1,0,1.0986122886681098,0.0,0.0
https://openalex.org/W2884301362,2018,0,1,0,0,0,0,0,0,0,0,1,1,0,0.6931471805599453,0.0,0.0
https://openalex.org/W2800701614,2018,16,2,2,1,1,0,0,0,0,0,0,1,0,1.0986122886681098,1.0986122886681098,0.6931471805599453
https://openalex.org/W2799119017,2018,45,4,0,0,0,0,0,0,0,0,1,0,1,1.6094379124341003,0.0,0.0
https://openalex.org/W2868546737,2018,22,2,2,2,1,1,0,0,0,0,0,0,0,1.0986122886681098,1.0986122886681098,1.0986122886681098
https://openalex.org/W2801229156,2018,0,1,0,0,0,0,0,0,0,0,0,1,0,0.6931471805599453,0.0,0.0
https://openalex.org/W2795715480,2018,13,1,3,1,1,0,1,1,0,0,0,1,0,0.6931471805599453,1.3862943611198906,0.6931471805599453
https://openalex.org/W2805624110,2018,33,5,2,1,1,0,0,0,0,0,0,1,1,1.791759469228055,1.0986122886681098,0.6931471805599453
https://openalex.org/W4239477471,2018,1,1,1,1,0,0,0,0,0,0,1,1,0,0.6931471805599453,0.6931471805599453,0.6931471805599453
https://openalex.org/W2990444888,2018,19,3,0,0,0,0,0,0,0,0,0,1,0,1.3862943611198906,0.0,0.0
https://openalex.org/W3134459514,2018,1,5,0,0,0,0,0,0,0,0,1,1,0,1.791759469228055,0.0,0.0
https://openalex.org/W2953738819,2018,0,1,0,0,0,0,0,0,0,0,0,0,0,0.6931471805599453,0.0,0.0
https://openalex.org/W2899683039,2018,3,3,2,1,1,0,0,0,0,0,1,1,0,1.3862943611198906,1.0986122886681098,0.6931471805599453
https://openalex.org/W2902276282,2018,14,3,1,1,0,0,0,0,0,0,1,1,0,1.3862943611198906,0.6931471805599453,0.6931471805599453
https://openalex.org/W3198793756,2018,0,1,1,1,0,0,0,0,0,0,0,1,0,0.6931471805599453,0.6931471805599453,0.6931471805599453
https://openalex.org/W2788726540,2018,4,5,2,1,1,0,0,0,0,1,0,0,0,1.791759469228055,1.0986122886681098,0.6931471805599453
https://openalex.org/W2906940778,2018,2,3,1,1,0,0,0,0,0,0,1,1,0,1.3862943611198906,0.6931471805599453,0.6931471805599453
https://openalex.org/W2834372216,2018,0,3,3,2,1,1,0,0,0,0,0,1,0,1.3862943611198906,1.3862943611198906,1.0986122886681098
https://openalex.org/W3009213005,2018,6,5,1,1,0,0,0,0,0,0,0,0,0,1.791759469228055,0.6931471805599453,0.6931471805599453
https://openalex.org/W2922520824,2018,21,4,0,0,0,0,0,0,0,0,0,0,0,1.6094379124341003,0.0,0.0
https://openalex.org/W2905531958,2018,38,2,1,1,0,0,0,0,0,0,1,1,1,1.0986122886681098,0.6931471805599453,0.6931471805599453
https://openalex.org/W2889622112,2018,26,3,4,2,1,1,0,0,0,1,1,1,1,1.3862943611198906,1.6094379124341003,1.0986122886681098
https://openalex.org/W2801344632,2018,8,2,1,1,0,0,0,0,0,0,0,1,0,1.0986122886681098,0.6931471805599453,0.6931471805599453
https://openalex.org/W3145577901,2018,0,2,0,0,0,0,0,0,0,0,0,1,0,1.0986122886681098,0.0,0.0
https://openalex.org/W4250177693,2018,1,5,1,1,0,0,0,0,0,0,0,0,0,1.791759469228055,0.6931471805599453,0.6931471805599453
https://openalex.org/W2935079225,2018,0,1,0,0,0,0,0,0,0,0,0,1,0,0.6931471805599453,0.0,0.0
https://openalex.org/W2794458762,2018,10,2,1,1,0,0,0,0,1,1,0,1,0,1.0986122886681098,0.6931471805599453,0.6931471805599453
https://openalex.org/W2995286728,2018,0,3,0,0,0,0,0,0,0,0,0,0,0,1.3862943611198906,0.0,0.0
https://openalex.org/W2789680561,2018,39,5,1,1,0,0,0,0,0,0,0,1,1,1.791759469228055,0.6931471805599453,0.6931471805599453
https://openalex.org/W2940697379,2018,0,1,0,0,0,0,0,0,0,0,0,0,0,0.6931471805599453,0.0,0.0
https://openalex.org/W3033393951,2018,0,3,0,0,0,0,0,0,0,0,0,1,0,1.3862943611198906,0.0,0.0
https://openalex.org/W4302323364,2018,0,1,1,1,0,0,0,0,1,1,1,0,0,0.6931471805599453,0.6931471805599453,0.6931471805599453
https://openalex.org/W2979105911,2018,0,2,0,0,0,0,0,0,0,0,0,1,0,1.0986122886681098,0.0,0.0
https://openalex.org/W2944160086,2018,0,2,0,0,0,0,0,0,0,0,0,1,0,1.0986122886681098,0.0,0.0
https://openalex.org/W2892553123,2018,0,1,0,0,0,0,0,0,0,0,0,1,0,0.6931471805599453,0.0,0.0
https://openalex.org/W7132528537,2018,0,1,0,0,0,0,0,0,0,0,0,0,0,0.6931471805599453,0.0,0.0
https://openalex.org/W4239178503,2018,2,1,0,0,0,0,0,0,0,0,1,1,0,0.6931471805599453,0.0,0.0
https://openalex.org/W2811111226,2018,11,5,4,2,1,1,0,0,0,0,1,1,0,1.791759469228055,1.6094379124341003,1.0986122886681098
https://openalex.org/W2911092176,2018,7,1,0,0,0,0,0,0,0,0,0,0,0,0.6931471805599453,0.0,0.0
https://openalex.org/W2935929670,2018,19,3,0,0,0,0,0,0,0,0,0,1,0,1.3862943611198906,0.0,0.0
https://openalex.org/W3200547024,2018,0,1,0,0,0,0,0,0,0,0,0,1,0,0.6931471805599453,0.0,0.0
https://openalex.org/W2890685186,2018,25,3,2,2,1,1,1,0,0,1,0,0,1,1.3862943611198906,1.0986122886681098,1.0986122886681098
https://openalex.org/W2889756363,2018,22,4,3,2,1,1,0,0,0,1,1,1,0,1.6094379124341003,1.3862943611198906,1.0986122886681098
https://openalex.org/W2770734356,2018,33,4,2,1,1,0,0,0,0,0,1,1,1,1.6094379124341003,1.0986122886681098,0.6931471805599453
https://openalex.org/W2903608025,2018,2,4,3,1,1,0,0,0,0,0,0,1,0,1.6094379124341003,1.3862943611198906,0.6931471805599453
https://openalex.org/W2905601657,2018,0,2,1,1,0,0,0,0,0,1,1,1,0,1.0986122886681098,0.6931471805599453,0.6931471805599453
https://openalex.org/W2940139736,2018,0,1,0,0,0,0,0,0,0,0,1,1,0,0.6931471805599453,0.0,0.0
https://openalex.org/W3200386675,2018,0,5,0,0,0,0,0,0,0,0,0,1,0,1.791759469228055,0.0,0.0
https://openalex.org/W2906598025,2018,25,2,2,1,1,0,0,0,0,0,0,0,1,1.0986122886681098,1.0986122886681098,0.6931471805599453
https://openalex.org/W2952039056,2018,0,4,0,0,0,0,0,0,0,0,0,0,0,1.6094379124341003,0.0,0.0
https://openalex.org/W2904104781,2018,14,5,2,2,1,1,0,0,0,0,1,1,0,1.791759469228055,1.0986122886681098,1.0986122886681098
https://openalex.org/W2908720855,2018,10,1,1,1,0,0,0,0,0,0,0,0,0,0.6931471805599453,0.6931471805599453,0.6931471805599453
https://openalex.org/W2887480853,2018,14,2,1,1,0,0,0,0,0,0,0,1,0,1.0986122886681098,0.6931471805599453,0.6931471805599453
https://openalex.org/W2887827684,2018,19,5,2,2,1,1,0,0,1,0,0,1,0,1.791759469228055,1.0986122886681098,1.0986122886681098
https://openalex.org/W2798710412,2018,12,4,2,1,1,0,0,1,0,0,0,0,0,1.6094379124341003,1.0986122886681098,0.6931471805599453
https://openalex.org/W2891861422,2018,1,2,1,1,0,0,0,0,0,1,0,0,0,1.0986122886681098,0.6931471805599453,0.6931471805599453
https://openalex.org/W3124055637,2018,2,2,0,0,0,0,0,0,0,0,0,1,0,1.0986122886681098,0.0,0.0
https://openalex.org/W2944322328,2018,0,1,0,0,0,0,0,0,0,0,0,1,0,0.6931471805599453,0.0,0.0
https://openalex.org/W2892610178,2018,2,6,2,1,1,0,0,0,0,0,1,1,0,1.9459101490553132,1.0986122886681098,0.6931471805599453
https://openalex.org/W2898105697,2018,3,1,3,1,1,0,0,0,1,0,1,1,0,0.6931471805599453,1.3862943611198906,0.6931471805599453
https://openalex.org/W2978674265,2018,0,1,0,0,0,0,0,0,0,0,0,1,0,0.6931471805599453,0.0,0.0
https://openalex.org/W2890958249,2018,0,1,0,0,0,0,0,0,0,0,1,1,0,0.6931471805599453,0.0,0.0
https://openalex.org/W2896080393,2018,2,4,0,0,0,0,0,0,0,0,1,0,0,1.6094379124341003,0.0,0.0
https://openalex.org/W2964238560,2018,0,1,1,1,0,0,0,0,0,1,1,0,0,0.6931471805599453,0.6931471805599453,0.6931471805599453
https://openalex.org/W2945691299,2018,4,2,1,1,0,0,0,0,0,0,0,0,0,1.0986122886681098,0.6931471805599453,0.6931471805599453
https://openalex.org/W2903393636,2018,1,1,0,0,0,0,0,0,0,0,1,1,0,0.6931471805599453,0.0,0.0
https://openalex.org/W2883162668,2018,41,5,1,1,0,0,0,0,0,0,1,1,1,1.791759469228055,0.6931471805599453,0.6931471805599453
https://openalex.org/W2994947068,2018,0,6,0,0,0,0,0,0,0,0,0,1,0,1.9459101490553132,0.0,0.0
https://openalex.org/W2796065322,2018,15,4,3,3,1,1,1,0,0,1,0,0,0,1.6094379124341003,1.3862943611198906,1.3862943611198906
https://openalex.org/W3087808433,2018,2,3,0,0,0,0,0,0,0,0,0,1,0,1.3862943611198906,0.0,0.0
https://openalex.org/W2792731405,2018,1,4,1,1,0,0,0,0,0,0,1,0,0,1.6094379124341003,0.6931471805599453,0.6931471805599453
https://openalex.org/W2783905828,2018,5,4,1,1,0,0,0,1,0,0,0,0,0,1.6094379124341003,0.6931471805599453,0.6931471805599453
https://openalex.org/W2890361336,2018,0,2,1,1,0,0,0,0,0,1,0,1,0,1.0986122886681098,0.6931471805599453,0.6931471805599453
https://openalex.org/W2808976717,2018,0,1,0,0,0,0,0,0,0,0,0,0,0,0.6931471805599453,0.0,0.0
https://openalex.org/W2807236978,2018,11,3,2,1,1,0,0,0,0,0,0,1,0,1.3862943611198906,1.0986122886681098,0.6931471805599453
https://openalex.org/W2951959289,2018,0,1,0,0,0,0,0,0,0,0,0,0,0,0.6931471805599453,0.0,0.0
https://openalex.org/W3014434332,2018,0,1,0,0,0,0,0,0,0,0,1,1,0,0.6931471805599453,0.0,0.0
https://openalex.org/W2998463647,2018,0,8,0,0,0,0,0,0,0,0,0,1,0,2.1972245773362196,0.0,0.0
https://openalex.org/W2829759101,2018,2,5,2,1,1,0,0,0,1,0,0,0,0,1.791759469228055,1.0986122886681098,0.6931471805599453
https://openalex.org/W3195531959,2018,0,2,0,0,0,0,0,0,0,0,0,1,0,1.0986122886681098,0.0,0.0
https://openalex.org/W2915583992,2018,0,1,0,0,0,0,0,0,0,0,0,0,0,0.6931471805599453,0.0,0.0
https://openalex.org/W4231269178,2018,4,2,2,1,1,0,0,0,0,0,0,1,0,1.0986122886681098,1.0986122886681098,0.6931471805599453
https://openalex.org/W2912927924,2018,0,1,1,1,0,0,0,0,0,0,0,0,0,0.6931471805599453,0.6931471805599453,0.6931471805599453
https://openalex.org/W2887480455,2018,1,5,0,0,0,0,0,0,0,0,0,1,0,1.791759469228055,0.0,0.0
https://openalex.org/W2896778311,2018,31,4,3,2,1,1,0,0,0,0,0,0,1,1.6094379124341003,1.3862943611198906,1.0986122886681098
https://openalex.org/W2905448262,2018,0,1,0,0,0,0,0,0,0,0,0,1,0,0.6931471805599453,0.0,0.0
https://openalex.org/W2914231916,2018,0,1,1,1,0,0,0,0,0,0,1,0,0,0.6931471805599453,0.6931471805599453,0.6931471805599453
https://openalex.org/W4255121126,2018,0,2,1,1,0,0,0,0,0,0,1,0,0,1.0986122886681098,0.6931471805599453,0.6931471805599453
https://openalex.org/W2900577926,2018,1,5,0,0,0,0,0,0,0,0,0,0,0,1.791759469228055,0.0,0.0
https://openalex.org/W2783725549,2018,45,2,2,1,1,0,1,1,0,1,0,1,1,1.0986122886681098,1.0986122886681098,0.6931471805599453
https://openalex.org/W3017656816,2018,8,3,3,2,1,1,0,0,1,0,0,1,0,1.3862943611198906,1.3862943611198906,1.0986122886681098
https://openalex.org/W2905238240,2018,6,6,0,0,0,0,0,0,0,0,0,1,0,1.9459101490553132,0.0,0.0
https://openalex.org/W2800842012,2018,11,5,3,1,1,0,0,0,0,0,1,1,0,1.791759469228055,1.3862943611198906,0.6931471805599453
https://openalex.org/W2901286625,2018,7,4,1,1,0,0,0,0,0,0,0,0,0,1.6094379124341003,0.6931471805599453,0.6931471805599453
https://openalex.org/W2802793446,2018,1,1,1,1,0,0,0,0,0,0,1,1,0,0.6931471805599453,0.6931471805599453,0.6931471805599453
https://openalex.org/W2800000403,2018,11,3,1,1,0,0,0,0,0,0,1,1,0,1.3862943611198906,0.6931471805599453,0.6931471805599453
https://openalex.org/W2789002275,2018,24,9,3,1,1,0,1,0,0,1,0,1,0,2.302585092994046,1.3862943611198906,0.6931471805599453
https://openalex.org/W4243402910,2018,0,2,1,1,0,0,0,0,0,0,1,0,0,1.0986122886681098,0.6931471805599453,0.6931471805599453
https://openalex.org/W4289292063,2018,1,2,1,1,0,0,0,0,0,0,1,0,0,1.0986122886681098,0.6931471805599453,0.6931471805599453
https://openalex.org/W2907944413,2018,0,2,0,0,0,0,0,0,0,0,0,1,0,1.0986122886681098,0.0,0.0
https://openalex.org/W2900711731,2018,43,3,3,1,1,0,0,0,0,0,0,0,1,1.3862943611198906,1.3862943611198906,0.6931471805599453
https://openalex.org/W2911597183,2018,0,1,0,0,0,0,0,0,0,0,1,0,0,0.6931471805599453,0.0,0.0
https://openalex.org/W4230356638,2018,0,36,0,0,0,0,0,0,0,0,1,1,0,3.6109179126442243,0.0,0.0
https://openalex.org/W2900448655,2018,0,1,0,0,0,0,0,0,0,0,0,0,0,0.6931471805599453,0.0,0.0
https://openalex.org/W2884044088,2018,0,2,0,0,0,0,0,0,0,0,0,1,0,1.0986122886681098,0.0,0.0
https://openalex.org/W2903364825,2018,2,1,2,2,1,1,0,0,0,0,1,1,0,0.6931471805599453,1.0986122886681098,1.0986122886681098
https://openalex.org/W2901131436,2018,22,4,2,2,1,1,0,0,0,0,0,1,0,1.6094379124341003,1.0986122886681098,1.0986122886681098
https://openalex.org/W2806949588,2018,1,7,0,0,0,0,0,0,0,0,0,1,0,2.0794415416798357,0.0,0.0
https://openalex.org/W2794600378,2018,18,4,3,1,1,0,0,1,0,0,1,1,0,1.6094379124341003,1.3862943611198906,0.6931471805599453
https://openalex.org/W2892174433,2018,3,2,1,1,0,0,0,0,0,0,1,1,0,1.0986122886681098,0.6931471805599453,0.6931471805599453
https://openalex.org/W2795397175,2018,147,5,3,3,1,1,0,0,1,0,0,1,1,1.791759469228055,1.3862943611198906,1.3862943611198906
https://openalex.org/W2883281629,2018,0,2,0,0,0,0,0,0,0,0,0,0,0,1.0986122886681098,0.0,0.0
https://openalex.org/W2946374132,2018,0,3,0,0,0,0,0,0,0,0,0,1,0,1.3862943611198906,0.0,0.0
https://openalex.org/W2784312899,2018,2,2,1,1,0,0,0,0,0,0,1,0,0,1.0986122886681098,0.6931471805599453,0.6931471805599453
https://openalex.org/W2899963663,2018,6,4,1,1,0,0,0,0,0,0,0,0,0,1.6094379124341003,0.6931471805599453,0.6931471805599453
https://openalex.org/W2907486269,2018,6,3,0,0,0,0,0,0,0,0,0,1,0,1.3862943611198906,0.0,0.0
https://openalex.org/W2897577911,2018,20,3,1,1,0,0,0,0,0,0,0,1,0,1.3862943611198906,0.6931471805599453,0.6931471805599453
https://openalex.org/W2904031078,2018,8,4,1,1,0,0,0,0,0,0,1,1,0,1.6094379124341003,0.6931471805599453,0.6931471805599453
https://openalex.org/W4362203715,2018,0,3,0,0,0,0,0,0,0,0,0,0,0,1.3862943611198906,0.0,0.0
https://openalex.org/W2930087577,2018,40,3,1,1,0,0,0,0,0,0,0,0,1,1.3862943611198906,0.6931471805599453,0.6931471805599453
https://openalex.org/W2799372226,2018,146,2,2,2,1,1,0,0,0,1,1,1,1,1.0986122886681098,1.0986122886681098,1.0986122886681098
https://openalex.org/W2914697197,2018,1,2,0,0,0,0,0,0,0,0,0,1,0,1.0986122886681098,0.0,0.0
https://openalex.org/W2906539644,2018,0,1,0,0,0,0,0,0,0,0,0,1,0,0.6931471805599453,0.0,0.0
https://openalex.org/W3033132903,2018,0,2,0,0,0,0,0,0,0,0,0,1,0,1.0986122886681098,0.0,0.0
https://openalex.org/W3020827806,2018,0,1,0,0,0,0,0,0,0,0,1,1,0,0.6931471805599453,0.0,0.0
https://openalex.org/W2897976204,2018,2,2,0,0,0,0,0,0,0,0,1,1,0,1.0986122886681098,0.0,0.0
https://openalex.org/W2896541000,2018,35,3,1,1,0,0,0,0,0,0,0,0,1,1.3862943611198906,0.6931471805599453,0.6931471805599453
https://openalex.org/W2398179955,2018,12,1,1,1,0,0,0,0,0,0,0,1,0,0.6931471805599453,0.6931471805599453,0.6931471805599453
https://openalex.org/W2949005865,2018,24,2,1,1,0,0,0,0,0,0,0,0,0,1.0986122886681098,0.6931471805599453,0.6931471805599453
https://openalex.org/W3010558555,2018,11,2,1,1,0,0,0,0,0,0,0,0,0,1.0986122886681098,0.6931471805599453,0.6931471805599453
https://openalex.org/W2798790471,2018,20,4,2,1,1,0,0,0,0,0,0,0,0,1.6094379124341003,1.0986122886681098,0.6931471805599453
https://openalex.org/W3170402646,2018,0,1,0,0,0,0,0,0,0,0,0,0,0,0.6931471805599453,0.0,0.0
https://openalex.org/W2906693381,2018,22,5,3,3,1,1,0,0,0,0,0,1,0,1.791759469228055,1.3862943611198906,1.3862943611198906
https://openalex.org/W3120893014,2018,12,4,0,0,0,0,0,0,0,0,0,1,0,1.6094379124341003,0.0,0.0
https://openalex.org/W2951506261,2018,0,3,0,0,0,0,0,0,0,0,0,0,0,1.3862943611198906,0.0,0.0
https://openalex.org/W4360792479,2018,0,2,1,1,0,0,0,0,0,0,1,1,0,1.0986122886681098,0.6931471805599453,0.6931471805599453
https://openalex.org/W2908719657,2018,13,6,1,1,0,0,0,0,0,0,1,0,0,1.9459101490553132,0.6931471805599453,0.6931471805599453
https://openalex.org/W2793176108,2018,12,6,2,2,1,1,0,0,0,0,1,0,0,1.9459101490553132,1.0986122886681098,1.0986122886681098
https://openalex.org/W4250268610,2018,0,3,2,2,1,1,0,0,0,0,1,0,0,1.3862943611198906,1.0986122886681098,1.0986122886681098
https://openalex.org/W2946728202,2018,17,3,1,1,0,0,0,0,0,0,0,0,0,1.3862943611198906,0.6931471805599453,0.6931471805599453
https://openalex.org/W2890216969,2018,112,4,1,1,0,0,1,0,0,0,1,0,1,1.6094379124341003,0.6931471805599453,0.6931471805599453
https://openalex.org/W3015795698,2018,7,2,0,0,0,0,0,0,0,0,1,1,0,1.0986122886681098,0.0,0.0
https://openalex.org/W2898117564,2018,1,2,1,1,0,0,0,0,0,1,0,1,0,1.0986122886681098,0.6931471805599453,0.6931471805599453
https://openalex.org/W2980291021,2018,0,1,0,0,0,0,0,0,0,0,0,0,0,0.6931471805599453,0.0,0.0
https://openalex.org/W2892840087,2018,12,5,2,2,1,1,1,1,0,1,1,0,0,1.791759469228055,1.0986122886681098,1.0986122886681098
https://openalex.org/W2979474024,2018,0,1,0,0,0,0,0,0,0,0,0,0,0,0.6931471805599453,0.0,0.0
https://openalex.org/W2788012401,2018,7,5,2,1,1,0,0,0,0,0,1,0,0,1.791759469228055,1.0986122886681098,0.6931471805599453
https://openalex.org/W2888987791,2018,5,6,1,1,0,0,0,0,0,0,1,1,0,1.9459101490553132,0.6931471805599453,0.6931471805599453
https://openalex.org/W2911027268,2018,1,1,1,1,0,0,0,0,0,0,1,1,0,0.6931471805599453,0.6931471805599453,0.6931471805599453
https://openalex.org/W2977558731,2018,0,2,0,0,0,0,0,0,0,0,0,1,0,1.0986122886681098,0.0,0.0
https://openalex.org/W2793433592,2018,0,4,2,1,1,0,0,0,0,0,1,1,0,1.6094379124341003,1.0986122886681098,0.6931471805599453
https://openalex.org/W2908757792,2018,0,1,0,0,0,0,0,0,0,0,0,1,0,0.6931471805599453,0.0,0.0
https://openalex.org/W2889350295,2018,7,6,3,2,1,1,0,0,0,1,0,1,0,1.9459101490553132,1.3862943611198906,1.0986122886681098
https://openalex.org/W2885270395,2018,6,2,1,1,0,0,0,0,0,0,0,0,0,1.0986122886681098,0.6931471805599453,0.6931471805599453
https://openalex.org/W2809258835,2018,1,5,3,1,1,0,0,0,0,0,1,1,0,1.791759469228055,1.3862943611198906,0.6931471805599453
https://openalex.org/W2898988414,2018,0,2,2,1,1,0,0,0,0,0,1,1,0,1.0986122886681098,1.0986122886681098,0.6931471805599453
https://openalex.org/W2789216494,2018,17,6,0,0,0,0,0,0,0,0,1,1,0,1.9459101490553132,0.0,0.0
https://openalex.org/W2943983610,2018,0,6,3,2,1,1,0,0,0,0,0,0,0,1.9459101490553132,1.3862943611198906,1.0986122886681098
https://openalex.org/W2953250899,2018,4,6,2,1,1,0,0,0,0,0,0,0,0,1.9459101490553132,1.0986122886681098,0.6931471805599453
https://openalex.org/W2933214542,2018,3,3,2,1,1,0,0,1,0,0,0,0,0,1.3862943611198906,1.0986122886681098,0.6931471805599453
https://openalex.org/W2941757625,2018,5,4,0,0,0,0,0,0,0,0,1,1,0,1.6094379124341003,0.0,0.0
https://openalex.org/W2797804069,2018,6,4,1,1,0,0,0,0,0,0,1,1,0,1.6094379124341003,0.6931471805599453,0.6931471805599453
https://openalex.org/W2887248125,2018,3,2,1,1,0,0,0,0,0,0,0,0,0,1.0986122886681098,0.6931471805599453,0.6931471805599453
https://openalex.org/W2960462583,2018,0,1,0,0,0,0,0,0,0,0,0,0,0,0.6931471805599453,0.0,0.0
https://openalex.org/W2806050431,2018,8,2,0,0,0,0,0,0,0,0,1,0,0,1.0986122886681098,0.0,0.0
https://openalex.org/W2903352529,2018,5,6,3,2,1,1,0,0,0,1,0,0,0,1.9459101490553132,1.3862943611198906,1.0986122886681098
https://openalex.org/W2961852518,2018,4,7,4,1,1,0,0,0,0,0,0,0,0,2.0794415416798357,1.6094379124341003,0.6931471805599453
https://openalex.org/W2955837184,2018,1,2,1,1,0,0,0,0,0,0,1,1,0,1.0986122886681098,0.6931471805599453,0.6931471805599453
https://openalex.org/W3034249299,2018,0,3,0,0,0,0,0,0,0,0,0,0,0,1.3862943611198906,0.0,0.0
https://openalex.org/W2979110774,2018,0,1,0,0,0,0,0,0,0,0,0,1,0,0.6931471805599453,0.0,0.0
https://openalex.org/W3151137682,2018,1,1,0,0,0,0,0,0,0,0,0,0,0,0.6931471805599453,0.0,0.0
https://openalex.org/W2999662300,2018,0,1,0,0,0,0,0,0,0,0,0,1,0,0.6931471805599453,0.0,0.0
https://openalex.org/W2802155947,2018,0,1,0,0,0,0,0,0,0,0,0,0,0,0.6931471805599453,0.0,0.0
https://openalex.org/W2883242673,2018,67,2,2,1,1,0,1,0,0,1,0,1,1,1.0986122886681098,1.0986122886681098,0.6931471805599453
https://openalex.org/W2909753192,2018,0,5,1,1,0,0,0,0,0,0,0,0,0,1.791759469228055,0.6931471805599453,0.6931471805599453
https://openalex.org/W3108530821,2018,7,1,0,0,0,0,0,0,0,0,0,1,0,0.6931471805599453,0.0,0.0
https://openalex.org/W2883108931,2018,1,3,1,1,0,0,0,0,0,0,1,0,0,1.3862943611198906,0.6931471805599453,0.6931471805599453
https://openalex.org/W3167104399,2018,0,1,0,0,0,0,0,0,0,0,0,0,0,0.6931471805599453,0.0,0.0
https://openalex.org/W2942417982,2018,22,3,1,1,0,0,0,0,0,1,0,0,0,1.3862943611198906,0.6931471805599453,0.6931471805599453
https://openalex.org/W2893406559,2018,3,4,1,1,0,0,0,0,0,0,0,0,0,1.6094379124341003,0.6931471805599453,0.6931471805599453
https://openalex.org/W2895482181,2018,2,3,2,2,1,1,0,0,0,0,1,1,0,1.3862943611198906,1.0986122886681098,1.0986122886681098
https://openalex.org/W3013655691,2018,2,2,0,0,0,0,0,0,0,0,0,0,0,1.0986122886681098,0.0,0.0
https://openalex.org/W2908362701,2018,1,3,2,2,1,1,0,0,0,1,1,1,0,1.3862943611198906,1.0986122886681098,1.0986122886681098
https://openalex.org/W2886310805,2018,96,4,3,2,1,1,0,0,0,1,0,1,1,1.6094379124341003,1.3862943611198906,1.0986122886681098
https://openalex.org/W2886349596,2018,21,4,1,1,0,0,0,0,0,0,0,0,0,1.6094379124341003,0.6931471805599453,0.6931471805599453
https://openalex.org/W2947486391,2018,0,1,0,0,0,0,0,0,0,0,0,0,0,0.6931471805599453,0.0,0.0
https://openalex.org/W2898906383,2018,4,1,1,1,0,0,0,0,0,0,1,1,0,0.6931471805599453,0.6931471805599453,0.6931471805599453
https://openalex.org/W2905612941,2018,2,2,1,1,0,0,0,0,0,0,1,1,0,1.0986122886681098,0.6931471805599453,0.6931471805599453
https://openalex.org/W2897864315,2018,8,2,1,1,0,0,0,0,0,0,1,1,0,1.0986122886681098,0.6931471805599453,0.6931471805599453
https://openalex.org/W2900812431,2018,93,3,2,2,1,1,0,0,0,0,0,1,1,1.3862943611198906,1.0986122886681098,1.0986122886681098
https://openalex.org/W2800806089,2018,554,2,2,2,1,1,0,0,0,1,0,1,1,1.0986122886681098,1.0986122886681098,1.0986122886681098
https://openalex.org/W2917696150,2018,0,9,0,0,0,0,0,0,0,0,0,0,0,2.302585092994046,0.0,0.0
https://openalex.org/W2892211181,2018,0,3,2,2,1,1,0,0,0,0,0,0,0,1.3862943611198906,1.0986122886681098,1.0986122886681098
https://openalex.org/W2954267789,2018,16,2,1,1,0,0,0,0,0,0,0,0,0,1.0986122886681098,0.6931471805599453,0.6931471805599453
https://openalex.org/W2881365054,2018,30,4,4,1,1,0,0,0,0,1,0,1,1,1.6094379124341003,1.6094379124341003,0.6931471805599453
https://openalex.org/W2890343207,2018,6,5,2,1,1,0,0,0,0,1,0,0,0,1.791759469228055,1.0986122886681098,0.6931471805599453
https://openalex.org/W2891509048,2018,8,5,1,1,0,0,0,1,0,1,0,0,0,1.791759469228055,0.6931471805599453,0.6931471805599453
https://openalex.org/W2901315269,2018,25,5,1,1,0,0,0,0,0,0,1,1,1,1.791759469228055,0.6931471805599453,0.6931471805599453
https://openalex.org/W4245156897,2018,0,2,2,1,1,0,0,0,0,0,0,0,0,1.0986122886681098,1.0986122886681098,0.6931471805599453
https://openalex.org/W2898300548,2018,0,3,0,0,0,0,0,0,0,0,0,1,0,1.3862943611198906,0.0,0.0
https://openalex.org/W2864036735,2018,5,4,2,1,1,0,0,0,0,0,1,1,0,1.6094379124341003,1.0986122886681098,0.6931471805599453
https://openalex.org/W2808125362,2018,2,2,1,1,0,0,0,0,0,0,1,1,0,1.0986122886681098,0.6931471805599453,0.6931471805599453
https://openalex.org/W4390373758,2018,0,3,1,1,0,0,0,0,0,0,1,1,0,1.3862943611198906,0.6931471805599453,0.6931471805599453
https://openalex.org/W2920379872,2018,0,1,0,0,0,0,0,0,0,0,0,0,0,0.6931471805599453,0.0,0.0
https://openalex.org/W2806526739,2018,52,2,2,1,1,0,0,0,0,0,1,1,1,1.0986122886681098,1.0986122886681098,0.6931471805599453
https://openalex.org/W2883842738,2018,12,2,1,1,0,0,0,0,0,0,1,1,0,1.0986122886681098,0.6931471805599453,0.6931471805599453
https://openalex.org/W2905658590,2018,29,3,1,1,0,0,0,0,0,0,1,1,1,1.3862943611198906,0.6931471805599453,0.6931471805599453
https://openalex.org/W2798069495,2018,13,3,1,1,0,0,0,0,0,0,0,1,0,1.3862943611198906,0.6931471805599453,0.6931471805599453
https://openalex.org/W2898068322,2018,3,6,2,1,1,0,0,0,0,0,0,0,0,1.9459101490553132,1.0986122886681098,0.6931471805599453
https://openalex.org/W2792080582,2018,4,2,0,0,0,0,0,0,0,0,1,1,0,1.0986122886681098,0.0,0.0
https://openalex.org/W2789752147,2018,0,2,0,0,0,0,0,0,0,0,1,1,0,1.0986122886681098,0.0,0.0
https://openalex.org/W2793758105,2018,28,4,4,1,1,0,0,0,0,0,0,1,1,1.6094379124341003,1.6094379124341003,0.6931471805599453
https://openalex.org/W2985803295,2018,0,2,1,1,0,0,0,0,0,0,0,1,0,1.0986122886681098,0.6931471805599453,0.6931471805599453
https://openalex.org/W2914732094,2018,1,1,1,1,0,0,0,0,0,0,0,1,0,0.6931471805599453,0.6931471805599453,0.6931471805599453
https://openalex.org/W2943526038,2018,0,7,0,0,0,0,0,0,0,0,0,0,0,2.0794415416798357,0.0,0.0
https://openalex.org/W2897180579,2018,0,1,0,0,0,0,0,0,0,0,0,0,0,0.6931471805599453,0.0,0.0
https://openalex.org/W2899702214,2018,5,9,4,2,1,1,0,0,0,0,0,1,0,2.302585092994046,1.6094379124341003,1.0986122886681098
https://openalex.org/W2910649711,2018,4,1,0,0,0,0,0,0,0,0,0,1,0,0.6931471805599453,0.0,0.0
https://openalex.org/W2904863880,2018,4,2,1,1,0,0,0,0,0,0,0,1,0,1.0986122886681098,0.6931471805599453,0.6931471805599453
https://openalex.org/W3089289519,2018,0,1,0,0,0,0,0,0,0,0,0,0,0,0.6931471805599453,0.0,0.0
https://openalex.org/W2890827666,2018,0,7,0,0,0,0,0,0,0,0,1,1,0,2.0794415416798357,0.0,0.0
https://openalex.org/W2940818567,2018,18,10,2,1,1,0,0,0,0,1,0,0,0,2.3978952727983707,1.0986122886681098,0.6931471805599453
https://openalex.org/W3034835475,2018,0,2,0,0,0,0,0,0,0,0,1,1,0,1.0986122886681098,0.0,0.0
https://openalex.org/W2900467351,2018,2,4,1,1,0,0,0,0,0,1,1,1,0,1.6094379124341003,0.6931471805599453,0.6931471805599453
https://openalex.org/W3107709309,2018,0,1,0,0,0,0,0,0,0,0,1,1,0,0.6931471805599453,0.0,0.0
https://openalex.org/W2884455877,2018,0,1,0,0,0,0,0,0,0,0,1,1,0,0.6931471805599453,0.0,0.0
https://openalex.org/W2896731008,2018,0,1,1,1,0,0,0,0,0,0,0,1,0,0.6931471805599453,0.6931471805599453,0.6931471805599453
https://openalex.org/W2806334676,2018,3,2,1,1,0,0,0,0,0,1,1,1,0,1.0986122886681098,0.6931471805599453,0.6931471805599453
https://openalex.org/W2901974584,2018,0,3,1,1,0,0,0,0,0,0,1,1,0,1.3862943611198906,0.6931471805599453,0.6931471805599453
https://openalex.org/W2998445597,2018,0,5,1,1,0,0,0,0,0,0,0,0,0,1.791759469228055,0.6931471805599453,0.6931471805599453
https://openalex.org/W2787265458,2018,4,2,1,1,0,0,0,0,0,0,1,1,0,1.0986122886681098,0.6931471805599453,0.6931471805599453
https://openalex.org/W2964446179,2018,2,2,1,1,0,0,0,0,0,0,0,0,0,1.0986122886681098,0.6931471805599453,0.6931471805599453
https://openalex.org/W2941093513,2018,0,1,0,0,0,0,0,0,0,0,1,0,0,0.6931471805599453,0.0,0.0
https://openalex.org/W2888495117,2018,0,1,0,0,0,0,0,0,0,0,1,1,0,0.6931471805599453,0.0,0.0
https://openalex.org/W2921072695,2018,2,3,2,1,1,0,0,0,0,0,1,1,0,1.3862943611198906,1.0986122886681098,0.6931471805599453
https://openalex.org/W2908887764,2018,0,4,0,0,0,0,0,0,0,0,0,1,0,1.6094379124341003,0.0,0.0
https://openalex.org/W2903503216,2018,0,2,0,0,0,0,0,0,0,0,0,1,0,1.0986122886681098,0.0,0.0
https://openalex.org/W2904758475,2018,5,8,0,0,0,0,0,0,0,0,1,0,0,2.1972245773362196,0.0,0.0
https://openalex.org/W2811448010,2018,1,1,0,0,0,0,0,0,0,0,0,0,0,0.6931471805599453,0.0,0.0
https://openalex.org/W2884065693,2018,12,9,2,1,1,0,0,0,0,0,0,1,0,2.302585092994046,1.0986122886681098,0.6931471805599453
https://openalex.org/W2909636768,2018,0,2,0,0,0,0,0,0,0,0,1,1,0,1.0986122886681098,0.0,0.0
https://openalex.org/W2806730753,2018,2,3,1,1,0,0,0,0,0,0,1,1,0,1.3862943611198906,0.6931471805599453,0.6931471805599453
https://openalex.org/W3093577076,2018,0,1,0,0,0,0,0,0,0,0,0,0,0,0.6931471805599453,0.0,0.0
https://openalex.org/W2883497504,2018,9,5,4,1,1,0,1,0,0,0,0,1,0,1.791759469228055,1.6094379124341003,0.6931471805599453
https://openalex.org/W2902426816,2018,0,2,1,1,0,0,0,0,0,0,0,0,0,1.0986122886681098,0.6931471805599453,0.6931471805599453
https://openalex.org/W2798497570,2018,104,6,4,1,1,0,1,0,0,1,0,0,1,1.9459101490553132,1.6094379124341003,0.6931471805599453
https://openalex.org/W2906925257,2018,0,3,0,0,0,0,0,0,0,0,0,0,0,1.3862943611198906,0.0,0.0
https://openalex.org/W2900425295,2018,29,2,1,1,0,0,0,0,0,0,0,1,1,1.0986122886681098,0.6931471805599453,0.6931471805599453
https://openalex.org/W2946530568,2018,11,4,3,1,1,0,0,0,0,0,0,0,0,1.6094379124341003,1.3862943611198906,0.6931471805599453
https://openalex.org/W7133465160,2018,0,1,0,0,0,0,0,0,0,0,1,0,0,0.6931471805599453,0.0,0.0
https://openalex.org/W2917648573,2018,0,2,0,0,0,0,0,0,0,0,1,0,0,1.0986122886681098,0.0,0.0
https://openalex.org/W3195844175,2018,0,1,0,0,0,0,0,0,0,0,0,0,0,0.6931471805599453,0.0,0.0
https://openalex.org/W7145200635,2018,0,1,0,0,0,0,0,0,0,0,1,0,0,0.6931471805599453,0.0,0.0
https://openalex.org/W2943801114,2018,1,1,0,0,0,0,0,0,0,0,0,1,0,0.6931471805599453,0.0,0.0
https://openalex.org/W2885105938,2018,15,5,3,2,1,1,1,0,0,1,0,0,0,1.791759469228055,1.3862943611198906,1.0986122886681098
https://openalex.org/W2922581993,2018,0,1,0,0,0,0,0,0,0,0,0,1,0,0.6931471805599453,0.0,0.0
https://openalex.org/W3029066842,2018,1,4,2,1,1,0,0,0,0,0,0,1,0,1.6094379124341003,1.0986122886681098,0.6931471805599453
https://openalex.org/W2792958464,2018,84,3,3,2,1,1,0,0,0,0,0,1,1,1.3862943611198906,1.3862943611198906,1.0986122886681098
https://openalex.org/W4237192424,2018,31,4,2,2,1,1,0,0,0,0,0,0,1,1.6094379124341003,1.0986122886681098,1.0986122886681098
https://openalex.org/W3111751578,2018,2,2,0,0,0,0,0,0,0,0,0,1,0,1.0986122886681098,0.0,0.0
https://openalex.org/W2548865759,2018,8,3,1,1,0,0,0,0,0,0,1,1,0,1.3862943611198906,0.6931471805599453,0.6931471805599453
https://openalex.org/W2791148319,2018,0,1,1,1,0,0,0,0,0,0,1,1,0,0.6931471805599453,0.6931471805599453,0.6931471805599453
https://openalex.org/W3151693859,2018,0,2,0,0,0,0,0,0,0,0,0,1,0,1.0986122886681098,0.0,0.0
https://openalex.org/W2911938017,2018,3,2,1,1,0,0,0,0,0,0,0,0,0,1.0986122886681098,0.6931471805599453,0.6931471805599453
https://openalex.org/W2953677844,2018,0,1,0,0,0,0,0,0,0,0,0,0,0,0.6931471805599453,0.0,0.0
https://openalex.org/W3170824890,2018,0,3,0,0,0,0,0,0,0,0,0,0,0,1.3862943611198906,0.0,0.0
https://openalex.org/W2901957658,2018,1,6,1,1,0,0,0,0,0,0,0,0,0,1.9459101490553132,0.6931471805599453,0.6931471805599453
https://openalex.org/W2908338309,2018,18,3,1,1,0,0,0,0,0,0,1,1,0,1.3862943611198906,0.6931471805599453,0.6931471805599453
https://openalex.org/W4291219892,2018,0,3,1,1,0,0,0,0,0,0,0,0,0,1.3862943611198906,0.6931471805599453,0.6931471805599453
https://openalex.org/W2806782959,2018,2,2,1,1,0,0,0,0,0,0,0,1,0,1.0986122886681098,0.6931471805599453,0.6931471805599453
https://openalex.org/W2912007785,2018,24,2,1,1,0,0,0,0,0,0,0,0,0,1.0986122886681098,0.6931471805599453,0.6931471805599453
https://openalex.org/W2947237619,2018,13,3,1,1,0,0,0,0,0,0,0,0,0,1.3862943611198906,0.6931471805599453,0.6931471805599453
https://openalex.org/W2962899377,2018,39,2,1,1,0,0,0,0,0,0,1,0,1,1.0986122886681098,0.6931471805599453,0.6931471805599453
https://openalex.org/W2914380173,2018,36,6,1,1,0,0,0,0,0,0,0,0,1,1.9459101490553132,0.6931471805599453,0.6931471805599453
https://openalex.org/W2604392022,2018,402,5,2,2,1,1,0,0,0,0,0,0,1,1.791759469228055,1.0986122886681098,1.0986122886681098
https://openalex.org/W2936550845,2018,0,2,0,0,0,0,0,0,0,0,1,1,0,1.0986122886681098,0.0,0.0
https://openalex.org/W2782259375,2018,24,2,1,1,0,0,0,0,0,1,1,1,0,1.0986122886681098,0.6931471805599453,0.6931471805599453
https://openalex.org/W2799723878,2018,0,5,0,0,0,0,0,0,0,0,0,1,0,1.791759469228055,0.0,0.0
https://openalex.org/W3001321969,2018,0,1,0,0,0,0,0,0,0,0,1,0,0,0.6931471805599453,0.0,0.0
https://openalex.org/W2798151756,2018,5,1,1,1,0,0,0,0,0,0,0,0,0,0.6931471805599453,0.6931471805599453,0.6931471805599453
https://openalex.org/W2905459078,2018,0,6,0,0,0,0,0,0,0,0,1,0,0,1.9459101490553132,0.0,0.0
https://openalex.org/W2940753811,2018,1,5,0,0,0,0,0,0,0,0,0,1,0,1.791759469228055,0.0,0.0
https://openalex.org/W2891146813,2018,9,2,3,1,1,0,0,0,0,0,1,1,0,1.0986122886681098,1.3862943611198906,0.6931471805599453
https://openalex.org/W2782615148,2018,2,4,3,2,1,1,0,0,0,0,0,1,0,1.6094379124341003,1.3862943611198906,1.0986122886681098
https://openalex.org/W2811284614,2018,5,6,2,1,1,0,0,0,0,0,0,0,0,1.9459101490553132,1.0986122886681098,0.6931471805599453
https://openalex.org/W2805235059,2018,0,3,0,0,0,0,0,0,0,0,0,0,0,1.3862943611198906,0.0,0.0
https://openalex.org/W3026215089,2018,0,1,0,0,0,0,0,0,0,0,0,1,0,0.6931471805599453,0.0,0.0
https://openalex.org/W2806841887,2018,15,4,1,1,0,0,0,0,0,0,0,1,0,1.6094379124341003,0.6931471805599453,0.6931471805599453
https://openalex.org/W2918378659,2018,10,2,0,0,0,0,0,0,0,0,0,0,0,1.0986122886681098,0.0,0.0
https://openalex.org/W3153829742,2018,0,1,1,1,0,0,0,0,0,0,0,1,0,0.6931471805599453,0.6931471805599453,0.6931471805599453
https://openalex.org/W2786463650,2018,18,1,2,2,1,1,0,1,0,1,1,1,0,0.6931471805599453,1.0986122886681098,1.0986122886681098
https://openalex.org/W2885741297,2018,1,1,3,1,1,0,0,0,0,0,0,1,0,0.6931471805599453,1.3862943611198906,0.6931471805599453
https://openalex.org/W3146244724,2018,0,1,0,0,0,0,0,0,0,0,0,0,0,0.6931471805599453,0.0,0.0
https://openalex.org/W2811187983,2018,7,1,2,2,1,1,0,0,0,0,1,1,0,0.6931471805599453,1.0986122886681098,1.0986122886681098
https://openalex.org/W2908270844,2018,1,2,1,1,0,0,0,0,0,0,0,0,0,1.0986122886681098,0.6931471805599453,0.6931471805599453
https://openalex.org/W2891737703,2018,1,1,1,1,0,0,0,0,0,0,1,1,0,0.6931471805599453,0.6931471805599453,0.6931471805599453
https://openalex.org/W4250107470,2018,0,1,0,0,0,0,0,0,0,0,1,1,0,0.6931471805599453,0.0,0.0
https://openalex.org/W3013345150,2018,0,3,2,1,1,0,0,0,0,0,0,0,0,1.3862943611198906,1.0986122886681098,0.6931471805599453
https://openalex.org/W3153234289,2018,0,1,0,0,0,0,0,0,0,0,0,0,0,0.6931471805599453,0.0,0.0
https://openalex.org/W2798428209,2018,7,4,1,1,0,0,0,0,0,0,0,0,0,1.6094379124341003,0.6931471805599453,0.6931471805599453
https://openalex.org/W2890063041,2018,0,1,0,0,0,0,0,0,0,0,0,0,0,0.6931471805599453,0.0,0.0
https://openalex.org/W2904256060,2018,27,2,1,1,0,0,0,0,0,0,0,0,1,1.0986122886681098,0.6931471805599453,0.6931471805599453
https://openalex.org/W2900518465,2018,41,5,3,2,1,1,0,0,1,0,1,1,1,1.791759469228055,1.3862943611198906,1.0986122886681098
https://openalex.org/W2902716935,2018,1,1,2,1,1,0,1,0,0,0,0,1,0,0.6931471805599453,1.0986122886681098,0.6931471805599453
https://openalex.org/W2891383768,2018,0,1,0,0,0,0,0,0,0,0,0,1,0,0.6931471805599453,0.0,0.0
https://openalex.org/W2801252971,2018,2,3,2,1,1,0,0,0,0,0,1,1,0,1.3862943611198906,1.0986122886681098,0.6931471805599453
https://openalex.org/W2896262418,2018,0,3,0,0,0,0,0,0,0,0,1,1,0,1.3862943611198906,0.0,0.0
https://openalex.org/W2963315555,2018,0,3,2,1,1,0,0,0,0,0,0,1,0,1.3862943611198906,1.0986122886681098,0.6931471805599453
https://openalex.org/W4289328458,2018,67,3,1,1,0,0,1,0,0,1,1,1,1,1.3862943611198906,0.6931471805599453,0.6931471805599453
https://openalex.org/W2981382004,2018,1,3,1,1,0,0,0,0,0,0,1,1,0,1.3862943611198906,0.6931471805599453,0.6931471805599453
https://openalex.org/W2952812428,2018,2,2,2,1,1,0,0,0,0,0,0,0,0,1.0986122886681098,1.0986122886681098,0.6931471805599453
https://openalex.org/W2796257745,2018,72,2,4,2,1,1,0,0,0,0,0,1,1,1.0986122886681098,1.6094379124341003,1.0986122886681098
https://openalex.org/W4399112550,2018,0,3,3,1,1,0,1,0,0,1,1,0,0,1.3862943611198906,1.3862943611198906,0.6931471805599453
https://openalex.org/W2793456920,2018,6,3,2,2,1,1,0,0,0,0,0,1,0,1.3862943611198906,1.0986122886681098,1.0986122886681098
https://openalex.org/W2809561708,2018,8,5,1,1,0,0,0,0,0,1,0,1,0,1.791759469228055,0.6931471805599453,0.6931471805599453
https://openalex.org/W2890183794,2018,0,1,0,0,0,0,0,0,0,0,1,1,0,0.6931471805599453,0.0,0.0
https://openalex.org/W3192770341,2018,0,1,0,0,0,0,0,0,0,0,0,0,0,0.6931471805599453,0.0,0.0
https://openalex.org/W2802939162,2018,0,1,0,0,0,0,0,0,0,0,0,0,0,0.6931471805599453,0.0,0.0
https://openalex.org/W3092995240,2018,0,2,0,0,0,0,0,0,0,0,0,1,0,1.0986122886681098,0.0,0.0
https://openalex.org/W2908265705,2018,2,6,1,1,0,0,0,0,0,0,0,0,0,1.9459101490553132,0.6931471805599453,0.6931471805599453
https://openalex.org/W3185877812,2018,1,1,0,0,0,0,0,0,0,0,0,0,0,0.6931471805599453,0.0,0.0
https://openalex.org/W2810331043,2018,0,1,0,0,0,0,0,0,0,0,0,1,0,0.6931471805599453,0.0,0.0
https://openalex.org/W2909433460,2018,12,4,2,1,1,0,0,0,0,0,0,0,0,1.6094379124341003,1.0986122886681098,0.6931471805599453
https://openalex.org/W2953349353,2018,1,1,2,1,1,0,0,1,0,0,1,1,0,0.6931471805599453,1.0986122886681098,0.6931471805599453
https://openalex.org/W2790303745,2018,1,3,1,1,0,0,0,0,0,0,1,1,0,1.3862943611198906,0.6931471805599453,0.6931471805599453
https://openalex.org/W2905224192,2018,0,3,0,0,0,0,0,0,0,0,0,0,0,1.3862943611198906,0.0,0.0
https://openalex.org/W2614961594,2018,1,1,0,0,0,0,0,0,0,0,0,0,0,0.6931471805599453,0.0,0.0
https://openalex.org/W7132891514,2018,0,1,0,0,0,0,0,0,0,0,0,0,0,0.6931471805599453,0.0,0.0
https://openalex.org/W2942679136,2018,0,7,0,0,0,0,0,0,0,0,0,1,0,2.0794415416798357,0.0,0.0
https://openalex.org/W2908812157,2018,3,3,1,1,0,0,0,0,0,0,1,1,0,1.3862943611198906,0.6931471805599453,0.6931471805599453
https://openalex.org/W2885330711,2018,20,6,7,2,1,1,0,0,0,0,0,1,0,1.9459101490553132,2.0794415416798357,1.0986122886681098
https://openalex.org/W2782000683,2018,50,3,3,2,1,1,1,0,0,1,0,1,1,1.3862943611198906,1.3862943611198906,1.0986122886681098
https://openalex.org/W2909160322,2018,1,1,1,1,0,0,0,0,0,1,1,0,0,0.6931471805599453,0.6931471805599453,0.6931471805599453
https://openalex.org/W2976529906,2018,1,3,0,0,0,0,0,0,0,0,1,1,0,1.3862943611198906,0.0,0.0
https://openalex.org/W2886319709,2018,32,4,2,2,1,1,1,0,0,1,0,0,1,1.6094379124341003,1.0986122886681098,1.0986122886681098
https://openalex.org/W2917891605,2018,2,1,1,1,0,0,1,0,0,0,0,0,0,0.6931471805599453,0.6931471805599453,0.6931471805599453
https://openalex.org/W3159991814,2018,0,3,0,0,0,0,0,0,0,0,0,0,0,1.3862943611198906,0.0,0.0
https://openalex.org/W2791274340,2018,3,3,0,0,0,0,0,0,0,0,0,1,0,1.3862943611198906,0.0,0.0
https://openalex.org/W2899911757,2018,0,1,0,0,0,0,0,0,0,0,1,0,0,0.6931471805599453,0.0,0.0
https://openalex.org/W2894462127,2018,4,5,4,2,1,1,0,1,0,1,0,1,0,1.791759469228055,1.6094379124341003,1.0986122886681098
https://openalex.org/W2895519740,2018,16,3,1,1,0,0,0,0,0,0,0,1,0,1.3862943611198906,0.6931471805599453,0.6931471805599453
https://openalex.org/W3048794455,2018,2,2,0,0,0,0,0,0,0,0,1,1,0,1.0986122886681098,0.0,0.0
https://openalex.org/W2939594619,2018,3,1,0,0,0,0,0,0,0,0,1,1,0,0.6931471805599453,0.0,0.0
https://openalex.org/W2897338687,2018,1,1,1,1,0,0,0,0,0,0,1,1,0,0.6931471805599453,0.6931471805599453,0.6931471805599453
https://openalex.org/W3011420429,2018,0,1,0,0,0,0,0,0,0,0,1,0,0,0.6931471805599453,0.0,0.0
https://openalex.org/W2942319535,2018,0,3,0,0,0,0,0,0,0,0,0,1,0,1.3862943611198906,0.0,0.0
https://openalex.org/W3182796384,2018,4,2,0,0,0,0,0,0,0,0,0,0,0,1.0986122886681098,0.0,0.0
https://openalex.org/W2903814986,2018,5,2,1,1,0,0,0,0,0,0,1,1,0,1.0986122886681098,0.6931471805599453,0.6931471805599453
https://openalex.org/W2803879462,2018,34,4,4,2,1,1,0,0,0,0,0,1,1,1.6094379124341003,1.6094379124341003,1.0986122886681098
https://openalex.org/W2904883695,2018,3,3,2,1,1,0,0,0,0,0,0,1,0,1.3862943611198906,1.0986122886681098,0.6931471805599453
https://openalex.org/W2992069549,2018,0,8,0,0,0,0,0,0,0,0,0,0,0,2.1972245773362196,0.0,0.0
https://openalex.org/W2896836699,2018,8,1,1,1,0,0,0,0,0,0,1,1,0,0.6931471805599453,0.6931471805599453,0.6931471805599453
https://openalex.org/W2886845550,2018,0,3,0,0,0,0,0,0,0,0,0,1,0,1.3862943611198906,0.0,0.0
https://openalex.org/W2906595911,2018,2,1,0,0,0,0,0,0,0,0,0,1,0,0.6931471805599453,0.0,0.0
https://openalex.org/W2947132859,2018,0,1,0,0,0,0,0,0,0,0,0,0,0,0.6931471805599453,0.0,0.0
https://openalex.org/W4237240487,2018,0,2,0,0,0,0,0,0,0,0,1,1,0,1.0986122886681098,0.0,0.0
https://openalex.org/W2921240968,2018,3,3,1,1,0,0,1,0,0,0,0,0,0,1.3862943611198906,0.6931471805599453,0.6931471805599453
https://openalex.org/W2885037368,2018,31,2,0,0,0,0,0,0,0,0,0,1,1,1.0986122886681098,0.0,0.0
https://openalex.org/W2800404788,2018,12,2,2,1,1,0,0,0,0,0,1,1,0,1.0986122886681098,1.0986122886681098,0.6931471805599453
https://openalex.org/W2899832629,2018,0,1,1,1,0,0,0,0,0,0,0,1,0,0.6931471805599453,0.6931471805599453,0.6931471805599453
https://openalex.org/W2954257931,2018,0,3,0,0,0,0,0,0,0,0,0,1,0,1.3862943611198906,0.0,0.0
https://openalex.org/W2901744987,2018,0,1,0,0,0,0,0,0,0,0,0,0,0,0.6931471805599453,0.0,0.0
https://openalex.org/W2952910591,2018,1,3,1,1,0,0,0,0,0,0,0,0,0,1.3862943611198906,0.6931471805599453,0.6931471805599453
https://openalex.org/W2953645001,2018,3,2,2,2,1,1,0,0,0,0,0,0,0,1.0986122886681098,1.0986122886681098,1.0986122886681098
https://openalex.org/W3006690243,2018,0,4,0,0,0,0,0,0,0,0,0,0,0,1.6094379124341003,0.0,0.0
https://openalex.org/W7134706719,2018,0,2,0,0,0,0,0,0,0,0,0,0,0,1.0986122886681098,0.0,0.0
https://openalex.org/W2910413464,2018,2,3,1,1,0,0,0,0,0,0,0,1,0,1.3862943611198906,0.6931471805599453,0.6931471805599453
https://openalex.org/W2901055503,2018,0,1,0,0,0,0,0,0,0,0,0,0,0,0.6931471805599453,0.0,0.0
https://openalex.org/W2810141601,2018,6,2,1,1,0,0,0,0,0,0,1,1,0,1.0986122886681098,0.6931471805599453,0.6931471805599453
https://openalex.org/W2899437774,2018,1,2,1,1,0,0,0,0,0,0,0,0,0,1.0986122886681098,0.6931471805599453,0.6931471805599453
https://openalex.org/W3085419524,2018,0,3,0,0,0,0,0,0,0,0,0,1,0,1.3862943611198906,0.0,0.0
https://openalex.org/W2793291695,2018,5,2,1,1,0,0,0,0,0,1,0,0,0,1.0986122886681098,0.6931471805599453,0.6931471805599453
https://openalex.org/W2895142365,2018,14,1,1,1,0,0,0,0,0,0,0,1,0,0.6931471805599453,0.6931471805599453,0.6931471805599453
https://openalex.org/W2922434467,2018,0,3,1,1,0,0,0,0,0,1,1,0,0,1.3862943611198906,0.6931471805599453,0.6931471805599453
https://openalex.org/W7112808929,2018,0,1,0,0,0,0,0,0,0,0,1,0,0,0.6931471805599453,0.0,0.0
https://openalex.org/W2886123792,2018,2,1,1,1,0,0,0,0,0,1,0,0,0,0.6931471805599453,0.6931471805599453,0.6931471805599453
https://openalex.org/W2746433858,2018,83,3,2,1,1,0,0,1,0,0,0,1,1,1.3862943611198906,1.0986122886681098,0.6931471805599453
https://openalex.org/W2892269957,2018,0,6,0,0,0,0,0,0,0,0,0,0,0,1.9459101490553132,0.0,0.0
https://openalex.org/W2494888098,2018,0,2,0,0,0,0,0,0,0,0,0,0,0,1.0986122886681098,0.0,0.0
https://openalex.org/W2972203742,2018,4,3,1,1,0,0,0,0,0,0,0,0,0,1.3862943611198906,0.6931471805599453,0.6931471805599453
https://openalex.org/W7146765334,2018,0,2,0,0,0,0,0,0,0,0,1,0,0,1.0986122886681098,0.0,0.0
https://openalex.org/W2970587642,2019,10,4,3,1,1,0,0,0,0,0,0,0,0,1.6094379124341003,1.3862943611198906,0.6931471805599453
https://openalex.org/W7104179758,2019,0,1,0,0,0,0,0,0,0,0,1,1,0,0.6931471805599453,0.0,0.0
https://openalex.org/W3009414648,2019,2,5,2,2,1,1,1,0,0,0,0,0,0,1.791759469228055,1.0986122886681098,1.0986122886681098
https://openalex.org/W4238747495,2019,1,2,0,0,0,0,0,0,0,0,1,1,0,1.0986122886681098,0.0,0.0
https://openalex.org/W2902863850,2019,0,2,1,1,0,0,0,0,0,0,1,1,0,1.0986122886681098,0.6931471805599453,0.6931471805599453
https://openalex.org/W2979982950,2019,2,2,1,1,0,0,0,0,0,0,1,1,0,1.0986122886681098,0.6931471805599453,0.6931471805599453
https://openalex.org/W4240464668,2019,0,1,1,1,0,0,0,0,0,0,1,1,0,0.6931471805599453,0.6931471805599453,0.6931471805599453
https://openalex.org/W2985784588,2019,0,1,0,0,0,0,0,0,0,0,0,0,0,0.6931471805599453,0.0,0.0
https://openalex.org/W7132951150,2019,0,1,0,0,0,0,0,0,0,0,1,0,0,0.6931471805599453,0.0,0.0
https://openalex.org/W3004839598,2019,6,2,1,1,0,0,0,0,0,0,0,0,0,1.0986122886681098,0.6931471805599453,0.6931471805599453
https://openalex.org/W3041989805,2019,0,1,0,0,0,0,0,0,0,0,0,1,0,0.6931471805599453,0.0,0.0
https://openalex.org/W2970826199,2019,77,4,3,3,1,1,0,0,0,1,0,1,1,1.6094379124341003,1.3862943611198906,1.3862943611198906
https://openalex.org/W2928422452,2019,7,3,1,1,0,0,0,0,0,0,0,0,0,1.3862943611198906,0.6931471805599453,0.6931471805599453
https://openalex.org/W2990879658,2019,0,1,1,1,0,0,0,0,0,0,1,1,0,0.6931471805599453,0.6931471805599453,0.6931471805599453
https://openalex.org/W2980221351,2019,1,1,1,1,0,0,0,0,0,0,0,1,0,0.6931471805599453,0.6931471805599453,0.6931471805599453
https://openalex.org/W2948489106,2019,1,2,0,0,0,0,0,0,0,0,1,1,0,1.0986122886681098,0.0,0.0
https://openalex.org/W2997232562,2019,7,2,2,2,1,1,0,0,0,0,1,1,0,1.0986122886681098,1.0986122886681098,1.0986122886681098
https://openalex.org/W3015183562,2019,0,1,0,0,0,0,0,0,0,0,0,0,0,0.6931471805599453,0.0,0.0
https://openalex.org/W2979973930,2019,27,4,3,2,1,1,0,0,0,0,0,0,1,1.6094379124341003,1.3862943611198906,1.0986122886681098
https://openalex.org/W2937455088,2019,2,1,1,1,0,0,0,0,0,1,0,1,0,0.6931471805599453,0.6931471805599453,0.6931471805599453
https://openalex.org/W3130727203,2019,0,3,0,0,0,0,0,0,0,0,0,1,0,1.3862943611198906,0.0,0.0
https://openalex.org/W2966743429,2019,0,1,1,1,0,0,0,0,0,0,1,1,0,0.6931471805599453,0.6931471805599453,0.6931471805599453
https://openalex.org/W2973789199,2019,0,4,3,3,1,1,0,0,0,0,0,0,0,1.6094379124341003,1.3862943611198906,1.3862943611198906
https://openalex.org/W2990350964,2019,0,4,2,2,1,1,0,0,0,0,1,1,0,1.6094379124341003,1.0986122886681098,1.0986122886681098
https://openalex.org/W2969956453,2019,37,2,1,1,0,0,0,0,0,0,0,1,1,1.0986122886681098,0.6931471805599453,0.6931471805599453
https://openalex.org/W2908557439,2019,6,4,3,1,1,0,0,0,0,0,1,1,0,1.6094379124341003,1.3862943611198906,0.6931471805599453
https://openalex.org/W3170992802,2019,0,1,0,0,0,0,0,0,0,0,0,0,0,0.6931471805599453,0.0,0.0
https://openalex.org/W2972406339,2019,14,6,1,1,0,0,0,0,0,0,0,0,0,1.9459101490553132,0.6931471805599453,0.6931471805599453
https://openalex.org/W2916300832,2019,11,3,1,1,0,0,0,0,0,0,1,1,0,1.3862943611198906,0.6931471805599453,0.6931471805599453
https://openalex.org/W3026572138,2019,1,1,0,0,0,0,0,0,0,0,0,0,0,0.6931471805599453,0.0,0.0
https://openalex.org/W2959955778,2019,3,4,2,1,1,0,0,0,0,1,0,0,0,1.6094379124341003,1.0986122886681098,0.6931471805599453
https://openalex.org/W2945046972,2019,0,1,0,0,0,0,0,0,0,0,0,0,0,0.6931471805599453,0.0,0.0
https://openalex.org/W3158257203,2019,2,1,0,0,0,0,0,0,0,0,1,0,0,0.6931471805599453,0.0,0.0
https://openalex.org/W2971733418,2019,0,3,1,1,0,0,0,0,0,0,1,1,0,1.3862943611198906,0.6931471805599453,0.6931471805599453
https://openalex.org/W2972766519,2019,0,1,0,0,0,0,0,0,0,0,0,0,0,0.6931471805599453,0.0,0.0
https://openalex.org/W2972742642,2019,0,2,1,1,0,0,0,1,0,1,1,0,0,1.0986122886681098,0.6931471805599453,0.6931471805599453
https://openalex.org/W2968846016,2019,33,7,1,1,0,0,0,0,0,0,1,1,1,2.0794415416798357,0.6931471805599453,0.6931471805599453
https://openalex.org/W3021572461,2019,12,3,1,1,0,0,0,0,0,0,1,1,0,1.3862943611198906,0.6931471805599453,0.6931471805599453
https://openalex.org/W3149322429,2019,0,3,1,1,0,0,0,0,0,0,0,1,0,1.3862943611198906,0.6931471805599453,0.6931471805599453
https://openalex.org/W2954201382,2019,0,3,1,1,0,0,0,0,0,0,1,1,0,1.3862943611198906,0.6931471805599453,0.6931471805599453
https://openalex.org/W7135189217,2019,0,1,0,0,0,0,0,0,0,0,1,0,0,0.6931471805599453,0.0,0.0
https://openalex.org/W2964730168,2019,3,6,0,0,0,0,0,0,0,0,0,1,0,1.9459101490553132,0.0,0.0
https://openalex.org/W2967690072,2019,0,3,1,1,0,0,0,0,0,0,1,0,0,1.3862943611198906,0.6931471805599453,0.6931471805599453
https://openalex.org/W2922358261,2019,0,5,1,1,0,0,0,0,0,0,0,1,0,1.791759469228055,0.6931471805599453,0.6931471805599453
https://openalex.org/W3019654538,2019,9,2,1,1,0,0,0,0,0,1,0,0,0,1.0986122886681098,0.6931471805599453,0.6931471805599453
https://openalex.org/W2995657183,2019,11,6,3,2,1,1,0,0,0,0,1,1,0,1.9459101490553132,1.3862943611198906,1.0986122886681098
https://openalex.org/W3012058887,2019,12,6,4,1,1,0,0,0,0,1,0,0,0,1.9459101490553132,1.6094379124341003,0.6931471805599453
https://openalex.org/W2995645237,2019,20,3,1,1,0,0,0,0,0,0,1,1,0,1.3862943611198906,0.6931471805599453,0.6931471805599453
https://openalex.org/W2945752725,2019,2,2,0,0,0,0,0,0,0,0,0,1,0,1.0986122886681098,0.0,0.0
https://openalex.org/W2929465916,2019,3,4,2,1,1,0,0,0,0,0,0,1,0,1.6094379124341003,1.0986122886681098,0.6931471805599453
https://openalex.org/W3155998794,2019,0,1,0,0,0,0,0,0,0,0,0,0,0,0.6931471805599453,0.0,0.0
https://openalex.org/W2893726064,2019,8,6,7,6,1,1,0,0,0,0,0,1,0,1.9459101490553132,2.0794415416798357,1.9459101490553132
https://openalex.org/W2941821464,2019,130,4,3,1,1,0,0,0,0,0,0,1,1,1.6094379124341003,1.3862943611198906,0.6931471805599453
https://openalex.org/W2971191214,2019,27,6,4,4,1,1,1,1,0,1,1,0,1,1.9459101490553132,1.6094379124341003,1.6094379124341003
https://openalex.org/W2991744638,2019,3,6,1,1,0,0,0,0,0,0,0,0,0,1.9459101490553132,0.6931471805599453,0.6931471805599453
https://openalex.org/W2963630606,2019,1,5,4,2,1,1,0,0,0,0,0,0,0,1.791759469228055,1.6094379124341003,1.0986122886681098
https://openalex.org/W3006392286,2019,20,3,3,1,1,0,1,0,0,1,1,0,0,1.3862943611198906,1.3862943611198906,0.6931471805599453
https://openalex.org/W3057678489,2019,5,2,1,1,0,0,0,0,0,0,0,0,0,1.0986122886681098,0.6931471805599453,0.6931471805599453
https://openalex.org/W2950933408,2019,268,3,4,1,1,0,0,0,0,0,0,1,1,1.3862943611198906,1.6094379124341003,0.6931471805599453
https://openalex.org/W2941404656,2019,0,1,0,0,0,0,0,0,0,0,0,0,0,0.6931471805599453,0.0,0.0
https://openalex.org/W3097257386,2019,0,1,0,0,0,0,0,0,0,0,0,0,0,0.6931471805599453,0.0,0.0
https://openalex.org/W3094372078,2019,0,3,0,0,0,0,0,0,0,0,0,0,0,1.3862943611198906,0.0,0.0
https://openalex.org/W2998193661,2019,2,4,1,1,0,0,0,0,0,0,1,0,0,1.6094379124341003,0.6931471805599453,0.6931471805599453
https://openalex.org/W3129444063,2019,2,3,0,0,0,0,0,0,0,0,0,1,0,1.3862943611198906,0.0,0.0
https://openalex.org/W2996277391,2019,21,10,4,3,1,1,1,0,0,1,0,1,0,2.3978952727983707,1.6094379124341003,1.3862943611198906
https://openalex.org/W3136215692,2019,0,1,0,0,0,0,0,0,0,0,0,1,0,0.6931471805599453,0.0,0.0
https://openalex.org/W2554059739,2019,2,3,0,0,0,0,0,0,0,0,0,0,0,1.3862943611198906,0.0,0.0
https://openalex.org/W3022479865,2019,3,3,0,0,0,0,0,0,0,0,1,1,0,1.3862943611198906,0.0,0.0
https://openalex.org/W3005801525,2019,5,4,1,1,0,0,0,0,0,0,0,0,0,1.6094379124341003,0.6931471805599453,0.6931471805599453
https://openalex.org/W3105009813,2019,0,2,0,0,0,0,0,0,0,0,0,1,0,1.0986122886681098,0.0,0.0
https://openalex.org/W3022452436,2019,2,4,0,0,0,0,0,0,0,0,0,0,0,1.6094379124341003,0.0,0.0
https://openalex.org/W2992900896,2019,0,1,2,1,1,0,0,0,0,0,1,1,0,0.6931471805599453,1.0986122886681098,0.6931471805599453
https://openalex.org/W3162596484,2019,0,1,0,0,0,0,0,0,0,0,0,1,0,0.6931471805599453,0.0,0.0
https://openalex.org/W2996866514,2019,18,3,1,1,0,0,0,0,0,0,1,1,0,1.3862943611198906,0.6931471805599453,0.6931471805599453
https://openalex.org/W602920611,2019,0,1,1,1,0,0,0,0,0,1,1,0,0,0.6931471805599453,0.6931471805599453,0.6931471805599453
https://openalex.org/W2997225824,2019,0,2,1,1,0,0,0,0,0,0,0,1,0,1.0986122886681098,0.6931471805599453,0.6931471805599453
https://openalex.org/W3004267636,2019,0,1,1,1,0,0,0,0,0,0,0,0,0,0.6931471805599453,0.6931471805599453,0.6931471805599453
https://openalex.org/W3109080317,2019,1,3,1,1,0,0,0,0,1,0,1,1,0,1.3862943611198906,0.6931471805599453,0.6931471805599453
https://openalex.org/W3015748869,2019,4,1,1,1,0,0,0,0,0,0,0,0,0,0.6931471805599453,0.6931471805599453,0.6931471805599453
https://openalex.org/W2947534951,2019,6,3,4,1,1,0,0,0,0,0,1,1,0,1.3862943611198906,1.6094379124341003,0.6931471805599453
https://openalex.org/W2996914353,2019,1,3,2,1,1,0,0,0,0,0,1,1,0,1.3862943611198906,1.0986122886681098,0.6931471805599453
https://openalex.org/W2945340682,2019,6,3,1,1,0,0,0,0,0,0,1,1,0,1.3862943611198906,0.6931471805599453,0.6931471805599453
https://openalex.org/W2958182138,2019,2,3,2,1,1,0,0,0,0,0,0,1,0,1.3862943611198906,1.0986122886681098,0.6931471805599453
https://openalex.org/W2985783640,2019,11,1,1,1,0,0,0,0,0,0,0,1,0,0.6931471805599453,0.6931471805599453,0.6931471805599453
https://openalex.org/W2989147883,2019,2,2,1,1,0,0,0,0,0,0,1,1,0,1.0986122886681098,0.6931471805599453,0.6931471805599453
https://openalex.org/W3089247816,2019,0,2,0,0,0,0,0,0,0,0,0,1,0,1.0986122886681098,0.0,0.0
https://openalex.org/W2946848421,2019,5,2,2,2,1,1,0,0,0,1,0,0,0,1.0986122886681098,1.0986122886681098,1.0986122886681098
https://openalex.org/W2955811824,2019,20,3,1,1,0,0,0,0,0,0,1,1,0,1.3862943611198906,0.6931471805599453,0.6931471805599453
https://openalex.org/W3163189278,2019,0,5,0,0,0,0,0,0,0,0,0,0,0,1.791759469228055,0.0,0.0
https://openalex.org/W2962842317,2019,2,2,0,0,0,0,0,0,0,0,1,1,0,1.0986122886681098,0.0,0.0
https://openalex.org/W2983418531,2019,43,3,1,1,0,0,0,0,0,0,1,0,1,1.3862943611198906,0.6931471805599453,0.6931471805599453
https://openalex.org/W2964586730,2019,1,4,0,0,0,0,0,0,0,0,1,1,0,1.6094379124341003,0.0,0.0
https://openalex.org/W3081469942,2019,2,1,0,0,0,0,0,0,0,0,0,1,0,0.6931471805599453,0.0,0.0
https://openalex.org/W3017308737,2019,1,1,0,0,0,0,0,0,0,0,1,0,0,0.6931471805599453,0.0,0.0
https://openalex.org/W2983454547,2019,169,6,2,1,1,0,0,1,0,0,0,0,1,1.9459101490553132,1.0986122886681098,0.6931471805599453
https://openalex.org/W2934367485,2019,11,3,2,1,1,0,0,0,0,1,1,0,0,1.3862943611198906,1.0986122886681098,0.6931471805599453
https://openalex.org/W2610335152,2019,4,2,0,0,0,0,0,0,0,0,1,0,0,1.0986122886681098,0.0,0.0
https://openalex.org/W2981088036,2019,16,2,1,1,0,0,0,0,0,0,0,1,0,1.0986122886681098,0.6931471805599453,0.6931471805599453
https://openalex.org/W3015302179,2019,1,1,0,0,0,0,0,0,0,0,1,1,0,0.6931471805599453,0.0,0.0
https://openalex.org/W2975581926,2019,0,3,1,1,0,0,0,0,0,0,0,1,0,1.3862943611198906,0.6931471805599453,0.6931471805599453
https://openalex.org/W2978906958,2019,0,5,1,1,0,0,0,0,0,0,0,0,0,1.791759469228055,0.6931471805599453,0.6931471805599453
https://openalex.org/W2957408986,2019,253,7,5,4,1,1,0,0,0,1,0,0,1,2.0794415416798357,1.791759469228055,1.6094379124341003
https://openalex.org/W2981700998,2019,0,1,1,1,0,0,0,0,0,0,1,1,0,0.6931471805599453,0.6931471805599453,0.6931471805599453
https://openalex.org/W3104898082,2019,7,3,0,0,0,0,0,0,0,0,0,0,0,1.3862943611198906,0.0,0.0
https://openalex.org/W3008211836,2019,2,3,0,0,0,0,0,0,0,0,0,1,0,1.3862943611198906,0.0,0.0
https://openalex.org/W3035941384,2019,1,1,1,1,0,0,0,0,0,0,0,0,0,0.6931471805599453,0.6931471805599453,0.6931471805599453
https://openalex.org/W3049058968,2019,1,2,1,1,0,0,0,0,0,0,1,0,0,1.0986122886681098,0.6931471805599453,0.6931471805599453
https://openalex.org/W2912417793,2019,0,3,0,0,0,0,0,0,0,0,0,0,0,1.3862943611198906,0.0,0.0
https://openalex.org/W3015495951,2019,13,3,1,1,0,0,0,0,0,0,1,1,0,1.3862943611198906,0.6931471805599453,0.6931471805599453
https://openalex.org/W3137820945,2019,0,1,1,1,0,0,0,0,0,0,1,1,0,0.6931471805599453,0.6931471805599453,0.6931471805599453
https://openalex.org/W2933132343,2019,1,1,0,0,0,0,0,0,0,0,1,1,0,0.6931471805599453,0.0,0.0
https://openalex.org/W3003419137,2019,0,2,1,1,0,0,0,0,0,0,0,0,0,1.0986122886681098,0.6931471805599453,0.6931471805599453
https://openalex.org/W7135956722,2019,0,2,1,1,0,0,0,1,0,0,1,0,0,1.0986122886681098,0.6931471805599453,0.6931471805599453
https://openalex.org/W2965522093,2019,5,5,1,1,0,0,0,0,0,0,0,1,0,1.791759469228055,0.6931471805599453,0.6931471805599453
https://openalex.org/W2990657239,2019,0,2,0,0,0,0,0,0,0,0,0,1,0,1.0986122886681098,0.0,0.0
https://openalex.org/W2950186273,2019,0,1,1,1,0,0,0,0,0,1,1,0,0,0.6931471805599453,0.6931471805599453,0.6931471805599453
https://openalex.org/W2983688210,2019,0,3,1,1,0,0,0,0,0,0,0,1,0,1.3862943611198906,0.6931471805599453,0.6931471805599453
https://openalex.org/W2977524887,2019,288,6,4,1,1,0,0,0,0,0,0,1,1,1.9459101490553132,1.6094379124341003,0.6931471805599453
https://openalex.org/W2972877216,2019,18,3,4,2,1,1,0,0,1,0,0,1,0,1.3862943611198906,1.6094379124341003,1.0986122886681098
https://openalex.org/W2993034671,2019,1,7,2,1,1,0,1,0,0,0,0,0,0,2.0794415416798357,1.0986122886681098,0.6931471805599453
https://openalex.org/W2963070739,2019,0,2,0,0,0,0,0,0,0,0,0,0,0,1.0986122886681098,0.0,0.0
https://openalex.org/W2989930930,2019,4,1,0,0,0,0,0,0,0,0,1,1,0,0.6931471805599453,0.0,0.0
https://openalex.org/W2952691281,2019,1,1,0,0,0,0,0,0,0,0,0,1,0,0.6931471805599453,0.0,0.0
https://openalex.org/W3036971269,2019,0,1,1,1,0,0,0,0,0,1,0,0,0,0.6931471805599453,0.6931471805599453,0.6931471805599453
https://openalex.org/W2982160508,2019,0,4,1,1,0,0,0,0,0,0,0,1,0,1.6094379124341003,0.6931471805599453,0.6931471805599453
https://openalex.org/W3172390719,2019,0,2,0,0,0,0,0,0,0,0,0,0,0,1.0986122886681098,0.0,0.0
https://openalex.org/W3163620651,2019,0,2,2,1,1,0,0,0,0,0,1,1,0,1.0986122886681098,1.0986122886681098,0.6931471805599453
https://openalex.org/W2908522648,2019,5,2,1,1,0,0,0,0,0,0,0,1,0,1.0986122886681098,0.6931471805599453,0.6931471805599453
https://openalex.org/W2963054233,2019,0,1,0,0,0,0,0,0,0,0,0,0,0,0.6931471805599453,0.0,0.0
https://openalex.org/W2911529422,2019,33,6,5,1,1,0,0,0,0,0,0,1,1,1.9459101490553132,1.791759469228055,0.6931471805599453
https://openalex.org/W2934881218,2019,1,3,2,2,1,1,0,0,0,1,1,0,0,1.3862943611198906,1.0986122886681098,1.0986122886681098
https://openalex.org/W2921788688,2019,37,5,2,1,1,0,0,0,0,1,0,1,1,1.791759469228055,1.0986122886681098,0.6931471805599453
https://openalex.org/W3200824417,2019,0,2,0,0,0,0,0,0,0,0,0,1,0,1.0986122886681098,0.0,0.0
https://openalex.org/W2992612107,2019,0,2,0,0,0,0,0,0,0,0,0,1,0,1.0986122886681098,0.0,0.0
https://openalex.org/W3168146895,2019,0,1,0,0,0,0,0,0,0,0,0,0,0,0.6931471805599453,0.0,0.0
https://openalex.org/W2998996449,2019,2,2,1,1,0,0,0,0,0,0,1,1,0,1.0986122886681098,0.6931471805599453,0.6931471805599453
https://openalex.org/W2947517621,2019,42,2,1,1,0,0,0,0,0,0,0,1,1,1.0986122886681098,0.6931471805599453,0.6931471805599453
https://openalex.org/W2931990706,2019,0,3,1,1,0,0,0,0,0,0,0,1,0,1.3862943611198906,0.6931471805599453,0.6931471805599453
https://openalex.org/W2962608326,2019,26,2,1,1,0,0,0,0,0,0,0,0,1,1.0986122886681098,0.6931471805599453,0.6931471805599453
https://openalex.org/W2910043009,2019,0,2,1,1,0,0,0,0,0,0,1,1,0,1.0986122886681098,0.6931471805599453,0.6931471805599453
https://openalex.org/W4301248342,2019,31,4,0,0,0,0,0,0,0,0,0,0,1,1.6094379124341003,0.0,0.0
https://openalex.org/W2986747860,2019,2,4,2,1,1,0,0,0,1,0,0,0,0,1.6094379124341003,1.0986122886681098,0.6931471805599453
https://openalex.org/W2969992233,2019,13,3,0,0,0,0,0,0,0,0,1,1,0,1.3862943611198906,0.0,0.0
https://openalex.org/W2996467939,2019,32,2,2,1,1,0,0,0,0,0,0,1,1,1.0986122886681098,1.0986122886681098,0.6931471805599453
https://openalex.org/W2952246890,2019,0,1,0,0,0,0,0,0,0,0,0,0,0,0.6931471805599453,0.0,0.0
https://openalex.org/W2901555009,2019,2,1,3,2,1,1,0,0,0,0,0,1,0,0.6931471805599453,1.3862943611198906,1.0986122886681098
https://openalex.org/W2970147293,2019,4,2,1,1,0,0,0,0,0,1,0,0,0,1.0986122886681098,0.6931471805599453,0.6931471805599453
https://openalex.org/W2982028976,2019,69,5,4,3,1,1,0,0,0,0,0,1,1,1.791759469228055,1.6094379124341003,1.3862943611198906
https://openalex.org/W7140958460,2019,0,2,0,0,0,0,0,0,0,0,1,1,0,1.0986122886681098,0.0,0.0
https://openalex.org/W4248028325,2019,1,5,4,1,1,0,0,1,0,0,1,0,0,1.791759469228055,1.6094379124341003,0.6931471805599453
https://openalex.org/W3040743640,2019,1,1,1,1,0,0,0,0,0,0,1,1,0,0.6931471805599453,0.6931471805599453,0.6931471805599453
https://openalex.org/W3157988551,2019,1,1,0,0,0,0,0,0,0,0,0,0,0,0.6931471805599453,0.0,0.0
https://openalex.org/W2985471941,2019,1,1,0,0,0,0,0,0,0,0,1,0,0,0.6931471805599453,0.0,0.0
https://openalex.org/W2961782229,2019,0,1,1,1,0,0,0,0,0,0,1,1,0,0.6931471805599453,0.6931471805599453,0.6931471805599453
https://openalex.org/W2991975888,2019,2,2,1,1,0,0,0,0,0,0,0,0,0,1.0986122886681098,0.6931471805599453,0.6931471805599453
https://openalex.org/W2942805026,2019,26,5,1,1,0,0,0,0,0,1,0,0,1,1.791759469228055,0.6931471805599453,0.6931471805599453
https://openalex.org/W3006560188,2019,0,2,1,1,0,0,0,0,0,0,0,0,0,1.0986122886681098,0.6931471805599453,0.6931471805599453
https://openalex.org/W2935323414,2019,36,3,1,1,0,0,0,0,0,0,0,1,1,1.3862943611198906,0.6931471805599453,0.6931471805599453
https://openalex.org/W4205780432,2019,1,3,0,0,0,0,0,0,0,0,1,1,0,1.3862943611198906,0.0,0.0
https://openalex.org/W2992324212,2019,6,6,1,1,0,0,0,0,0,0,1,1,0,1.9459101490553132,0.6931471805599453,0.6931471805599453
https://openalex.org/W3009487927,2019,2,3,0,0,0,0,0,0,0,0,1,1,0,1.3862943611198906,0.0,0.0
https://openalex.org/W2960070296,2019,1,1,1,1,0,0,0,0,0,0,1,1,0,0.6931471805599453,0.6931471805599453,0.6931471805599453
https://openalex.org/W2908399050,2019,95,6,2,1,1,0,0,0,0,0,1,1,1,1.9459101490553132,1.0986122886681098,0.6931471805599453
https://openalex.org/W2957886141,2019,0,1,0,0,0,0,0,0,0,0,0,1,0,0.6931471805599453,0.0,0.0
https://openalex.org/W2972763760,2019,13,10,0,0,0,0,0,0,0,0,0,0,0,2.3978952727983707,0.0,0.0
https://openalex.org/W2950000027,2019,53,5,1,1,0,0,0,0,0,0,0,0,1,1.791759469228055,0.6931471805599453,0.6931471805599453
https://openalex.org/W2972736129,2019,5,3,2,2,1,1,1,0,0,1,0,0,0,1.3862943611198906,1.0986122886681098,1.0986122886681098
https://openalex.org/W2998366023,2019,0,4,1,1,0,0,0,0,0,0,0,1,0,1.6094379124341003,0.6931471805599453,0.6931471805599453
https://openalex.org/W3042355309,2019,0,3,0,0,0,0,0,0,0,0,0,0,0,1.3862943611198906,0.0,0.0
https://openalex.org/W3010859409,2019,0,1,2,1,1,0,0,0,0,0,0,1,0,0.6931471805599453,1.0986122886681098,0.6931471805599453
https://openalex.org/W3215940511,2019,0,1,1,1,0,0,0,0,0,0,0,1,0,0.6931471805599453,0.6931471805599453,0.6931471805599453
https://openalex.org/W2938938392,2019,35,3,1,1,0,0,0,0,0,0,0,0,1,1.3862943611198906,0.6931471805599453,0.6931471805599453
https://openalex.org/W2946584439,2019,16,1,3,1,1,0,0,0,0,0,0,1,0,0.6931471805599453,1.3862943611198906,0.6931471805599453
https://openalex.org/W3000391634,2019,0,1,0,0,0,0,0,0,0,0,0,1,0,0.6931471805599453,0.0,0.0
https://openalex.org/W2978606508,2019,1,2,1,1,0,0,0,0,0,1,1,1,0,1.0986122886681098,0.6931471805599453,0.6931471805599453
https://openalex.org/W2969366651,2019,24,1,1,1,0,0,0,0,0,0,1,1,1,0.6931471805599453,0.6931471805599453,0.6931471805599453
https://openalex.org/W2985132074,2019,24,2,1,1,0,0,0,0,0,0,0,1,1,1.0986122886681098,0.6931471805599453,0.6931471805599453
https://openalex.org/W3126507723,2019,0,1,0,0,0,0,0,0,0,0,0,1,0,0.6931471805599453,0.0,0.0
https://openalex.org/W2984938324,2019,0,2,0,0,0,0,0,0,0,0,1,1,0,1.0986122886681098,0.0,0.0
https://openalex.org/W2980810893,2019,2,3,0,0,0,0,0,0,0,0,0,0,0,1.3862943611198906,0.0,0.0
https://openalex.org/W2910556646,2019,4,2,1,1,0,0,0,0,0,0,1,1,0,1.0986122886681098,0.6931471805599453,0.6931471805599453
https://openalex.org/W3004503061,2019,0,2,0,0,0,0,0,0,0,0,0,0,0,1.0986122886681098,0.0,0.0
https://openalex.org/W2936618633,2019,1,2,1,1,0,0,0,0,0,0,1,1,0,1.0986122886681098,0.6931471805599453,0.6931471805599453
https://openalex.org/W2946406539,2019,0,2,0,0,0,0,0,0,0,0,0,0,0,1.0986122886681098,0.0,0.0
https://openalex.org/W2988960967,2019,0,1,1,1,0,0,0,0,0,0,1,0,0,0.6931471805599453,0.6931471805599453,0.6931471805599453
https://openalex.org/W2912530199,2019,96,8,7,3,1,1,0,0,0,1,0,1,1,2.1972245773362196,2.0794415416798357,1.3862943611198906
https://openalex.org/W2984646333,2019,2,4,1,1,0,0,0,0,0,0,0,0,0,1.6094379124341003,0.6931471805599453,0.6931471805599453
https://openalex.org/W3198257013,2019,0,2,0,0,0,0,0,0,0,0,0,0,0,1.0986122886681098,0.0,0.0
https://openalex.org/W2986621567,2019,3,4,1,1,0,0,0,0,0,0,0,0,0,1.6094379124341003,0.6931471805599453,0.6931471805599453
https://openalex.org/W3032344045,2019,0,1,0,0,0,0,0,0,0,0,0,1,0,0.6931471805599453,0.0,0.0
https://openalex.org/W2942259310,2019,30,4,2,1,1,0,0,0,1,0,0,1,1,1.6094379124341003,1.0986122886681098,0.6931471805599453
https://openalex.org/W2888990196,2019,39,4,3,2,1,1,0,0,0,0,0,1,1,1.6094379124341003,1.3862943611198906,1.0986122886681098
https://openalex.org/W3209285719,2019,0,2,0,0,0,0,0,0,0,0,0,0,0,1.0986122886681098,0.0,0.0
https://openalex.org/W4296861142,2019,0,3,0,0,0,0,0,0,0,0,1,1,0,1.3862943611198906,0.0,0.0
https://openalex.org/W2917008761,2019,1,1,1,1,0,0,0,0,0,0,1,0,0,0.6931471805599453,0.6931471805599453,0.6931471805599453
https://openalex.org/W2981080116,2019,14,2,2,1,1,0,0,0,0,0,1,1,0,1.0986122886681098,1.0986122886681098,0.6931471805599453
https://openalex.org/W2953595166,2019,30,8,3,1,1,0,0,1,0,0,0,0,1,2.1972245773362196,1.3862943611198906,0.6931471805599453
https://openalex.org/W4255510127,2019,0,20,0,0,0,0,0,0,0,0,1,1,0,3.044522437723423,0.0,0.0
https://openalex.org/W2953970096,2019,6,3,2,2,1,1,0,0,0,0,1,1,0,1.3862943611198906,1.0986122886681098,1.0986122886681098
https://openalex.org/W2989260774,2019,2,1,1,1,0,0,0,0,0,0,1,1,0,0.6931471805599453,0.6931471805599453,0.6931471805599453
https://openalex.org/W2966608563,2019,1,2,1,1,0,0,0,0,0,0,1,1,0,1.0986122886681098,0.6931471805599453,0.6931471805599453
https://openalex.org/W3119269094,2019,0,1,0,0,0,0,0,0,0,0,0,0,0,0.6931471805599453,0.0,0.0
https://openalex.org/W3028165786,2019,0,2,0,0,0,0,0,0,0,0,0,1,0,1.0986122886681098,0.0,0.0
https://openalex.org/W2964932358,2019,5,5,1,1,0,0,0,0,0,0,1,1,0,1.791759469228055,0.6931471805599453,0.6931471805599453
https://openalex.org/W3178013064,2019,0,1,0,0,0,0,0,0,0,0,0,1,0,0.6931471805599453,0.0,0.0
https://openalex.org/W2948725539,2019,4,5,2,1,1,0,0,0,0,0,1,1,0,1.791759469228055,1.0986122886681098,0.6931471805599453
https://openalex.org/W3012885520,2019,0,2,1,1,0,0,0,0,0,0,0,0,0,1.0986122886681098,0.6931471805599453,0.6931471805599453
https://openalex.org/W3130693374,2019,0,15,11,4,1,1,1,0,1,1,1,0,0,2.772588722239781,2.4849066497880004,1.6094379124341003
https://openalex.org/W4253968357,2019,23,1,0,0,0,0,0,0,0,0,1,1,1,0.6931471805599453,0.0,0.0
https://openalex.org/W2909341316,2019,3,5,1,1,0,0,0,0,0,0,0,1,0,1.791759469228055,0.6931471805599453,0.6931471805599453
https://openalex.org/W2940049459,2019,0,1,0,0,0,0,0,0,0,0,1,1,0,0.6931471805599453,0.0,0.0
https://openalex.org/W2987490197,2019,3,3,1,1,0,0,0,0,0,0,1,1,0,1.3862943611198906,0.6931471805599453,0.6931471805599453
https://openalex.org/W2966241995,2019,1,3,0,0,0,0,0,0,0,0,0,1,0,1.3862943611198906,0.0,0.0
https://openalex.org/W2917028139,2019,11,6,0,0,0,0,0,0,0,0,1,1,0,1.9459101490553132,0.0,0.0
https://openalex.org/W2951436792,2019,49,5,2,1,1,0,0,0,0,0,0,1,1,1.791759469228055,1.0986122886681098,0.6931471805599453
https://openalex.org/W2980796770,2019,0,8,1,1,0,0,0,0,0,0,0,0,0,2.1972245773362196,0.6931471805599453,0.6931471805599453
https://openalex.org/W2968374886,2019,5,4,1,1,0,0,0,0,0,0,0,0,0,1.6094379124341003,0.6931471805599453,0.6931471805599453
https://openalex.org/W2945487040,2019,32,3,1,1,0,0,0,0,0,0,0,0,1,1.3862943611198906,0.6931471805599453,0.6931471805599453
https://openalex.org/W2994017873,2019,0,2,0,0,0,0,0,0,0,0,1,0,0,1.0986122886681098,0.0,0.0
https://openalex.org/W2976421028,2019,24,4,1,1,0,0,0,0,0,0,0,1,1,1.6094379124341003,0.6931471805599453,0.6931471805599453
https://openalex.org/W3201674981,2019,0,5,0,0,0,0,0,0,0,0,1,0,0,1.791759469228055,0.0,0.0
https://openalex.org/W2976887858,2019,0,2,1,1,0,0,0,1,0,0,0,0,0,1.0986122886681098,0.6931471805599453,0.6931471805599453
https://openalex.org/W2968986593,2019,2,5,1,1,0,0,0,0,0,0,0,0,0,1.791759469228055,0.6931471805599453,0.6931471805599453
https://openalex.org/W2605375700,2019,3,2,1,1,0,0,0,0,0,0,0,1,0,1.0986122886681098,0.6931471805599453,0.6931471805599453
https://openalex.org/W3047598024,2019,1,3,1,1,0,0,0,0,0,0,1,1,0,1.3862943611198906,0.6931471805599453,0.6931471805599453
https://openalex.org/W2951119547,2019,22,6,2,1,1,0,0,0,0,0,1,1,1,1.9459101490553132,1.0986122886681098,0.6931471805599453
https://openalex.org/W2948308416,2019,53,3,1,1,0,0,0,0,0,0,1,1,1,1.3862943611198906,0.6931471805599453,0.6931471805599453
https://openalex.org/W2996034202,2019,3,3,1,1,0,0,0,0,0,0,0,1,0,1.3862943611198906,0.6931471805599453,0.6931471805599453
https://openalex.org/W3106599989,2019,0,1,0,0,0,0,0,0,0,0,0,0,0,0.6931471805599453,0.0,0.0
https://openalex.org/W3007415572,2019,4,2,1,1,0,0,0,0,0,0,1,1,0,1.0986122886681098,0.6931471805599453,0.6931471805599453
https://openalex.org/W2949451036,2019,7,3,3,3,1,1,0,0,0,1,0,1,0,1.3862943611198906,1.3862943611198906,1.3862943611198906
https://openalex.org/W2945641551,2019,7,2,2,2,1,1,0,1,0,0,0,1,0,1.0986122886681098,1.0986122886681098,1.0986122886681098
https://openalex.org/W2943788707,2019,4,2,1,1,0,0,0,0,0,0,1,1,0,1.0986122886681098,0.6931471805599453,0.6931471805599453
https://openalex.org/W2995845324,2019,3,2,1,1,0,0,0,0,0,0,1,1,0,1.0986122886681098,0.6931471805599453,0.6931471805599453
https://openalex.org/W2608233050,2019,0,2,1,1,0,0,0,0,0,0,1,1,0,1.0986122886681098,0.6931471805599453,0.6931471805599453
https://openalex.org/W2951489206,2019,18,5,4,1,1,0,0,0,0,0,0,0,0,1.791759469228055,1.6094379124341003,0.6931471805599453
https://openalex.org/W2973162052,2019,8,2,1,1,0,0,0,0,0,0,1,0,0,1.0986122886681098,0.6931471805599453,0.6931471805599453
https://openalex.org/W2956090218,2019,3,4,0,0,0,0,0,0,0,0,1,1,0,1.6094379124341003,0.0,0.0
https://openalex.org/W2996538087,2019,16,4,4,2,1,1,0,0,0,0,0,1,0,1.6094379124341003,1.6094379124341003,1.0986122886681098
https://openalex.org/W3045216940,2019,2,2,1,1,0,0,0,0,0,0,0,0,0,1.0986122886681098,0.6931471805599453,0.6931471805599453
https://openalex.org/W2948115999,2019,10,4,3,1,1,0,1,1,0,1,1,0,0,1.6094379124341003,1.3862943611198906,0.6931471805599453
https://openalex.org/W3027355617,2019,0,4,0,0,0,0,0,0,0,0,0,1,0,1.6094379124341003,0.0,0.0
https://openalex.org/W2965334123,2019,50,3,1,1,0,0,0,0,0,0,0,1,1,1.3862943611198906,0.6931471805599453,0.6931471805599453
https://openalex.org/W2914099175,2019,23,1,1,1,0,0,0,0,0,1,1,1,1,0.6931471805599453,0.6931471805599453,0.6931471805599453
https://openalex.org/W2972791192,2019,20,2,1,1,0,0,0,0,0,0,0,1,0,1.0986122886681098,0.6931471805599453,0.6931471805599453
https://openalex.org/W2916480411,2019,0,8,0,0,0,0,0,0,0,0,1,1,0,2.1972245773362196,0.0,0.0
https://openalex.org/W3109146488,2019,1,2,0,0,0,0,0,0,0,0,1,1,0,1.0986122886681098,0.0,0.0
https://openalex.org/W3014500453,2019,17,3,1,1,0,0,0,0,0,0,1,1,0,1.3862943611198906,0.6931471805599453,0.6931471805599453
https://openalex.org/W3004875591,2019,1,2,1,1,0,0,0,0,0,0,0,0,0,1.0986122886681098,0.6931471805599453,0.6931471805599453
https://openalex.org/W2942783003,2019,0,1,1,1,0,0,0,0,0,0,1,0,0,0.6931471805599453,0.6931471805599453,0.6931471805599453
https://openalex.org/W2995286310,2019,10,10,4,3,1,1,0,0,0,0,1,1,0,2.3978952727983707,1.6094379124341003,1.3862943611198906
https://openalex.org/W3166912245,2019,0,1,1,1,0,0,0,0,0,1,0,1,0,0.6931471805599453,0.6931471805599453,0.6931471805599453
https://openalex.org/W2941846502,2019,8,3,1,1,0,0,1,0,0,0,1,1,0,1.3862943611198906,0.6931471805599453,0.6931471805599453
https://openalex.org/W4285826675,2019,2,3,2,1,1,0,0,0,0,0,1,1,0,1.3862943611198906,1.0986122886681098,0.6931471805599453
https://openalex.org/W3040708292,2019,0,1,0,0,0,0,0,0,0,0,0,0,0,0.6931471805599453,0.0,0.0
https://openalex.org/W2578433324,2019,3,1,0,0,0,0,0,0,0,0,1,1,0,0.6931471805599453,0.0,0.0
https://openalex.org/W3116584128,2019,26,4,3,3,1,1,1,0,0,1,0,0,1,1.6094379124341003,1.3862943611198906,1.3862943611198906
https://openalex.org/W2970315979,2019,0,1,1,1,0,0,0,0,0,0,1,1,0,0.6931471805599453,0.6931471805599453,0.6931471805599453
https://openalex.org/W2974300052,2019,1,4,1,1,0,0,0,0,0,0,1,1,0,1.6094379124341003,0.6931471805599453,0.6931471805599453
https://openalex.org/W4288332982,2019,0,2,0,0,0,0,0,0,0,0,1,0,0,1.0986122886681098,0.0,0.0
https://openalex.org/W2996839520,2019,0,1,1,1,0,0,0,0,0,0,1,1,0,0.6931471805599453,0.6931471805599453,0.6931471805599453
https://openalex.org/W2952245108,2019,25,3,2,1,1,0,0,0,0,0,0,1,1,1.3862943611198906,1.0986122886681098,0.6931471805599453
https://openalex.org/W3131618886,2019,0,1,0,0,0,0,0,0,0,0,0,1,0,0.6931471805599453,0.0,0.0
https://openalex.org/W2997657997,2019,99,5,2,2,1,1,0,0,0,0,0,1,1,1.791759469228055,1.0986122886681098,1.0986122886681098
https://openalex.org/W2970001617,2019,14,1,0,0,0,0,0,0,0,0,1,1,0,0.6931471805599453,0.0,0.0
https://openalex.org/W2981554511,2019,1,3,1,1,0,0,0,0,0,0,0,0,0,1.3862943611198906,0.6931471805599453,0.6931471805599453
https://openalex.org/W2981986915,2019,0,1,0,0,0,0,0,0,0,0,0,0,0,0.6931471805599453,0.0,0.0
https://openalex.org/W3116911677,2019,0,1,0,0,0,0,0,0,0,0,1,0,0,0.6931471805599453,0.0,0.0
https://openalex.org/W2961336190,2019,0,1,0,0,0,0,0,0,0,0,0,1,0,0.6931471805599453,0.0,0.0
https://openalex.org/W2952440882,2019,0,2,0,0,0,0,0,0,0,0,0,0,0,1.0986122886681098,0.0,0.0
https://openalex.org/W3148787192,2019,0,2,0,0,0,0,0,0,0,0,0,1,0,1.0986122886681098,0.0,0.0
https://openalex.org/W2945681193,2019,22,3,3,1,1,0,0,0,0,0,0,1,1,1.3862943611198906,1.3862943611198906,0.6931471805599453
https://openalex.org/W3022761636,2019,2,4,1,1,0,0,0,0,0,1,0,0,0,1.6094379124341003,0.6931471805599453,0.6931471805599453
https://openalex.org/W3005697917,2019,0,1,0,0,0,0,0,0,0,0,0,0,0,0.6931471805599453,0.0,0.0
https://openalex.org/W2926499686,2019,0,4,0,0,0,0,0,0,0,0,1,1,0,1.6094379124341003,0.0,0.0
https://openalex.org/W2964013574,2019,0,3,0,0,0,0,0,0,0,0,1,1,0,1.3862943611198906,0.0,0.0
https://openalex.org/W2996569150,2019,20,2,1,1,0,0,0,0,0,0,1,1,0,1.0986122886681098,0.6931471805599453,0.6931471805599453
https://openalex.org/W2963517340,2019,2,2,4,1,1,0,0,0,0,0,0,0,0,1.0986122886681098,1.6094379124341003,0.6931471805599453
https://openalex.org/W3203955412,2019,0,1,0,0,0,0,0,0,0,0,0,0,0,0.6931471805599453,0.0,0.0
https://openalex.org/W2980877510,2019,22,2,0,0,0,0,0,0,0,0,0,0,1,1.0986122886681098,0.0,0.0
https://openalex.org/W2942337439,2019,41,5,1,1,0,0,0,0,0,0,1,0,1,1.791759469228055,0.6931471805599453,0.6931471805599453
https://openalex.org/W2972886725,2019,0,4,1,1,0,0,0,0,0,0,1,1,0,1.6094379124341003,0.6931471805599453,0.6931471805599453
https://openalex.org/W2966967163,2019,1,1,1,1,0,0,0,0,0,0,0,1,0,0.6931471805599453,0.6931471805599453,0.6931471805599453
https://openalex.org/W4318064610,2019,8,1,1,1,0,0,0,0,0,0,1,1,0,0.6931471805599453,0.6931471805599453,0.6931471805599453
https://openalex.org/W2986585637,2019,89,2,2,1,1,0,0,0,0,1,0,1,1,1.0986122886681098,1.0986122886681098,0.6931471805599453
https://openalex.org/W2965145183,2019,4,1,0,0,0,0,0,0,0,0,0,1,0,0.6931471805599453,0.0,0.0
https://openalex.org/W2990658118,2019,0,5,1,1,0,0,0,0,0,0,1,1,0,1.791759469228055,0.6931471805599453,0.6931471805599453
https://openalex.org/W3193940747,2019,0,2,1,1,0,0,0,0,0,0,1,0,0,1.0986122886681098,0.6931471805599453,0.6931471805599453
https://openalex.org/W3004211383,2019,0,2,1,1,0,0,0,0,0,0,0,0,0,1.0986122886681098,0.6931471805599453,0.6931471805599453
https://openalex.org/W2993003846,2019,3,4,1,1,0,0,0,0,0,0,0,0,0,1.6094379124341003,0.6931471805599453,0.6931471805599453
https://openalex.org/W2991169159,2019,23,10,11,5,1,1,0,0,1,0,0,1,1,2.3978952727983707,2.4849066497880004,1.791759469228055
https://openalex.org/W2999591843,2019,0,4,2,1,1,0,0,0,0,0,1,1,0,1.6094379124341003,1.0986122886681098,0.6931471805599453
https://openalex.org/W2993067334,2019,3,3,0,0,0,0,0,0,0,0,1,1,0,1.3862943611198906,0.0,0.0
https://openalex.org/W2963649681,2019,40,3,1,1,0,0,0,0,0,0,0,1,1,1.3862943611198906,0.6931471805599453,0.6931471805599453
https://openalex.org/W2964367660,2019,0,2,0,0,0,0,0,0,0,0,1,1,0,1.0986122886681098,0.0,0.0
https://openalex.org/W4248435828,2019,0,2,0,0,0,0,0,0,0,0,1,1,0,1.0986122886681098,0.0,0.0
https://openalex.org/W2943688712,2019,9,3,1,1,0,0,0,0,0,0,0,0,0,1.3862943611198906,0.6931471805599453,0.6931471805599453
https://openalex.org/W3104348325,2019,0,1,1,1,0,0,0,0,0,0,1,0,0,0.6931471805599453,0.6931471805599453,0.6931471805599453
https://openalex.org/W3005190614,2019,5,5,1,1,0,0,0,0,0,0,1,1,0,1.791759469228055,0.6931471805599453,0.6931471805599453
https://openalex.org/W2921890506,2019,0,3,0,0,0,0,0,0,0,0,1,1,0,1.3862943611198906,0.0,0.0
https://openalex.org/W4231297805,2019,0,52,5,3,1,1,0,1,0,1,1,1,0,3.970291913552122,1.791759469228055,1.3862943611198906
https://openalex.org/W2962918518,2019,44,6,2,2,1,1,0,0,0,0,0,1,1,1.9459101490553132,1.0986122886681098,1.0986122886681098
https://openalex.org/W2992685234,2019,0,1,0,0,0,0,0,0,0,0,0,0,0,0.6931471805599453,0.0,0.0
https://openalex.org/W2962344174,2019,52,2,1,1,0,0,0,0,0,0,1,1,1,1.0986122886681098,0.6931471805599453,0.6931471805599453
https://openalex.org/W2989849200,2019,1,2,3,1,1,0,0,0,0,1,1,1,0,1.0986122886681098,1.3862943611198906,0.6931471805599453
https://openalex.org/W2944648082,2019,47,3,1,1,0,0,0,0,0,0,1,1,1,1.3862943611198906,0.6931471805599453,0.6931471805599453
https://openalex.org/W3016195600,2019,1,4,2,1,1,0,0,0,0,0,0,0,0,1.6094379124341003,1.0986122886681098,0.6931471805599453
https://openalex.org/W2990363880,2019,3,4,3,3,1,1,0,0,0,0,0,1,0,1.6094379124341003,1.3862943611198906,1.3862943611198906
https://openalex.org/W3121620115,2019,3,2,0,0,0,0,0,0,0,0,0,1,0,1.0986122886681098,0.0,0.0
https://openalex.org/W2975114888,2019,0,5,2,1,1,0,0,0,0,0,0,0,0,1.791759469228055,1.0986122886681098,0.6931471805599453
https://openalex.org/W2979101152,2019,8,2,2,2,1,1,0,0,0,0,1,1,0,1.0986122886681098,1.0986122886681098,1.0986122886681098
https://openalex.org/W3048921979,2019,0,4,0,0,0,0,0,0,0,0,0,1,0,1.6094379124341003,0.0,0.0
https://openalex.org/W2947785797,2019,12,3,1,1,0,0,0,0,0,0,1,1,0,1.3862943611198906,0.6931471805599453,0.6931471805599453
https://openalex.org/W2994987024,2019,4,5,2,1,1,0,0,0,0,0,0,1,0,1.791759469228055,1.0986122886681098,0.6931471805599453
https://openalex.org/W2942108221,2019,3,4,1,1,0,0,0,0,0,1,1,1,0,1.6094379124341003,0.6931471805599453,0.6931471805599453
https://openalex.org/W2964472431,2019,2,2,1,1,0,0,0,0,0,0,0,0,0,1.0986122886681098,0.6931471805599453,0.6931471805599453
https://openalex.org/W3001677183,2019,17,2,2,1,1,0,0,0,0,0,1,1,0,1.0986122886681098,1.0986122886681098,0.6931471805599453
https://openalex.org/W2996273323,2019,1,1,1,1,0,0,0,0,0,0,0,1,0,0.6931471805599453,0.6931471805599453,0.6931471805599453
https://openalex.org/W3166049037,2019,1,3,1,1,0,0,0,0,0,0,1,1,0,1.3862943611198906,0.6931471805599453,0.6931471805599453
https://openalex.org/W3023165079,2019,17,4,1,1,0,0,0,0,0,0,0,0,0,1.6094379124341003,0.6931471805599453,0.6931471805599453
https://openalex.org/W7146466443,2019,0,1,0,0,0,0,0,0,0,0,0,0,0,0.6931471805599453,0.0,0.0
https://openalex.org/W2921560642,2019,1,5,2,1,1,0,0,0,0,0,0,1,0,1.791759469228055,1.0986122886681098,0.6931471805599453
https://openalex.org/W2909590823,2019,0,5,0,0,0,0,0,0,0,0,0,1,0,1.791759469228055,0.0,0.0
https://openalex.org/W2993820814,2019,0,5,0,0,0,0,0,0,0,0,0,1,0,1.791759469228055,0.0,0.0
https://openalex.org/W2954678237,2019,64,5,3,1,1,0,1,0,0,0,0,1,1,1.791759469228055,1.3862943611198906,0.6931471805599453
https://openalex.org/W2997074543,2019,14,6,1,1,0,0,0,0,0,0,0,0,0,1.9459101490553132,0.6931471805599453,0.6931471805599453
https://openalex.org/W413905504,2019,2,2,3,1,1,0,0,0,0,0,1,1,0,1.0986122886681098,1.3862943611198906,0.6931471805599453
https://openalex.org/W3101977899,2019,1,2,2,1,1,0,0,0,0,0,1,1,0,1.0986122886681098,1.0986122886681098,0.6931471805599453
https://openalex.org/W2971489828,2019,7,3,1,1,0,0,0,0,0,0,1,1,0,1.3862943611198906,0.6931471805599453,0.6931471805599453
https://openalex.org/W2968745520,2019,5,1,2,1,1,0,0,0,0,0,0,1,0,0.6931471805599453,1.0986122886681098,0.6931471805599453
https://openalex.org/W2958574674,2019,21,6,3,1,1,0,0,0,0,0,0,0,0,1.9459101490553132,1.3862943611198906,0.6931471805599453
https://openalex.org/W2965085372,2019,3,1,1,1,0,0,0,0,0,0,1,1,0,0.6931471805599453,0.6931471805599453,0.6931471805599453
https://openalex.org/W2956911324,2019,5,3,1,1,0,0,0,1,0,1,0,0,0,1.3862943611198906,0.6931471805599453,0.6931471805599453
https://openalex.org/W2910780885,2019,0,3,0,0,0,0,0,0,0,0,1,1,0,1.3862943611198906,0.0,0.0
https://openalex.org/W3006207814,2019,1,2,2,2,1,1,0,1,0,0,0,0,0,1.0986122886681098,1.0986122886681098,1.0986122886681098
https://openalex.org/W2944404933,2019,1,5,0,0,0,0,0,0,0,0,1,1,0,1.791759469228055,0.0,0.0
https://openalex.org/W3011991755,2019,11,2,2,1,1,0,0,0,0,0,0,0,0,1.0986122886681098,1.0986122886681098,0.6931471805599453
https://openalex.org/W2938630680,2019,21,3,2,2,1,1,0,0,0,0,0,1,0,1.3862943611198906,1.0986122886681098,1.0986122886681098
https://openalex.org/W3119832280,2019,0,1,0,0,0,0,0,0,0,0,1,0,0,0.6931471805599453,0.0,0.0
https://openalex.org/W3034912393,2019,3,4,1,1,0,0,0,1,0,0,1,0,0,1.6094379124341003,0.6931471805599453,0.6931471805599453
https://openalex.org/W3014197659,2019,0,1,0,0,0,0,0,0,0,0,1,1,0,0.6931471805599453,0.0,0.0
https://openalex.org/W7140910594,2019,0,1,0,0,0,0,0,0,0,0,1,1,0,0.6931471805599453,0.0,0.0
https://openalex.org/W2955799054,2019,5,4,2,1,1,0,0,0,0,0,0,0,0,1.6094379124341003,1.0986122886681098,0.6931471805599453
https://openalex.org/W4389461237,2019,0,3,1,1,0,0,0,0,0,0,1,1,0,1.3862943611198906,0.6931471805599453,0.6931471805599453
https://openalex.org/W4233731740,2019,0,42,0,0,0,0,0,0,0,0,1,0,0,3.7612001156935624,0.0,0.0
https://openalex.org/W2989975186,2019,0,1,0,0,0,0,0,0,0,0,1,0,0,0.6931471805599453,0.0,0.0
https://openalex.org/W3012009367,2019,1,2,1,1,0,0,0,0,0,0,0,0,0,1.0986122886681098,0.6931471805599453,0.6931471805599453
https://openalex.org/W2934299584,2019,46,1,1,1,0,0,0,0,0,0,1,0,1,0.6931471805599453,0.6931471805599453,0.6931471805599453
https://openalex.org/W3206520316,2019,4,2,1,1,0,0,1,0,0,0,1,0,0,1.0986122886681098,0.6931471805599453,0.6931471805599453
https://openalex.org/W2910788771,2019,8,5,2,1,1,0,0,0,0,0,0,1,0,1.791759469228055,1.0986122886681098,0.6931471805599453
https://openalex.org/W4249579507,2019,9,2,0,0,0,0,0,0,0,0,1,0,0,1.0986122886681098,0.0,0.0
https://openalex.org/W2989945776,2019,2,3,2,1,1,0,0,0,0,1,0,1,0,1.3862943611198906,1.0986122886681098,0.6931471805599453
https://openalex.org/W3026030364,2019,0,1,0,0,0,0,0,0,0,0,0,0,0,0.6931471805599453,0.0,0.0
https://openalex.org/W3083745710,2019,1,3,0,0,0,0,0,0,0,0,0,0,0,1.3862943611198906,0.0,0.0
https://openalex.org/W2963239716,2019,5,1,1,1,0,0,0,0,0,0,1,1,0,0.6931471805599453,0.6931471805599453,0.6931471805599453
https://openalex.org/W2979728279,2019,3,3,2,2,1,1,0,0,0,0,1,1,0,1.3862943611198906,1.0986122886681098,1.0986122886681098
https://openalex.org/W2981009988,2019,7,3,3,3,1,1,0,0,0,0,1,1,0,1.3862943611198906,1.3862943611198906,1.3862943611198906
https://openalex.org/W2983599649,2019,12,6,3,2,1,1,1,0,0,1,1,1,0,1.9459101490553132,1.3862943611198906,1.0986122886681098
https://openalex.org/W2952302150,2019,2,2,2,1,1,0,0,0,0,0,0,1,0,1.0986122886681098,1.0986122886681098,0.6931471805599453
https://openalex.org/W2930089461,2019,0,1,1,1,0,0,0,0,0,0,0,1,0,0.6931471805599453,0.6931471805599453,0.6931471805599453
https://openalex.org/W3186130016,2019,0,1,0,0,0,0,0,0,0,0,0,1,0,0.6931471805599453,0.0,0.0
https://openalex.org/W2969749205,2019,5,7,1,1,0,0,0,1,0,0,1,0,0,2.0794415416798357,0.6931471805599453,0.6931471805599453
https://openalex.org/W2944789822,2019,9,3,3,1,1,0,0,0,0,0,1,0,0,1.3862943611198906,1.3862943611198906,0.6931471805599453
https://openalex.org/W3172248992,2019,0,2,0,0,0,0,0,0,0,0,0,0,0,1.0986122886681098,0.0,0.0
https://openalex.org/W2899936840,2019,27,2,1,1,0,0,0,0,0,1,1,1,1,1.0986122886681098,0.6931471805599453,0.6931471805599453
https://openalex.org/W3017024667,2019,0,3,0,0,0,0,0,0,0,0,0,0,0,1.3862943611198906,0.0,0.0
https://openalex.org/W3006758621,2019,0,2,3,1,1,0,0,0,0,0,0,1,0,1.0986122886681098,1.3862943611198906,0.6931471805599453
https://openalex.org/W2970609662,2019,0,1,2,1,1,0,0,0,0,0,0,0,0,0.6931471805599453,1.0986122886681098,0.6931471805599453
https://openalex.org/W2978664897,2019,1,3,0,0,0,0,0,0,0,0,1,1,0,1.3862943611198906,0.0,0.0
https://openalex.org/W3004881027,2019,5,2,1,1,0,0,0,0,0,0,0,0,0,1.0986122886681098,0.6931471805599453,0.6931471805599453
https://openalex.org/W2974366533,2019,0,2,1,1,0,0,0,0,0,0,1,1,0,1.0986122886681098,0.6931471805599453,0.6931471805599453
https://openalex.org/W2955984491,2019,0,1,0,0,0,0,0,0,0,0,0,0,0,0.6931471805599453,0.0,0.0
https://openalex.org/W2989805254,2019,0,1,0,0,0,0,0,0,0,0,0,0,0,0.6931471805599453,0.0,0.0
https://openalex.org/W2987158829,2019,15,4,2,1,1,0,0,0,0,0,0,1,0,1.6094379124341003,1.0986122886681098,0.6931471805599453
https://openalex.org/W2997870641,2019,6,1,1,1,0,0,0,0,0,0,1,1,0,0.6931471805599453,0.6931471805599453,0.6931471805599453
https://openalex.org/W4390329810,2019,0,1,0,0,0,0,0,0,0,0,0,1,0,0.6931471805599453,0.0,0.0
https://openalex.org/W2971434903,2019,1,3,0,0,0,0,0,0,0,0,0,1,0,1.3862943611198906,0.0,0.0
https://openalex.org/W2964845796,2019,1,3,1,1,0,0,0,0,0,0,0,1,0,1.3862943611198906,0.6931471805599453,0.6931471805599453
https://openalex.org/W2920006679,2019,6,4,0,0,0,0,0,0,0,0,0,1,0,1.6094379124341003,0.0,0.0
https://openalex.org/W3007459087,2019,0,6,3,2,1,1,0,0,0,0,0,0,0,1.9459101490553132,1.3862943611198906,1.0986122886681098
https://openalex.org/W2970446548,2019,1,2,1,1,0,0,0,0,0,0,0,1,0,1.0986122886681098,0.6931471805599453,0.6931471805599453
https://openalex.org/W3123442828,2019,0,1,0,0,0,0,0,0,0,0,1,0,0,0.6931471805599453,0.0,0.0
https://openalex.org/W3175201847,2019,0,4,1,1,0,0,0,0,0,0,0,1,0,1.6094379124341003,0.6931471805599453,0.6931471805599453
https://openalex.org/W2973870872,2019,0,6,2,1,1,0,0,0,0,0,1,0,0,1.9459101490553132,1.0986122886681098,0.6931471805599453
https://openalex.org/W2968260924,2019,36,2,3,2,1,1,0,0,1,1,0,1,1,1.0986122886681098,1.3862943611198906,1.0986122886681098
https://openalex.org/W4321514853,2019,1,2,1,1,0,0,0,0,0,0,1,1,0,1.0986122886681098,0.6931471805599453,0.6931471805599453
https://openalex.org/W2971032437,2019,2,6,0,0,0,0,0,0,0,0,0,0,0,1.9459101490553132,0.0,0.0
https://openalex.org/W7143924250,2019,0,2,0,0,0,0,0,0,0,0,1,0,0,1.0986122886681098,0.0,0.0
https://openalex.org/W2970692083,2019,1,3,1,1,0,0,0,0,0,0,1,0,0,1.3862943611198906,0.6931471805599453,0.6931471805599453
https://openalex.org/W4376626053,2019,0,4,1,1,0,0,0,0,0,0,0,0,0,1.6094379124341003,0.6931471805599453,0.6931471805599453
https://openalex.org/W4247302486,2019,2,3,0,0,0,0,0,0,0,0,1,1,0,1.3862943611198906,0.0,0.0
https://openalex.org/W2954107964,2019,0,1,0,0,0,0,0,0,0,0,1,1,0,0.6931471805599453,0.0,0.0
https://openalex.org/W3203943700,2019,0,1,1,1,0,0,0,0,0,0,1,1,0,0.6931471805599453,0.6931471805599453,0.6931471805599453
https://openalex.org/W2999910556,2019,4,3,1,1,0,0,0,0,0,0,0,0,0,1.3862943611198906,0.6931471805599453,0.6931471805599453
https://openalex.org/W3089078442,2019,0,1,0,0,0,0,0,0,0,0,0,0,0,0.6931471805599453,0.0,0.0
https://openalex.org/W2993264478,2019,0,1,1,1,0,0,0,0,0,0,0,1,0,0.6931471805599453,0.6931471805599453,0.6931471805599453
https://openalex.org/W3183167191,2019,0,1,0,0,0,0,0,0,0,0,1,1,0,0.6931471805599453,0.0,0.0
https://openalex.org/W3189169898,2019,0,5,0,0,0,0,0,0,0,0,0,0,0,1.791759469228055,0.0,0.0
https://openalex.org/W2946915290,2019,5,2,1,1,0,0,0,0,0,0,0,0,0,1.0986122886681098,0.6931471805599453,0.6931471805599453
https://openalex.org/W2954194728,2019,1,3,1,1,0,0,0,0,0,0,0,0,0,1.3862943611198906,0.6931471805599453,0.6931471805599453
https://openalex.org/W2974093885,2019,1,3,3,2,1,1,0,1,0,0,0,0,0,1.3862943611198906,1.3862943611198906,1.0986122886681098
https://openalex.org/W2965750733,2019,4,4,1,1,0,0,0,0,0,0,1,1,0,1.6094379124341003,0.6931471805599453,0.6931471805599453
https://openalex.org/W3045258549,2019,0,1,0,0,0,0,0,0,0,0,0,0,0,0.6931471805599453,0.0,0.0
https://openalex.org/W2994809010,2019,14,2,1,1,0,0,0,0,0,0,1,1,0,1.0986122886681098,0.6931471805599453,0.6931471805599453
https://openalex.org/W4399583030,2019,0,2,0,0,0,0,0,0,0,0,0,1,0,1.0986122886681098,0.0,0.0
https://openalex.org/W2977468798,2019,0,2,1,1,0,0,0,0,0,0,1,1,0,1.0986122886681098,0.6931471805599453,0.6931471805599453
https://openalex.org/W2994806403,2019,0,1,0,0,0,0,0,0,0,0,0,1,0,0.6931471805599453,0.0,0.0
https://openalex.org/W2968438259,2019,6,1,0,0,0,0,0,0,0,0,0,1,0,0.6931471805599453,0.0,0.0
https://openalex.org/W3136971951,2019,4,2,0,0,0,0,0,0,0,0,0,0,0,1.0986122886681098,0.0,0.0
https://openalex.org/W2968484153,2019,24,2,1,1,0,0,0,0,0,0,1,1,1,1.0986122886681098,0.6931471805599453,0.6931471805599453
https://openalex.org/W2971710923,2019,5,4,1,1,0,0,0,0,0,0,0,1,0,1.6094379124341003,0.6931471805599453,0.6931471805599453
https://openalex.org/W2963106409,2019,2,3,3,1,1,0,0,0,0,0,0,0,0,1.3862943611198906,1.3862943611198906,0.6931471805599453
https://openalex.org/W2962232825,2019,0,3,0,0,0,0,0,0,0,0,1,0,0,1.3862943611198906,0.0,0.0
https://openalex.org/W3041328084,2019,3,1,0,0,0,0,0,0,0,0,1,1,0,0.6931471805599453,0.0,0.0
https://openalex.org/W3005676276,2019,4,4,3,1,1,0,0,1,0,1,0,0,0,1.6094379124341003,1.3862943611198906,0.6931471805599453
https://openalex.org/W2944409616,2019,1,1,0,0,0,0,0,0,0,0,1,1,0,0.6931471805599453,0.0,0.0
https://openalex.org/W3003852853,2019,0,2,0,0,0,0,0,0,0,0,1,1,0,1.0986122886681098,0.0,0.0
https://openalex.org/W2978292403,2019,167,7,5,2,1,1,1,0,0,0,0,1,1,2.0794415416798357,1.791759469228055,1.0986122886681098
https://openalex.org/W2924126082,2019,0,1,0,0,0,0,0,0,0,0,1,1,0,0.6931471805599453,0.0,0.0
https://openalex.org/W2942864978,2019,6,3,2,2,1,1,0,0,0,0,1,1,0,1.3862943611198906,1.0986122886681098,1.0986122886681098
https://openalex.org/W2926748657,2019,2,4,4,4,1,1,0,0,0,0,0,0,0,1.6094379124341003,1.6094379124341003,1.6094379124341003
https://openalex.org/W2943203916,2019,4,4,0,0,0,0,0,0,0,0,1,1,0,1.6094379124341003,0.0,0.0
https://openalex.org/W2981379271,2019,0,1,0,0,0,0,0,0,0,0,0,0,0,0.6931471805599453,0.0,0.0
https://openalex.org/W2946111554,2019,0,1,1,1,0,0,0,0,0,0,1,1,0,0.6931471805599453,0.6931471805599453,0.6931471805599453
https://openalex.org/W3015976810,2019,2,2,1,1,0,0,0,0,0,0,0,0,0,1.0986122886681098,0.6931471805599453,0.6931471805599453
https://openalex.org/W7142996978,2019,0,2,1,1,0,0,1,0,0,0,1,0,0,1.0986122886681098,0.6931471805599453,0.6931471805599453
https://openalex.org/W3015786693,2019,14,4,2,1,1,0,0,0,0,0,0,0,0,1.6094379124341003,1.0986122886681098,0.6931471805599453
https://openalex.org/W2981669751,2019,0,1,1,1,0,0,0,0,0,0,1,1,0,0.6931471805599453,0.6931471805599453,0.6931471805599453
https://openalex.org/W3016704080,2019,5,4,1,1,0,0,0,0,0,0,0,0,0,1.6094379124341003,0.6931471805599453,0.6931471805599453
https://openalex.org/W3001302643,2019,0,2,0,0,0,0,0,0,0,0,1,0,0,1.0986122886681098,0.0,0.0
https://openalex.org/W2982005342,2019,2,3,2,1,1,0,0,0,0,0,0,0,0,1.3862943611198906,1.0986122886681098,0.6931471805599453
https://openalex.org/W3016291312,2019,0,1,0,0,0,0,0,0,0,0,1,0,0,0.6931471805599453,0.0,0.0
https://openalex.org/W3110876131,2019,3,2,0,0,0,0,0,0,0,0,0,0,0,1.0986122886681098,0.0,0.0
https://openalex.org/W3009599992,2019,1,1,0,0,0,0,0,0,0,0,0,1,0,0.6931471805599453,0.0,0.0
https://openalex.org/W2955430211,2019,8,4,1,1,0,0,0,0,0,0,1,0,0,1.6094379124341003,0.6931471805599453,0.6931471805599453
https://openalex.org/W2912679575,2019,1,1,1,1,0,0,0,0,0,0,1,1,0,0.6931471805599453,0.6931471805599453,0.6931471805599453
https://openalex.org/W2957939949,2019,0,1,0,0,0,0,0,0,0,0,0,0,0,0.6931471805599453,0.0,0.0
https://openalex.org/W4234672831,2019,0,47,2,2,1,1,0,1,0,1,1,1,0,3.871201010907891,1.0986122886681098,1.0986122886681098
https://openalex.org/W2993572621,2019,1,3,1,1,0,0,0,0,0,0,0,0,0,1.3862943611198906,0.6931471805599453,0.6931471805599453
https://openalex.org/W2972706028,2019,0,1,0,0,0,0,0,0,0,0,0,0,0,0.6931471805599453,0.0,0.0
https://openalex.org/W2998834982,2019,1,1,0,0,0,0,0,0,0,0,1,1,0,0.6931471805599453,0.0,0.0
https://openalex.org/W3157043452,2019,0,1,0,0,0,0,0,0,0,0,0,1,0,0.6931471805599453,0.0,0.0
https://openalex.org/W7139569649,2019,0,1,0,0,0,0,0,0,0,0,1,0,0,0.6931471805599453,0.0,0.0
https://openalex.org/W2997549442,2019,1,1,2,1,1,0,0,0,0,0,1,1,0,0.6931471805599453,1.0986122886681098,0.6931471805599453
https://openalex.org/W3087320333,2019,7,3,1,1,0,0,0,0,0,0,1,1,0,1.3862943611198906,0.6931471805599453,0.6931471805599453
https://openalex.org/W2984863671,2019,4,1,1,1,0,0,0,0,0,0,1,1,0,0.6931471805599453,0.6931471805599453,0.6931471805599453
https://openalex.org/W2980032553,2019,21,2,5,2,1,1,0,0,0,0,1,1,0,1.0986122886681098,1.791759469228055,1.0986122886681098
https://openalex.org/W2937339343,2019,23,12,2,1,1,0,0,0,0,1,1,1,1,2.5649493574615367,1.0986122886681098,0.6931471805599453
https://openalex.org/W2946559073,2019,24,3,3,2,1,1,0,1,1,1,0,0,1,1.3862943611198906,1.3862943611198906,1.0986122886681098
https://openalex.org/W7146169239,2019,0,2,0,0,0,0,0,0,0,0,1,0,0,1.0986122886681098,0.0,0.0
https://openalex.org/W3042135000,2019,0,3,1,1,0,0,0,0,0,0,0,0,0,1.3862943611198906,0.6931471805599453,0.6931471805599453
https://openalex.org/W2981194943,2019,0,3,2,1,1,0,0,0,0,0,0,0,0,1.3862943611198906,1.0986122886681098,0.6931471805599453
https://openalex.org/W2973195956,2019,0,4,1,1,0,0,0,0,1,1,0,0,0,1.6094379124341003,0.6931471805599453,0.6931471805599453
https://openalex.org/W2999806971,2019,0,1,0,0,0,0,0,0,0,0,0,0,0,0.6931471805599453,0.0,0.0
https://openalex.org/W2983266497,2019,2,1,1,1,0,0,0,0,0,0,1,0,0,0.6931471805599453,0.6931471805599453,0.6931471805599453
https://openalex.org/W2988445202,2019,3,5,1,1,0,0,0,0,0,0,0,0,0,1.791759469228055,0.6931471805599453,0.6931471805599453
https://openalex.org/W2907121233,2019,14,3,2,1,1,0,0,0,0,0,1,1,0,1.3862943611198906,1.0986122886681098,0.6931471805599453
https://openalex.org/W2997240975,2019,44,6,2,1,1,0,1,0,0,0,0,1,1,1.9459101490553132,1.0986122886681098,0.6931471805599453
https://openalex.org/W2935653880,2019,9,6,1,1,0,0,0,0,0,0,0,1,0,1.9459101490553132,0.6931471805599453,0.6931471805599453
https://openalex.org/W3155622252,2019,0,7,0,0,0,0,0,0,0,0,0,1,0,2.0794415416798357,0.0,0.0
https://openalex.org/W2791988401,2019,0,1,0,0,0,0,0,0,0,0,1,1,0,0.6931471805599453,0.0,0.0
https://openalex.org/W3006438178,2019,0,2,1,1,0,0,0,0,0,0,0,0,0,1.0986122886681098,0.6931471805599453,0.6931471805599453
https://openalex.org/W2997988543,2019,0,1,0,0,0,0,0,0,0,0,0,0,0,0.6931471805599453,0.0,0.0
https://openalex.org/W2966117358,2019,3,5,3,2,1,1,0,0,0,0,1,1,0,1.791759469228055,1.3862943611198906,1.0986122886681098
https://openalex.org/W2971083488,2019,66,2,2,1,1,0,0,0,1,0,0,1,1,1.0986122886681098,1.0986122886681098,0.6931471805599453
https://openalex.org/W2961895065,2019,14,5,3,1,1,0,0,0,0,0,0,0,0,1.791759469228055,1.3862943611198906,0.6931471805599453
https://openalex.org/W2966520283,2019,7,2,1,1,0,0,0,0,0,0,1,0,0,1.0986122886681098,0.6931471805599453,0.6931471805599453
https://openalex.org/W2968203495,2019,0,1,0,0,0,0,0,0,0,0,0,1,0,0.6931471805599453,0.0,0.0
https://openalex.org/W3176520056,2019,0,1,0,0,0,0,0,0,0,0,0,0,0,0.6931471805599453,0.0,0.0
https://openalex.org/W2979932934,2019,26,4,1,1,0,0,0,0,0,0,0,1,1,1.6094379124341003,0.6931471805599453,0.6931471805599453
https://openalex.org/W2909853823,2019,22,4,0,0,0,0,0,0,0,0,1,1,1,1.6094379124341003,0.0,0.0
https://openalex.org/W2982632443,2019,1,2,0,0,0,0,0,0,0,0,1,0,0,1.0986122886681098,0.0,0.0
https://openalex.org/W3029984398,2019,0,1,0,0,0,0,0,0,0,0,0,0,0,0.6931471805599453,0.0,0.0
https://openalex.org/W2941395952,2019,2,3,2,1,1,0,0,0,0,0,0,1,0,1.3862943611198906,1.0986122886681098,0.6931471805599453
https://openalex.org/W3095381623,2019,0,1,0,0,0,0,0,0,0,0,0,1,0,0.6931471805599453,0.0,0.0
https://openalex.org/W7130786524,2019,0,1,0,0,0,0,0,0,0,0,0,0,0,0.6931471805599453,0.0,0.0
https://openalex.org/W2942087524,2019,22,3,2,2,1,1,1,0,0,1,0,1,1,1.3862943611198906,1.0986122886681098,1.0986122886681098
https://openalex.org/W2920397546,2019,0,1,0,0,0,0,0,0,0,0,0,1,0,0.6931471805599453,0.0,0.0
https://openalex.org/W2996583486,2019,28,4,3,1,1,0,0,0,0,0,0,1,1,1.6094379124341003,1.3862943611198906,0.6931471805599453
https://openalex.org/W1929696363,2019,0,2,1,1,0,0,0,0,0,0,0,0,0,1.0986122886681098,0.6931471805599453,0.6931471805599453
https://openalex.org/W2999423972,2019,0,1,0,0,0,0,0,0,0,0,0,1,0,0.6931471805599453,0.0,0.0
https://openalex.org/W2994777963,2019,0,2,0,0,0,0,0,0,0,0,0,0,0,1.0986122886681098,0.0,0.0
https://openalex.org/W2964194385,2019,0,2,0,0,0,0,0,0,0,0,0,0,0,1.0986122886681098,0.0,0.0
https://openalex.org/W3183778913,2019,3,1,0,0,0,0,0,0,0,0,1,0,0,0.6931471805599453,0.0,0.0
https://openalex.org/W2987958373,2019,0,1,0,0,0,0,0,0,0,0,0,1,0,0.6931471805599453,0.0,0.0
https://openalex.org/W3026393948,2019,14,3,1,1,0,0,0,0,0,0,0,0,0,1.3862943611198906,0.6931471805599453,0.6931471805599453
https://openalex.org/W4249208878,2019,0,2,0,0,0,0,0,0,0,0,0,0,0,1.0986122886681098,0.0,0.0
https://openalex.org/W3010472574,2019,0,1,0,0,0,0,0,0,0,0,0,0,0,0.6931471805599453,0.0,0.0
https://openalex.org/W3203912955,2019,1,3,1,1,0,0,0,0,0,0,1,1,0,1.3862943611198906,0.6931471805599453,0.6931471805599453
https://openalex.org/W2908563186,2019,3,2,0,0,0,0,0,0,0,0,0,0,0,1.0986122886681098,0.0,0.0
https://openalex.org/W2977906268,2019,0,1,0,0,0,0,0,0,0,0,0,1,0,0.6931471805599453,0.0,0.0
https://openalex.org/W2919248817,2019,47,2,1,1,0,0,0,0,0,0,1,1,1,1.0986122886681098,0.6931471805599453,0.6931471805599453
https://openalex.org/W2810138448,2019,39,5,4,1,1,0,0,1,0,1,0,1,1,1.791759469228055,1.6094379124341003,0.6931471805599453
https://openalex.org/W2883346392,2019,25,2,1,1,0,0,0,0,0,0,0,1,1,1.0986122886681098,0.6931471805599453,0.6931471805599453
https://openalex.org/W2914375528,2019,2,10,4,1,1,0,0,0,0,0,1,1,0,2.3978952727983707,1.6094379124341003,0.6931471805599453
https://openalex.org/W2935665147,2019,9,4,1,1,0,0,0,0,0,0,1,1,0,1.6094379124341003,0.6931471805599453,0.6931471805599453
https://openalex.org/W7133369598,2019,0,1,0,0,0,0,0,0,0,0,1,0,0,0.6931471805599453,0.0,0.0
https://openalex.org/W3017042493,2019,0,1,0,0,0,0,0,0,0,0,1,1,0,0.6931471805599453,0.0,0.0
https://openalex.org/W2924253046,2019,5,3,1,1,0,0,0,0,0,0,0,0,0,1.3862943611198906,0.6931471805599453,0.6931471805599453
https://openalex.org/W2922265937,2019,45,8,3,1,1,0,1,0,0,0,0,0,1,2.1972245773362196,1.3862943611198906,0.6931471805599453
https://openalex.org/W2972778788,2019,7,2,2,2,1,1,0,0,0,1,0,1,0,1.0986122886681098,1.0986122886681098,1.0986122886681098
https://openalex.org/W3000482740,2019,0,3,2,1,1,0,0,0,0,0,1,1,0,1.3862943611198906,1.0986122886681098,0.6931471805599453
https://openalex.org/W2998924444,2019,0,1,0,0,0,0,0,0,0,0,0,1,0,0.6931471805599453,0.0,0.0
https://openalex.org/W2952363191,2019,0,1,1,1,0,0,0,0,0,0,1,1,0,0.6931471805599453,0.6931471805599453,0.6931471805599453
https://openalex.org/W2985070751,2019,0,5,1,1,0,0,1,0,0,0,1,1,0,1.791759469228055,0.6931471805599453,0.6931471805599453
https://openalex.org/W2995897314,2019,0,1,0,0,0,0,0,0,0,0,1,1,0,0.6931471805599453,0.0,0.0
https://openalex.org/W2913359477,2019,105,4,4,1,1,0,0,0,0,1,0,1,1,1.6094379124341003,1.6094379124341003,0.6931471805599453
https://openalex.org/W2955586168,2019,0,2,1,1,0,0,0,0,0,0,1,1,0,1.0986122886681098,0.6931471805599453,0.6931471805599453
https://openalex.org/W2989687600,2019,0,2,0,0,0,0,0,0,0,0,1,0,0,1.0986122886681098,0.0,0.0
https://openalex.org/W4285785968,2019,0,5,1,1,0,0,0,0,0,0,0,0,0,1.791759469228055,0.6931471805599453,0.6931471805599453
https://openalex.org/W2985887381,2019,3,2,0,0,0,0,0,0,0,0,0,1,0,1.0986122886681098,0.0,0.0
https://openalex.org/W2981617163,2019,4,6,3,2,1,1,0,0,0,0,0,0,0,1.9459101490553132,1.3862943611198906,1.0986122886681098
https://openalex.org/W2952222658,2019,0,3,1,1,0,0,0,0,0,0,0,1,0,1.3862943611198906,0.6931471805599453,0.6931471805599453
https://openalex.org/W2946286892,2019,140,3,2,1,1,0,0,0,0,1,0,1,1,1.3862943611198906,1.0986122886681098,0.6931471805599453
https://openalex.org/W2987696087,2019,4,1,2,1,1,0,0,0,0,0,1,1,0,0.6931471805599453,1.0986122886681098,0.6931471805599453
https://openalex.org/W2945521431,2019,2,2,2,1,1,0,0,0,1,1,0,0,0,1.0986122886681098,1.0986122886681098,0.6931471805599453
https://openalex.org/W2940165960,2019,5,4,4,2,1,1,0,0,0,0,0,1,0,1.6094379124341003,1.6094379124341003,1.0986122886681098
https://openalex.org/W2994667878,2019,0,1,0,0,0,0,0,0,0,0,0,0,0,0.6931471805599453,0.0,0.0
https://openalex.org/W2994519701,2019,20,1,1,1,0,0,0,0,0,0,0,0,0,0.6931471805599453,0.6931471805599453,0.6931471805599453
https://openalex.org/W2973603415,2019,0,3,1,1,0,0,0,0,0,0,1,1,0,1.3862943611198906,0.6931471805599453,0.6931471805599453
https://openalex.org/W3046578310,2019,0,2,0,0,0,0,0,0,0,0,0,1,0,1.0986122886681098,0.0,0.0
https://openalex.org/W2984404407,2019,0,7,1,1,0,0,0,0,0,0,0,0,0,2.0794415416798357,0.6931471805599453,0.6931471805599453
https://openalex.org/W3200016246,2019,0,1,0,0,0,0,0,0,0,0,1,0,0,0.6931471805599453,0.0,0.0
https://openalex.org/W3045657006,2019,0,1,0,0,0,0,0,0,0,0,1,0,0,0.6931471805599453,0.0,0.0
https://openalex.org/W2944505892,2019,0,3,2,1,1,0,1,0,0,0,0,1,0,1.3862943611198906,1.0986122886681098,0.6931471805599453
https://openalex.org/W3192975885,2019,0,1,0,0,0,0,0,0,0,0,1,0,0,0.6931471805599453,0.0,0.0
https://openalex.org/W2953508425,2019,0,5,2,1,1,0,0,0,0,1,0,0,0,1.791759469228055,1.0986122886681098,0.6931471805599453
https://openalex.org/W2910689450,2019,30,6,2,1,1,0,0,0,0,0,0,1,1,1.9459101490553132,1.0986122886681098,0.6931471805599453
https://openalex.org/W2962413604,2019,0,1,0,0,0,0,0,0,0,0,1,1,0,0.6931471805599453,0.0,0.0
https://openalex.org/W2942853643,2019,0,2,0,0,0,0,0,0,0,0,0,1,0,1.0986122886681098,0.0,0.0
https://openalex.org/W2982405581,2019,1,4,1,1,0,0,0,0,0,0,1,1,0,1.6094379124341003,0.6931471805599453,0.6931471805599453
https://openalex.org/W2953388937,2019,0,3,0,0,0,0,0,0,0,0,0,1,0,1.3862943611198906,0.0,0.0
https://openalex.org/W3133716996,2019,0,3,1,1,0,0,0,0,0,0,0,0,0,1.3862943611198906,0.6931471805599453,0.6931471805599453
https://openalex.org/W3203912260,2019,0,8,0,0,0,0,0,0,0,0,0,1,0,2.1972245773362196,0.0,0.0
https://openalex.org/W3004301484,2019,0,1,0,0,0,0,0,0,0,0,0,1,0,0.6931471805599453,0.0,0.0
https://openalex.org/W4295094628,2019,0,3,0,0,0,0,0,0,0,0,1,1,0,1.3862943611198906,0.0,0.0
https://openalex.org/W2969176556,2019,1,1,1,1,0,0,0,0,0,1,1,0,0,0.6931471805599453,0.6931471805599453,0.6931471805599453
https://openalex.org/W2944736259,2019,21,8,2,1,1,0,0,0,0,0,1,1,0,2.1972245773362196,1.0986122886681098,0.6931471805599453
https://openalex.org/W2981910875,2019,0,1,1,1,0,0,0,0,0,0,1,1,0,0.6931471805599453,0.6931471805599453,0.6931471805599453
https://openalex.org/W2100711032,2019,0,1,0,0,0,0,0,0,0,0,0,0,0,0.6931471805599453,0.0,0.0
https://openalex.org/W3014490830,2019,1,2,1,1,0,0,0,0,0,0,0,0,0,1.0986122886681098,0.6931471805599453,0.6931471805599453
https://openalex.org/W2948108264,2019,1,1,1,1,0,0,0,0,0,0,0,0,0,0.6931471805599453,0.6931471805599453,0.6931471805599453
https://openalex.org/W2967370265,2019,59,2,2,1,1,0,0,1,0,0,0,1,1,1.0986122886681098,1.0986122886681098,0.6931471805599453
https://openalex.org/W2946352739,2019,4,3,4,1,1,0,0,0,0,0,1,1,0,1.3862943611198906,1.6094379124341003,0.6931471805599453
https://openalex.org/W2981950090,2019,0,3,0,0,0,0,0,0,0,0,0,0,0,1.3862943611198906,0.0,0.0
https://openalex.org/W2962970997,2019,2,3,1,1,0,0,0,0,0,0,0,0,0,1.3862943611198906,0.6931471805599453,0.6931471805599453
https://openalex.org/W2794238513,2019,146,3,7,1,1,0,0,0,1,0,1,1,1,1.3862943611198906,2.0794415416798357,0.6931471805599453
https://openalex.org/W2981896376,2019,0,1,1,1,0,0,0,0,0,1,1,1,0,0.6931471805599453,0.6931471805599453,0.6931471805599453
https://openalex.org/W2912369811,2019,19,2,3,2,1,1,1,0,0,0,1,1,0,1.0986122886681098,1.3862943611198906,1.0986122886681098
https://openalex.org/W2969188185,2019,13,6,1,1,0,0,0,0,0,0,0,0,0,1.9459101490553132,0.6931471805599453,0.6931471805599453
https://openalex.org/W2969648764,2019,0,1,0,0,0,0,0,0,0,0,0,0,0,0.6931471805599453,0.0,0.0
https://openalex.org/W3013408762,2019,0,2,0,0,0,0,0,0,0,0,0,1,0,1.0986122886681098,0.0,0.0
https://openalex.org/W2941468814,2019,0,4,1,1,0,0,0,0,0,0,0,1,0,1.6094379124341003,0.6931471805599453,0.6931471805599453
https://openalex.org/W3199265321,2019,0,1,0,0,0,0,0,0,0,0,0,1,0,0.6931471805599453,0.0,0.0
https://openalex.org/W2994822116,2019,4,1,0,0,0,0,0,0,0,0,1,1,0,0.6931471805599453,0.0,0.0
https://openalex.org/W2918513613,2019,0,2,1,1,0,0,0,0,0,0,0,1,0,1.0986122886681098,0.6931471805599453,0.6931471805599453
https://openalex.org/W2959218994,2019,0,1,0,0,0,0,0,0,0,0,1,1,0,0.6931471805599453,0.0,0.0
https://openalex.org/W2966276407,2019,0,2,1,1,0,0,0,0,0,0,1,0,0,1.0986122886681098,0.6931471805599453,0.6931471805599453
https://openalex.org/W2974149751,2019,0,1,0,0,0,0,0,0,0,0,1,1,0,0.6931471805599453,0.0,0.0
https://openalex.org/W2980926513,2019,0,2,1,1,0,0,0,0,0,0,0,0,0,1.0986122886681098,0.6931471805599453,0.6931471805599453
https://openalex.org/W2918009187,2019,2,3,1,1,0,0,0,0,0,0,1,1,0,1.3862943611198906,0.6931471805599453,0.6931471805599453
https://openalex.org/W4229624157,2019,2,2,0,0,0,0,0,0,0,0,1,1,0,1.0986122886681098,0.0,0.0
https://openalex.org/W2974769963,2019,5,1,0,0,0,0,0,0,0,0,1,0,0,0.6931471805599453,0.0,0.0
https://openalex.org/W2969436292,2019,10,1,1,1,0,0,0,0,0,0,0,1,0,0.6931471805599453,0.6931471805599453,0.6931471805599453
https://openalex.org/W2942819284,2019,14,8,7,5,1,1,1,1,0,1,0,0,0,2.1972245773362196,2.0794415416798357,1.791759469228055
https://openalex.org/W3006376484,2019,0,3,1,1,0,0,0,0,0,0,0,0,0,1.3862943611198906,0.6931471805599453,0.6931471805599453
https://openalex.org/W3037344364,2019,0,3,2,2,1,1,0,0,0,0,1,0,0,1.3862943611198906,1.0986122886681098,1.0986122886681098
https://openalex.org/W3087637786,2019,3,3,1,1,0,0,0,0,0,0,0,0,0,1.3862943611198906,0.6931471805599453,0.6931471805599453
https://openalex.org/W3193468614,2019,1,2,0,0,0,0,0,0,0,0,1,0,0,1.0986122886681098,0.0,0.0
https://openalex.org/W3082567458,2019,0,2,0,0,0,0,0,0,0,0,0,0,0,1.0986122886681098,0.0,0.0
https://openalex.org/W2965928990,2019,37,3,4,3,1,1,0,0,0,1,0,1,1,1.3862943611198906,1.6094379124341003,1.3862943611198906
https://openalex.org/W2994723094,2019,0,2,0,0,0,0,0,0,0,0,0,1,0,1.0986122886681098,0.0,0.0
https://openalex.org/W2974991720,2019,0,1,1,1,0,0,0,0,0,0,1,1,0,0.6931471805599453,0.6931471805599453,0.6931471805599453
https://openalex.org/W3038701159,2019,0,3,0,0,0,0,0,0,0,0,1,0,0,1.3862943611198906,0.0,0.0
https://openalex.org/W3138250669,2019,0,6,0,0,0,0,0,0,0,0,0,0,0,1.9459101490553132,0.0,0.0
https://openalex.org/W4252554372,2019,3,1,1,1,0,0,0,0,1,0,0,1,0,0.6931471805599453,0.6931471805599453,0.6931471805599453
https://openalex.org/W3004748684,2019,6,4,2,1,1,0,0,0,0,0,0,0,0,1.6094379124341003,1.0986122886681098,0.6931471805599453
https://openalex.org/W2992202477,2019,7,6,2,1,1,0,0,0,0,0,0,0,0,1.9459101490553132,1.0986122886681098,0.6931471805599453
https://openalex.org/W2982661430,2019,0,4,1,1,0,0,0,0,0,0,0,0,0,1.6094379124341003,0.6931471805599453,0.6931471805599453
https://openalex.org/W2973304594,2019,0,1,0,0,0,0,0,0,0,0,0,1,0,0.6931471805599453,0.0,0.0
https://openalex.org/W2967500200,2019,1,2,0,0,0,0,0,0,0,0,1,1,0,1.0986122886681098,0.0,0.0
https://openalex.org/W3142663434,2019,0,1,1,1,0,0,0,0,0,0,0,0,0,0.6931471805599453,0.6931471805599453,0.6931471805599453
https://openalex.org/W4288342146,2019,0,3,0,0,0,0,0,0,0,0,1,1,0,1.3862943611198906,0.0,0.0
https://openalex.org/W3003185485,2019,12,3,1,1,0,0,0,0,0,0,1,1,0,1.3862943611198906,0.6931471805599453,0.6931471805599453
https://openalex.org/W3007646648,2019,0,2,0,0,0,0,0,0,0,0,0,1,0,1.0986122886681098,0.0,0.0
https://openalex.org/W3005800578,2019,0,1,1,1,0,0,0,0,0,0,1,1,0,0.6931471805599453,0.6931471805599453,0.6931471805599453
https://openalex.org/W3011968840,2019,2,2,1,1,0,0,0,0,0,0,0,0,0,1.0986122886681098,0.6931471805599453,0.6931471805599453
https://openalex.org/W2967429704,2019,0,1,0,0,0,0,0,0,0,0,0,0,0,0.6931471805599453,0.0,0.0
https://openalex.org/W3144849482,2019,0,3,0,0,0,0,0,0,0,0,0,1,0,1.3862943611198906,0.0,0.0
https://openalex.org/W2912105327,2019,2,6,2,1,1,0,0,0,0,0,0,0,0,1.9459101490553132,1.0986122886681098,0.6931471805599453
https://openalex.org/W3013521210,2019,1,2,0,0,0,0,0,0,0,0,1,1,0,1.0986122886681098,0.0,0.0
https://openalex.org/W2965323920,2019,5,2,1,1,0,0,0,0,0,0,1,1,0,1.0986122886681098,0.6931471805599453,0.6931471805599453
https://openalex.org/W2971870409,2019,0,2,2,1,1,0,0,0,0,0,0,1,0,1.0986122886681098,1.0986122886681098,0.6931471805599453
https://openalex.org/W2978041827,2019,0,1,0,0,0,0,0,0,0,0,1,1,0,0.6931471805599453,0.0,0.0
https://openalex.org/W2965121012,2019,11,4,2,2,1,1,0,0,0,1,0,0,0,1.6094379124341003,1.0986122886681098,1.0986122886681098
https://openalex.org/W3132643854,2019,0,1,1,1,0,0,0,0,0,0,1,1,0,0.6931471805599453,0.6931471805599453,0.6931471805599453
https://openalex.org/W2939159945,2019,4,3,1,1,0,0,0,0,0,0,0,0,0,1.3862943611198906,0.6931471805599453,0.6931471805599453
https://openalex.org/W3177087240,2019,4,3,2,1,1,0,0,0,0,0,1,1,0,1.3862943611198906,1.0986122886681098,0.6931471805599453
https://openalex.org/W2962553205,2019,3,4,0,0,0,0,0,0,0,0,0,0,0,1.6094379124341003,0.0,0.0
https://openalex.org/W3000513661,2019,7,3,2,1,1,0,0,0,0,0,1,1,0,1.3862943611198906,1.0986122886681098,0.6931471805599453
https://openalex.org/W2966635328,2019,2,2,2,1,1,0,0,0,0,0,1,1,0,1.0986122886681098,1.0986122886681098,0.6931471805599453
https://openalex.org/W2977063606,2019,5,6,2,1,1,0,0,0,0,0,0,0,0,1.9459101490553132,1.0986122886681098,0.6931471805599453
https://openalex.org/W3004069267,2019,19,4,1,1,0,0,0,0,0,0,0,0,0,1.6094379124341003,0.6931471805599453,0.6931471805599453
https://openalex.org/W2969642935,2019,2,3,1,1,0,0,0,0,0,0,0,0,0,1.3862943611198906,0.6931471805599453,0.6931471805599453
https://openalex.org/W2763506862,2019,5,4,3,3,1,1,0,0,0,0,0,1,0,1.6094379124341003,1.3862943611198906,1.3862943611198906
https://openalex.org/W2976662608,2019,17,4,2,1,1,0,0,0,0,0,0,0,0,1.6094379124341003,1.0986122886681098,0.6931471805599453
https://openalex.org/W2987031830,2019,0,1,0,0,0,0,0,0,0,0,1,1,0,0.6931471805599453,0.0,0.0
https://openalex.org/W4399250102,2019,4,1,1,1,0,0,0,0,0,0,1,1,0,0.6931471805599453,0.6931471805599453,0.6931471805599453
https://openalex.org/W2962911229,2019,2,5,1,1,0,0,0,0,0,1,1,0,0,1.791759469228055,0.6931471805599453,0.6931471805599453
https://openalex.org/W2946817179,2019,13,3,2,1,1,0,0,0,0,0,1,1,0,1.3862943611198906,1.0986122886681098,0.6931471805599453
https://openalex.org/W3017686918,2019,0,4,1,1,0,0,0,0,0,0,0,0,0,1.6094379124341003,0.6931471805599453,0.6931471805599453
https://openalex.org/W2996590802,2019,2,1,1,1,0,0,0,0,1,0,1,1,0,0.6931471805599453,0.6931471805599453,0.6931471805599453
https://openalex.org/W3209273687,2019,0,3,1,1,0,0,0,0,0,0,1,0,0,1.3862943611198906,0.6931471805599453,0.6931471805599453
https://openalex.org/W2949450400,2019,0,4,0,0,0,0,0,0,0,0,0,1,0,1.6094379124341003,0.0,0.0
https://openalex.org/W3095180945,2019,7,5,0,0,0,0,0,0,0,0,0,1,0,1.791759469228055,0.0,0.0
https://openalex.org/W2989591883,2019,0,3,2,1,1,0,0,1,0,0,0,0,0,1.3862943611198906,1.0986122886681098,0.6931471805599453
https://openalex.org/W3175843157,2019,2,2,0,0,0,0,0,0,0,0,0,0,0,1.0986122886681098,0.0,0.0
https://openalex.org/W2965613774,2019,0,1,1,1,0,0,0,0,0,0,1,1,0,0.6931471805599453,0.6931471805599453,0.6931471805599453
https://openalex.org/W2997656120,2019,0,3,0,0,0,0,0,0,0,0,1,1,0,1.3862943611198906,0.0,0.0
https://openalex.org/W3013847883,2019,22,4,0,0,0,0,0,0,0,0,1,0,1,1.6094379124341003,0.0,0.0
https://openalex.org/W2996856002,2019,1,3,1,1,0,0,0,0,0,0,0,0,0,1.3862943611198906,0.6931471805599453,0.6931471805599453
https://openalex.org/W3005085920,2019,4,3,2,1,1,0,0,0,0,0,1,1,0,1.3862943611198906,1.0986122886681098,0.6931471805599453
https://openalex.org/W2951869025,2019,0,1,0,0,0,0,0,0,0,0,1,0,0,0.6931471805599453,0.0,0.0
https://openalex.org/W2936002276,2019,0,1,0,0,0,0,0,0,0,0,1,1,0,0.6931471805599453,0.0,0.0
https://openalex.org/W4253373137,2019,1,3,0,0,0,0,0,0,0,0,0,1,0,1.3862943611198906,0.0,0.0
https://openalex.org/W2913166054,2019,1,6,3,2,1,1,0,0,0,0,1,0,0,1.9459101490553132,1.3862943611198906,1.0986122886681098
https://openalex.org/W2983784084,2019,18,6,1,1,0,0,0,0,0,1,0,1,0,1.9459101490553132,0.6931471805599453,0.6931471805599453
https://openalex.org/W3021273519,2019,67,4,1,1,0,0,0,0,0,0,0,0,1,1.6094379124341003,0.6931471805599453,0.6931471805599453
https://openalex.org/W3005737892,2019,0,1,0,0,0,0,0,0,0,0,0,0,0,0.6931471805599453,0.0,0.0
https://openalex.org/W2998344127,2019,1,1,0,0,0,0,0,0,0,0,1,1,0,0.6931471805599453,0.0,0.0
https://openalex.org/W2982423017,2019,0,2,2,1,1,0,0,0,0,0,1,1,0,1.0986122886681098,1.0986122886681098,0.6931471805599453
https://openalex.org/W3007334500,2019,0,1,0,0,0,0,0,0,0,0,0,0,0,0.6931471805599453,0.0,0.0
https://openalex.org/W2941813414,2019,1,7,3,1,1,0,0,0,0,0,0,1,0,2.0794415416798357,1.3862943611198906,0.6931471805599453
https://openalex.org/W2978725955,2019,2,2,0,0,0,0,0,0,0,0,0,0,0,1.0986122886681098,0.0,0.0
https://openalex.org/W2981537726,2019,0,3,1,1,0,0,0,0,0,0,1,1,0,1.3862943611198906,0.6931471805599453,0.6931471805599453
https://openalex.org/W2953684474,2019,0,2,0,0,0,0,0,0,0,0,0,0,0,1.0986122886681098,0.0,0.0
https://openalex.org/W2980431132,2019,0,3,0,0,0,0,0,0,0,0,0,0,0,1.3862943611198906,0.0,0.0
https://openalex.org/W3167642505,2019,0,8,3,2,1,1,0,0,0,1,0,0,0,2.1972245773362196,1.3862943611198906,1.0986122886681098
https://openalex.org/W2966362438,2019,18,2,1,1,0,0,0,0,0,0,0,1,0,1.0986122886681098,0.6931471805599453,0.6931471805599453
https://openalex.org/W2955035232,2019,10,2,1,1,0,0,0,0,0,0,1,1,0,1.0986122886681098,0.6931471805599453,0.6931471805599453
https://openalex.org/W2909245584,2019,0,2,0,0,0,0,0,0,0,0,0,1,0,1.0986122886681098,0.0,0.0
https://openalex.org/W3004474817,2019,0,3,0,0,0,0,0,0,0,0,0,1,0,1.3862943611198906,0.0,0.0
https://openalex.org/W2974768654,2019,2,2,1,1,0,0,0,0,0,0,1,0,0,1.0986122886681098,0.6931471805599453,0.6931471805599453
https://openalex.org/W2978766964,2019,0,3,1,1,0,0,0,0,0,0,0,0,0,1.3862943611198906,0.6931471805599453,0.6931471805599453
https://openalex.org/W2917731800,2019,7,5,3,1,1,0,0,0,0,0,0,1,0,1.791759469228055,1.3862943611198906,0.6931471805599453
https://openalex.org/W4237549973,2019,0,2,2,1,1,0,0,0,0,0,1,1,0,1.0986122886681098,1.0986122886681098,0.6931471805599453
https://openalex.org/W2981505652,2019,4,3,1,1,0,0,0,0,0,0,0,0,0,1.3862943611198906,0.6931471805599453,0.6931471805599453
https://openalex.org/W2913235163,2019,1,1,1,1,0,0,0,0,0,0,1,1,0,0.6931471805599453,0.6931471805599453,0.6931471805599453
https://openalex.org/W3021559845,2019,1,2,1,1,0,0,0,0,0,0,0,0,0,1.0986122886681098,0.6931471805599453,0.6931471805599453
https://openalex.org/W3197883109,2019,0,3,1,1,0,0,0,0,0,0,1,1,0,1.3862943611198906,0.6931471805599453,0.6931471805599453
https://openalex.org/W2939564910,2019,2,3,1,1,0,0,0,0,0,0,0,0,0,1.3862943611198906,0.6931471805599453,0.6931471805599453
https://openalex.org/W3038181374,2019,0,2,0,0,0,0,0,0,0,0,0,0,0,1.0986122886681098,0.0,0.0
https://openalex.org/W2924555671,2019,41,1,1,1,0,0,0,0,0,1,1,0,1,0.6931471805599453,0.6931471805599453,0.6931471805599453
https://openalex.org/W2921086040,2019,2,2,1,1,0,0,0,0,0,0,0,1,0,1.0986122886681098,0.6931471805599453,0.6931471805599453
https://openalex.org/W3022541890,2019,0,1,0,0,0,0,0,0,0,0,0,0,0,0.6931471805599453,0.0,0.0
https://openalex.org/W3044062984,2019,0,1,0,0,0,0,0,0,0,0,1,1,0,0.6931471805599453,0.0,0.0
https://openalex.org/W7118962261,2019,0,1,0,0,0,0,0,0,0,0,1,1,0,0.6931471805599453,0.0,0.0
https://openalex.org/W2975092859,2019,5,4,1,1,0,0,0,0,0,0,1,1,0,1.6094379124341003,0.6931471805599453,0.6931471805599453
https://openalex.org/W3087434260,2019,0,2,0,0,0,0,0,0,0,0,0,1,0,1.0986122886681098,0.0,0.0
https://openalex.org/W2969487932,2019,30,4,2,1,1,0,0,0,0,0,0,1,1,1.6094379124341003,1.0986122886681098,0.6931471805599453
https://openalex.org/W2962302348,2019,4,1,1,1,0,0,0,0,0,0,1,1,0,0.6931471805599453,0.6931471805599453,0.6931471805599453
https://openalex.org/W2519950442,2019,26,1,1,1,0,0,0,0,0,0,1,1,1,0.6931471805599453,0.6931471805599453,0.6931471805599453
https://openalex.org/W2996326484,2019,27,1,0,0,0,0,0,0,0,0,1,1,1,0.6931471805599453,0.0,0.0
https://openalex.org/W2965022981,2019,6,5,1,1,0,0,0,0,0,0,0,0,0,1.791759469228055,0.6931471805599453,0.6931471805599453
https://openalex.org/W4237421316,2019,0,1,0,0,0,0,0,0,0,0,0,1,0,0.6931471805599453,0.0,0.0
https://openalex.org/W2965408167,2019,17,7,2,1,1,0,0,0,0,0,1,1,0,2.0794415416798357,1.0986122886681098,0.6931471805599453
https://openalex.org/W2995967158,2019,0,2,1,1,0,0,0,0,0,0,0,0,0,1.0986122886681098,0.6931471805599453,0.6931471805599453
https://openalex.org/W3036393701,2019,0,1,0,0,0,0,0,0,0,0,1,0,0,0.6931471805599453,0.0,0.0
https://openalex.org/W3103523231,2019,1,1,0,0,0,0,0,0,0,0,0,1,0,0.6931471805599453,0.0,0.0
https://openalex.org/W3202145877,2019,0,1,0,0,0,0,0,0,0,0,0,0,0,0.6931471805599453,0.0,0.0
https://openalex.org/W2953582451,2019,19,1,1,1,0,0,0,0,0,0,0,1,0,0.6931471805599453,0.6931471805599453,0.6931471805599453
https://openalex.org/W2989168485,2019,2,3,1,1,0,0,0,0,0,0,1,1,0,1.3862943611198906,0.6931471805599453,0.6931471805599453
https://openalex.org/W3145421238,2019,0,2,0,0,0,0,0,0,0,0,0,0,0,1.0986122886681098,0.0,0.0
https://openalex.org/W2966415674,2019,2,3,1,1,0,0,0,0,0,0,0,0,0,1.3862943611198906,0.6931471805599453,0.6931471805599453
https://openalex.org/W2924408274,2019,92,7,3,2,1,1,0,0,0,0,0,1,1,2.0794415416798357,1.3862943611198906,1.0986122886681098
https://openalex.org/W2985034879,2019,6,6,2,2,1,1,0,1,0,0,1,1,0,1.9459101490553132,1.0986122886681098,1.0986122886681098
https://openalex.org/W4244375782,2019,0,22,0,0,0,0,0,0,0,0,1,1,0,3.1354942159291497,0.0,0.0
https://openalex.org/W3034216883,2019,3,2,1,1,0,0,0,0,0,0,0,0,0,1.0986122886681098,0.6931471805599453,0.6931471805599453
https://openalex.org/W2972531269,2019,10,3,0,0,0,0,0,0,0,0,0,0,0,1.3862943611198906,0.0,0.0
https://openalex.org/W2990282238,2019,0,1,0,0,0,0,0,0,0,0,1,0,0,0.6931471805599453,0.0,0.0
https://openalex.org/W3015985972,2019,0,2,1,1,0,0,0,0,0,0,0,0,0,1.0986122886681098,0.6931471805599453,0.6931471805599453
https://openalex.org/W2996461363,2019,4,3,0,0,0,0,0,0,0,0,1,0,0,1.3862943611198906,0.0,0.0
https://openalex.org/W2989483765,2019,15,3,2,2,1,1,1,0,0,1,1,1,0,1.3862943611198906,1.0986122886681098,1.0986122886681098
https://openalex.org/W2999528692,2019,1,2,1,1,0,0,0,0,0,0,0,0,0,1.0986122886681098,0.6931471805599453,0.6931471805599453
https://openalex.org/W2968865413,2019,2,1,1,1,0,0,0,0,0,0,1,1,0,0.6931471805599453,0.6931471805599453,0.6931471805599453
https://openalex.org/W7113252482,2019,0,1,0,0,0,0,0,0,0,0,0,0,0,0.6931471805599453,0.0,0.0
https://openalex.org/W2921121883,2019,2,3,2,1,1,0,0,0,0,0,1,1,0,1.3862943611198906,1.0986122886681098,0.6931471805599453
https://openalex.org/W2953204725,2019,8,21,0,0,0,0,0,0,0,0,0,1,0,3.091042453358316,0.0,0.0
https://openalex.org/W2914646571,2019,0,3,0,0,0,0,0,0,0,0,1,0,0,1.3862943611198906,0.0,0.0
https://openalex.org/W2975151302,2019,7,5,4,1,1,0,0,0,1,1,0,0,0,1.791759469228055,1.6094379124341003,0.6931471805599453
https://openalex.org/W3003492856,2019,2,2,0,0,0,0,0,0,0,0,0,0,0,1.0986122886681098,0.0,0.0
https://openalex.org/W2986445843,2019,34,3,1,1,0,0,0,0,0,1,1,1,1,1.3862943611198906,0.6931471805599453,0.6931471805599453
https://openalex.org/W2930495408,2019,3,1,1,1,0,0,0,0,1,0,1,1,0,0.6931471805599453,0.6931471805599453,0.6931471805599453
https://openalex.org/W2981422231,2019,0,4,3,2,1,1,0,0,1,0,1,0,0,1.6094379124341003,1.3862943611198906,1.0986122886681098
https://openalex.org/W4400243464,2019,0,1,0,0,0,0,0,0,0,0,0,1,0,0.6931471805599453,0.0,0.0
https://openalex.org/W2915346390,2019,2,2,0,0,0,0,0,0,0,0,0,1,0,1.0986122886681098,0.0,0.0
https://openalex.org/W3013371363,2019,0,1,0,0,0,0,0,0,0,0,0,0,0,0.6931471805599453,0.0,0.0
https://openalex.org/W2943938616,2019,1,6,2,1,1,0,0,0,0,0,0,1,0,1.9459101490553132,1.0986122886681098,0.6931471805599453
https://openalex.org/W2962412627,2019,0,1,0,0,0,0,0,0,0,0,0,0,0,0.6931471805599453,0.0,0.0
https://openalex.org/W2958288953,2019,4,2,1,1,0,0,0,0,0,0,0,0,0,1.0986122886681098,0.6931471805599453,0.6931471805599453
https://openalex.org/W1904824723,2019,0,1,0,0,0,0,0,0,0,0,1,0,0,0.6931471805599453,0.0,0.0
https://openalex.org/W2955347963,2019,0,1,0,0,0,0,0,0,0,0,1,1,0,0.6931471805599453,0.0,0.0
https://openalex.org/W2920731727,2019,1,2,1,1,0,0,0,0,0,0,0,1,0,1.0986122886681098,0.6931471805599453,0.6931471805599453
https://openalex.org/W3212470490,2019,0,1,0,0,0,0,0,0,0,0,0,0,0,0.6931471805599453,0.0,0.0
https://openalex.org/W4244446342,2019,0,20,0,0,0,0,0,0,0,0,1,0,0,3.044522437723423,0.0,0.0
https://openalex.org/W2984720132,2019,3,3,2,1,1,0,0,0,0,0,1,1,0,1.3862943611198906,1.0986122886681098,0.6931471805599453
https://openalex.org/W3090483960,2019,3,5,1,1,0,0,0,0,0,0,1,0,0,1.791759469228055,0.6931471805599453,0.6931471805599453
https://openalex.org/W2912308025,2019,35,3,4,2,1,1,0,0,0,0,0,1,1,1.3862943611198906,1.6094379124341003,1.0986122886681098
https://openalex.org/W3015346632,2019,0,1,1,1,0,0,0,0,0,0,0,1,0,0.6931471805599453,0.6931471805599453,0.6931471805599453
https://openalex.org/W3015390391,2019,0,1,1,1,0,0,0,0,0,0,1,1,0,0.6931471805599453,0.6931471805599453,0.6931471805599453
https://openalex.org/W2993348870,2019,0,1,0,0,0,0,0,0,0,0,0,1,0,0.6931471805599453,0.0,0.0
https://openalex.org/W2994261542,2019,3,2,1,1,0,0,0,0,0,0,1,1,0,1.0986122886681098,0.6931471805599453,0.6931471805599453
https://openalex.org/W3166845538,2019,0,1,0,0,0,0,0,0,0,0,0,1,0,0.6931471805599453,0.0,0.0
https://openalex.org/W3015597294,2019,94,2,2,1,1,0,0,0,0,0,0,0,1,1.0986122886681098,1.0986122886681098,0.6931471805599453
https://openalex.org/W2984108200,2019,1,2,2,1,1,0,0,0,0,0,1,1,0,1.0986122886681098,1.0986122886681098,0.6931471805599453
https://openalex.org/W2923061330,2019,1,1,1,1,0,0,0,0,0,0,0,1,0,0.6931471805599453,0.6931471805599453,0.6931471805599453
https://openalex.org/W2997137089,2019,7,2,1,1,0,0,0,0,0,0,1,1,0,1.0986122886681098,0.6931471805599453,0.6931471805599453
https://openalex.org/W3115243030,2019,0,1,0,0,0,0,0,0,0,0,0,1,0,0.6931471805599453,0.0,0.0
https://openalex.org/W2969921927,2019,1,3,0,0,0,0,0,0,0,0,0,1,0,1.3862943611198906,0.0,0.0
https://openalex.org/W3009562696,2019,4,2,1,1,0,0,0,0,0,0,1,1,0,1.0986122886681098,0.6931471805599453,0.6931471805599453
https://openalex.org/W2955070949,2019,27,4,1,1,0,0,0,0,0,0,0,1,1,1.6094379124341003,0.6931471805599453,0.6931471805599453
https://openalex.org/W3027771373,2019,0,4,0,0,0,0,0,0,0,0,1,1,0,1.6094379124341003,0.0,0.0
https://openalex.org/W4288345078,2019,0,1,0,0,0,0,0,0,0,0,1,1,0,0.6931471805599453,0.0,0.0
https://openalex.org/W2938615998,2019,3,2,1,1,0,0,1,0,0,0,0,0,0,1.0986122886681098,0.6931471805599453,0.6931471805599453
https://openalex.org/W3194144741,2019,0,2,0,0,0,0,0,0,0,0,0,0,0,1.0986122886681098,0.0,0.0
https://openalex.org/W2969871826,2019,0,3,1,1,0,0,0,0,0,0,0,0,0,1.3862943611198906,0.6931471805599453,0.6931471805599453
https://openalex.org/W3013107338,2019,2,2,0,0,0,0,0,0,0,0,0,1,0,1.0986122886681098,0.0,0.0
https://openalex.org/W3110988879,2019,0,1,0,0,0,0,0,0,0,0,1,0,0,0.6931471805599453,0.0,0.0
https://openalex.org/W2925801860,2019,3,6,2,2,1,1,0,0,0,0,1,1,0,1.9459101490553132,1.0986122886681098,1.0986122886681098
https://openalex.org/W2970735499,2019,8,1,0,0,0,0,0,0,0,0,0,0,0,0.6931471805599453,0.0,0.0
https://openalex.org/W3005323856,2019,1,3,0,0,0,0,0,0,0,0,1,1,0,1.3862943611198906,0.0,0.0
https://openalex.org/W7139799010,2019,0,1,0,0,0,0,0,0,0,0,1,0,0,0.6931471805599453,0.0,0.0
https://openalex.org/W2990228484,2019,3,3,1,1,0,0,0,0,0,0,0,1,0,1.3862943611198906,0.6931471805599453,0.6931471805599453
https://openalex.org/W7126671845,2019,0,4,2,2,1,1,0,1,0,1,0,0,0,1.6094379124341003,1.0986122886681098,1.0986122886681098
https://openalex.org/W2807190383,2019,0,2,1,1,0,0,0,0,0,0,1,1,0,1.0986122886681098,0.6931471805599453,0.6931471805599453
https://openalex.org/W3003765516,2019,4,3,1,1,0,0,0,0,0,0,0,0,0,1.3862943611198906,0.6931471805599453,0.6931471805599453
https://openalex.org/W2963139092,2019,3,4,1,1,0,0,0,0,0,0,1,0,0,1.6094379124341003,0.6931471805599453,0.6931471805599453
https://openalex.org/W2939073380,2019,5,2,3,1,1,0,0,0,0,0,0,1,0,1.0986122886681098,1.3862943611198906,0.6931471805599453
https://openalex.org/W2967235442,2019,40,3,1,1,0,0,0,0,0,1,0,0,1,1.3862943611198906,0.6931471805599453,0.6931471805599453
https://openalex.org/W2951714746,2019,7,5,3,2,1,1,0,0,0,1,0,1,0,1.791759469228055,1.3862943611198906,1.0986122886681098
https://openalex.org/W2989888688,2019,0,2,0,0,0,0,0,0,0,0,1,1,0,1.0986122886681098,0.0,0.0
https://openalex.org/W2970949177,2019,3,5,6,2,1,1,0,0,1,0,1,0,0,1.791759469228055,1.9459101490553132,1.0986122886681098
https://openalex.org/W2962989979,2019,0,3,0,0,0,0,0,0,0,0,0,0,0,1.3862943611198906,0.0,0.0
https://openalex.org/W2995481055,2019,0,3,1,1,0,0,0,0,0,1,1,1,0,1.3862943611198906,0.6931471805599453,0.6931471805599453
https://openalex.org/W2962698540,2019,419,5,5,2,1,1,1,0,0,1,0,0,1,1.791759469228055,1.791759469228055,1.0986122886681098
https://openalex.org/W3106754013,2019,0,1,0,0,0,0,0,0,0,0,0,0,0,0.6931471805599453,0.0,0.0
https://openalex.org/W2995720993,2019,30,3,2,2,1,1,0,0,0,0,0,1,1,1.3862943611198906,1.0986122886681098,1.0986122886681098
https://openalex.org/W3003497283,2019,0,5,1,1,0,0,0,0,0,0,0,0,0,1.791759469228055,0.6931471805599453,0.6931471805599453
https://openalex.org/W2914884088,2019,5,3,1,1,0,0,0,0,0,0,1,1,0,1.3862943611198906,0.6931471805599453,0.6931471805599453
https://openalex.org/W2989206032,2019,2,3,0,0,0,0,0,0,0,0,1,1,0,1.3862943611198906,0.0,0.0
https://openalex.org/W2996381994,2019,1,3,2,1,1,0,0,0,0,0,1,0,0,1.3862943611198906,1.0986122886681098,0.6931471805599453
https://openalex.org/W2993609960,2019,10,3,1,1,0,0,0,0,0,0,0,0,0,1.3862943611198906,0.6931471805599453,0.6931471805599453
https://openalex.org/W2990678899,2019,20,6,2,1,1,0,1,0,1,0,0,0,0,1.9459101490553132,1.0986122886681098,0.6931471805599453
https://openalex.org/W3004046286,2019,0,1,0,0,0,0,0,0,0,0,0,0,0,0.6931471805599453,0.0,0.0
https://openalex.org/W2989024071,2019,8,4,2,2,1,1,0,0,0,0,0,1,0,1.6094379124341003,1.0986122886681098,1.0986122886681098
https://openalex.org/W2981187527,2019,135,5,3,3,1,1,1,0,0,1,0,1,1,1.791759469228055,1.3862943611198906,1.3862943611198906
https://openalex.org/W3041320420,2019,0,2,0,0,0,0,0,0,0,0,0,0,0,1.0986122886681098,0.0,0.0
https://openalex.org/W2968494944,2019,12,2,2,1,1,0,0,0,0,0,0,1,0,1.0986122886681098,1.0986122886681098,0.6931471805599453
https://openalex.org/W3123738714,2019,0,1,0,0,0,0,0,0,0,0,0,0,0,0.6931471805599453,0.0,0.0
https://openalex.org/W3082151429,2019,0,1,0,0,0,0,0,0,0,0,1,1,0,0.6931471805599453,0.0,0.0
https://openalex.org/W2996286318,2019,35,1,3,1,1,0,0,0,1,0,0,1,1,0.6931471805599453,1.3862943611198906,0.6931471805599453
https://openalex.org/W2966795160,2019,7,4,1,1,0,0,0,0,0,0,0,1,0,1.6094379124341003,0.6931471805599453,0.6931471805599453
https://openalex.org/W2952523432,2019,9,5,2,1,1,0,0,0,0,0,0,1,0,1.791759469228055,1.0986122886681098,0.6931471805599453
https://openalex.org/W2948255865,2019,8,3,1,1,0,0,0,0,0,0,1,1,0,1.3862943611198906,0.6931471805599453,0.6931471805599453
https://openalex.org/W2963644276,2019,0,3,1,1,0,0,1,1,0,1,1,1,0,1.3862943611198906,0.6931471805599453,0.6931471805599453
https://openalex.org/W2972931478,2019,38,2,3,1,1,0,0,0,1,0,1,1,1,1.0986122886681098,1.3862943611198906,0.6931471805599453
https://openalex.org/W3093932528,2019,0,3,1,1,0,0,0,0,0,0,1,1,0,1.3862943611198906,0.6931471805599453,0.6931471805599453
https://openalex.org/W2996865591,2019,1,2,4,3,1,1,0,0,0,0,1,1,0,1.0986122886681098,1.6094379124341003,1.3862943611198906
https://openalex.org/W2991570694,2019,0,4,0,0,0,0,0,0,0,0,1,0,0,1.6094379124341003,0.0,0.0
https://openalex.org/W3196796581,2019,1,1,1,1,0,0,0,0,1,0,0,0,0,0.6931471805599453,0.6931471805599453,0.6931471805599453
https://openalex.org/W3006507274,2019,1,2,1,1,0,0,0,0,0,0,0,0,0,1.0986122886681098,0.6931471805599453,0.6931471805599453
https://openalex.org/W2953389221,2019,0,1,0,0,0,0,0,0,0,0,1,1,0,0.6931471805599453,0.0,0.0
https://openalex.org/W3095736115,2019,0,1,0,0,0,0,0,0,0,0,0,0,0,0.6931471805599453,0.0,0.0
https://openalex.org/W4407355472,2019,3,2,0,0,0,0,0,0,0,0,1,1,0,1.0986122886681098,0.0,0.0
https://openalex.org/W2944559242,2019,22,3,1,1,0,0,0,0,0,0,1,1,1,1.3862943611198906,0.6931471805599453,0.6931471805599453
https://openalex.org/W4246971518,2019,1,5,0,0,0,0,0,0,0,0,1,1,0,1.791759469228055,0.0,0.0
https://openalex.org/W2980102379,2019,0,1,1,1,0,0,0,0,0,0,1,0,0,0.6931471805599453,0.6931471805599453,0.6931471805599453
https://openalex.org/W2986416378,2019,0,2,0,0,0,0,0,0,0,0,0,1,0,1.0986122886681098,0.0,0.0
https://openalex.org/W2980116353,2019,19,2,1,1,0,0,0,0,0,0,0,1,0,1.0986122886681098,0.6931471805599453,0.6931471805599453
https://openalex.org/W2789532136,2019,0,1,1,1,0,0,0,0,0,0,1,1,0,0.6931471805599453,0.6931471805599453,0.6931471805599453
https://openalex.org/W2977499084,2019,15,3,0,0,0,0,0,0,0,0,1,1,0,1.3862943611198906,0.0,0.0
https://openalex.org/W2916138768,2019,0,3,1,1,0,0,0,0,0,0,0,1,0,1.3862943611198906,0.6931471805599453,0.6931471805599453
https://openalex.org/W2963367294,2019,16,11,0,0,0,0,0,0,0,0,1,0,0,2.4849066497880004,0.0,0.0
https://openalex.org/W2913423280,2019,0,1,0,0,0,0,0,0,0,0,0,0,0,0.6931471805599453,0.0,0.0
https://openalex.org/W2972388317,2019,0,3,1,1,0,0,0,0,0,0,0,0,0,1.3862943611198906,0.6931471805599453,0.6931471805599453
https://openalex.org/W2989279978,2019,4,2,0,0,0,0,0,0,0,0,0,1,0,1.0986122886681098,0.0,0.0
https://openalex.org/W7111464709,2019,0,1,0,0,0,0,0,0,0,0,0,0,0,0.6931471805599453,0.0,0.0
https://openalex.org/W4230814534,2019,1,1,0,0,0,0,0,0,0,0,1,1,0,0.6931471805599453,0.0,0.0
https://openalex.org/W2944726412,2019,8,4,4,2,1,1,0,0,0,0,0,1,0,1.6094379124341003,1.6094379124341003,1.0986122886681098
https://openalex.org/W2965314695,2019,0,1,1,1,0,0,0,0,0,0,0,0,0,0.6931471805599453,0.6931471805599453,0.6931471805599453
https://openalex.org/W2949114367,2019,0,2,0,0,0,0,0,0,0,0,0,0,0,1.0986122886681098,0.0,0.0
https://openalex.org/W2943198681,2019,17,8,3,3,1,1,0,1,0,0,1,1,0,2.1972245773362196,1.3862943611198906,1.3862943611198906
https://openalex.org/W3214474237,2019,0,3,1,1,0,0,0,0,0,0,0,1,0,1.3862943611198906,0.6931471805599453,0.6931471805599453
https://openalex.org/W2974805580,2019,45,5,1,1,0,0,0,0,0,0,0,1,1,1.791759469228055,0.6931471805599453,0.6931471805599453
https://openalex.org/W2995183388,2019,3,1,1,1,0,0,0,0,0,0,1,1,0,0.6931471805599453,0.6931471805599453,0.6931471805599453
https://openalex.org/W2996668149,2019,1,4,1,1,0,0,0,0,0,0,0,0,0,1.6094379124341003,0.6931471805599453,0.6931471805599453
https://openalex.org/W2963282182,2019,5,4,2,1,1,0,0,0,0,1,0,1,0,1.6094379124341003,1.0986122886681098,0.6931471805599453
https://openalex.org/W2967347919,2019,3,1,0,0,0,0,0,0,0,0,1,1,0,0.6931471805599453,0.0,0.0
https://openalex.org/W2956100663,2019,0,7,0,0,0,0,0,0,0,0,0,0,0,2.0794415416798357,0.0,0.0
https://openalex.org/W2996257990,2019,1,3,5,4,1,1,1,0,0,1,0,0,0,1.3862943611198906,1.791759469228055,1.6094379124341003
https://openalex.org/W2990706993,2019,3,3,2,1,1,0,0,0,0,0,1,1,0,1.3862943611198906,1.0986122886681098,0.6931471805599453
https://openalex.org/W2969470694,2019,12,4,0,0,0,0,0,0,0,0,0,1,0,1.6094379124341003,0.0,0.0
https://openalex.org/W2909921325,2019,8,3,1,1,0,0,0,0,0,1,0,1,0,1.3862943611198906,0.6931471805599453,0.6931471805599453
https://openalex.org/W2972505120,2019,0,1,0,0,0,0,0,0,0,0,0,0,0,0.6931471805599453,0.0,0.0
https://openalex.org/W7139666738,2019,0,2,0,0,0,0,0,0,0,0,0,0,0,1.0986122886681098,0.0,0.0
https://openalex.org/W2966989105,2019,6,3,1,1,0,0,0,0,0,0,1,1,0,1.3862943611198906,0.6931471805599453,0.6931471805599453
https://openalex.org/W3000071698,2019,0,3,1,1,0,0,0,0,0,0,1,1,0,1.3862943611198906,0.6931471805599453,0.6931471805599453
https://openalex.org/W2964976500,2019,7,1,1,1,0,0,1,1,0,1,0,0,0,0.6931471805599453,0.6931471805599453,0.6931471805599453
https://openalex.org/W3010547694,2019,2,1,1,1,0,0,0,0,0,0,1,1,0,0.6931471805599453,0.6931471805599453,0.6931471805599453
https://openalex.org/W2980137549,2019,5,1,1,1,0,0,0,0,0,0,1,1,0,0.6931471805599453,0.6931471805599453,0.6931471805599453
https://openalex.org/W2991068662,2019,0,1,0,0,0,0,0,0,0,0,0,1,0,0.6931471805599453,0.0,0.0
https://openalex.org/W3141863862,2019,1,5,3,3,1,1,0,0,0,1,0,0,0,1.791759469228055,1.3862943611198906,1.3862943611198906
https://openalex.org/W2979521964,2019,0,1,0,0,0,0,0,0,0,0,0,0,0,0.6931471805599453,0.0,0.0
https://openalex.org/W3003819936,2019,1,2,1,1,0,0,0,0,0,0,0,0,0,1.0986122886681098,0.6931471805599453,0.6931471805599453
https://openalex.org/W2955849456,2019,0,1,1,1,0,0,0,0,0,1,1,0,0,0.6931471805599453,0.6931471805599453,0.6931471805599453
https://openalex.org/W3085033914,2019,0,1,0,0,0,0,0,0,0,0,1,0,0,0.6931471805599453,0.0,0.0
https://openalex.org/W2968632270,2019,0,1,0,0,0,0,0,0,0,0,0,0,0,0.6931471805599453,0.0,0.0
https://openalex.org/W2970989576,2019,1,4,3,1,1,0,0,0,1,0,1,1,0,1.6094379124341003,1.3862943611198906,0.6931471805599453
https://openalex.org/W2951117356,2019,16,3,3,2,1,1,0,0,0,0,0,1,0,1.3862943611198906,1.3862943611198906,1.0986122886681098
https://openalex.org/W2948775372,2019,0,1,0,0,0,0,0,0,0,0,0,0,0,0.6931471805599453,0.0,0.0
https://openalex.org/W2954274578,2019,0,3,1,1,0,0,0,0,0,0,0,1,0,1.3862943611198906,0.6931471805599453,0.6931471805599453
https://openalex.org/W2956066095,2019,0,2,0,0,0,0,0,0,0,0,1,0,0,1.0986122886681098,0.0,0.0
https://openalex.org/W2986205304,2019,41,7,3,1,1,0,0,0,0,1,1,0,1,2.0794415416798357,1.3862943611198906,0.6931471805599453
https://openalex.org/W3209345169,2019,0,2,0,0,0,0,0,0,0,0,0,0,0,1.0986122886681098,0.0,0.0
https://openalex.org/W2984624673,2019,0,1,0,0,0,0,0,0,0,0,0,1,0,0.6931471805599453,0.0,0.0
https://openalex.org/W4244480674,2019,3,3,0,0,0,0,0,0,0,0,1,1,0,1.3862943611198906,0.0,0.0
https://openalex.org/W4247597804,2019,1,1,0,0,0,0,0,0,0,0,1,1,0,0.6931471805599453,0.0,0.0
https://openalex.org/W3008874356,2019,0,2,1,1,0,0,0,0,0,0,0,0,0,1.0986122886681098,0.6931471805599453,0.6931471805599453
https://openalex.org/W3018742457,2019,0,2,0,0,0,0,0,0,0,0,1,1,0,1.0986122886681098,0.0,0.0
https://openalex.org/W2978491039,2019,17,3,1,1,0,0,0,0,0,0,0,0,0,1.3862943611198906,0.6931471805599453,0.6931471805599453
https://openalex.org/W2914532563,2019,17,2,0,0,0,0,0,0,0,0,0,1,0,1.0986122886681098,0.0,0.0
https://openalex.org/W2987518875,2019,0,1,0,0,0,0,0,0,0,0,1,0,0,0.6931471805599453,0.0,0.0
https://openalex.org/W2551095121,2019,6,2,2,1,1,0,0,0,0,0,0,1,0,1.0986122886681098,1.0986122886681098,0.6931471805599453
https://openalex.org/W2955679698,2019,0,1,1,1,0,0,0,0,0,0,0,0,0,0.6931471805599453,0.6931471805599453,0.6931471805599453
https://openalex.org/W2981867003,2019,0,2,0,0,0,0,0,0,0,0,0,0,0,1.0986122886681098,0.0,0.0
https://openalex.org/W2973965944,2019,0,1,0,0,0,0,0,0,0,0,0,1,0,0.6931471805599453,0.0,0.0
https://openalex.org/W4288281870,2019,0,1,1,1,0,0,0,0,0,0,1,0,0,0.6931471805599453,0.6931471805599453,0.6931471805599453
https://openalex.org/W2994565606,2019,3,3,2,1,1,0,0,0,0,0,1,1,0,1.3862943611198906,1.0986122886681098,0.6931471805599453
https://openalex.org/W2938026893,2019,12,2,2,1,1,0,0,0,0,0,1,1,0,1.0986122886681098,1.0986122886681098,0.6931471805599453
https://openalex.org/W2971030902,2019,0,4,1,1,0,0,0,0,0,0,0,0,0,1.6094379124341003,0.6931471805599453,0.6931471805599453
https://openalex.org/W3004381583,2019,0,3,1,1,0,0,0,0,0,0,1,1,0,1.3862943611198906,0.6931471805599453,0.6931471805599453
https://openalex.org/W3009856243,2019,2,8,1,1,0,0,0,0,0,0,0,0,0,2.1972245773362196,0.6931471805599453,0.6931471805599453
https://openalex.org/W4229655402,2019,0,2,0,0,0,0,0,0,0,0,1,1,0,1.0986122886681098,0.0,0.0
https://openalex.org/W3168651550,2019,0,1,0,0,0,0,0,0,0,0,0,0,0,0.6931471805599453,0.0,0.0
https://openalex.org/W2983951639,2019,1,1,0,0,0,0,0,0,0,0,0,1,0,0.6931471805599453,0.0,0.0
https://openalex.org/W2969900002,2019,45,3,2,2,1,1,0,0,0,0,0,1,1,1.3862943611198906,1.0986122886681098,1.0986122886681098
https://openalex.org/W2942211708,2019,11,2,1,1,0,0,0,0,0,0,0,0,0,1.0986122886681098,0.6931471805599453,0.6931471805599453
https://openalex.org/W2964466495,2019,3,4,0,0,0,0,0,0,0,0,0,1,0,1.6094379124341003,0.0,0.0
https://openalex.org/W2971232721,2019,22,4,3,3,1,1,0,0,0,0,1,1,1,1.6094379124341003,1.3862943611198906,1.3862943611198906
https://openalex.org/W2976457947,2019,61,5,2,1,1,0,0,0,0,0,0,1,1,1.791759469228055,1.0986122886681098,0.6931471805599453
https://openalex.org/W3023320522,2019,0,1,2,1,1,0,0,0,1,0,0,0,0,0.6931471805599453,1.0986122886681098,0.6931471805599453
https://openalex.org/W2932422526,2019,2,1,0,0,0,0,0,0,0,0,0,1,0,0.6931471805599453,0.0,0.0
https://openalex.org/W2965196196,2019,1,3,2,1,1,0,0,0,0,0,0,0,0,1.3862943611198906,1.0986122886681098,0.6931471805599453
https://openalex.org/W2966017075,2019,16,7,7,2,1,1,0,1,1,1,1,1,0,2.0794415416798357,2.0794415416798357,1.0986122886681098
https://openalex.org/W2768863795,2019,15,2,6,2,1,1,0,0,0,0,1,1,0,1.0986122886681098,1.9459101490553132,1.0986122886681098
https://openalex.org/W2949305327,2019,0,1,1,1,0,0,0,0,0,0,0,0,0,0.6931471805599453,0.6931471805599453,0.6931471805599453
https://openalex.org/W3010094525,2019,0,1,0,0,0,0,0,0,0,0,0,0,0,0.6931471805599453,0.0,0.0
https://openalex.org/W3009759454,2019,0,5,3,2,1,1,0,1,0,0,0,0,0,1.791759469228055,1.3862943611198906,1.0986122886681098
https://openalex.org/W2987597555,2019,231,5,4,1,1,0,0,0,0,0,0,0,1,1.791759469228055,1.6094379124341003,0.6931471805599453
https://openalex.org/W2977433482,2019,1,1,2,2,1,1,0,0,0,0,1,1,0,0.6931471805599453,1.0986122886681098,1.0986122886681098
https://openalex.org/W4232449995,2019,0,22,0,0,0,0,0,0,0,0,1,1,0,3.1354942159291497,0.0,0.0
https://openalex.org/W4318071226,2019,0,3,2,1,1,0,0,0,0,1,1,0,0,1.3862943611198906,1.0986122886681098,0.6931471805599453
https://openalex.org/W2994611957,2019,0,1,0,0,0,0,0,0,0,0,1,0,0,0.6931471805599453,0.0,0.0
https://openalex.org/W2994162066,2019,9,1,0,0,0,0,0,0,0,0,1,1,0,0.6931471805599453,0.0,0.0
https://openalex.org/W2965782854,2019,7,9,1,1,0,0,0,0,0,0,1,0,0,2.302585092994046,0.6931471805599453,0.6931471805599453
https://openalex.org/W2784911891,2019,9,6,4,1,1,0,0,0,0,0,1,1,0,1.9459101490553132,1.6094379124341003,0.6931471805599453
https://openalex.org/W2986026879,2019,1,1,1,1,0,0,0,0,0,0,1,1,0,0.6931471805599453,0.6931471805599453,0.6931471805599453
https://openalex.org/W2941455038,2019,0,1,0,0,0,0,0,0,0,0,0,1,0,0.6931471805599453,0.0,0.0
https://openalex.org/W3175253960,2019,0,1,0,0,0,0,0,0,0,0,0,0,0,0.6931471805599453,0.0,0.0
https://openalex.org/W7148200515,2019,0,1,0,0,0,0,0,0,0,0,1,0,0,0.6931471805599453,0.0,0.0
https://openalex.org/W2489204415,2019,47,3,6,2,1,1,0,0,0,0,1,1,1,1.3862943611198906,1.9459101490553132,1.0986122886681098
https://openalex.org/W3171814058,2019,0,5,0,0,0,0,0,0,0,0,1,0,0,1.791759469228055,0.0,0.0
https://openalex.org/W2918295300,2019,1,1,0,0,0,0,0,0,0,0,1,1,0,0.6931471805599453,0.0,0.0
https://openalex.org/W2954899718,2019,0,3,2,1,1,0,0,0,0,0,0,1,0,1.3862943611198906,1.0986122886681098,0.6931471805599453
https://openalex.org/W2998760910,2019,2,2,2,1,1,0,0,0,0,0,0,0,0,1.0986122886681098,1.0986122886681098,0.6931471805599453
https://openalex.org/W3184012250,2019,0,4,0,0,0,0,0,0,0,0,0,0,0,1.6094379124341003,0.0,0.0
https://openalex.org/W2981838989,2019,0,4,0,0,0,0,0,0,0,0,1,1,0,1.6094379124341003,0.0,0.0
https://openalex.org/W3118016826,2019,0,1,0,0,0,0,0,0,0,0,0,1,0,0.6931471805599453,0.0,0.0
https://openalex.org/W3012298678,2019,0,2,1,1,0,0,0,0,0,0,0,0,0,1.0986122886681098,0.6931471805599453,0.6931471805599453
https://openalex.org/W3003608599,2019,16,5,1,1,0,0,0,0,0,1,0,0,0,1.791759469228055,0.6931471805599453,0.6931471805599453
https://openalex.org/W4233863302,2019,0,1,0,0,0,0,0,0,0,0,0,1,0,0.6931471805599453,0.0,0.0
https://openalex.org/W2997440035,2019,2,5,2,1,1,0,0,0,0,0,0,0,0,1.791759469228055,1.0986122886681098,0.6931471805599453
https://openalex.org/W2974395894,2019,0,1,0,0,0,0,0,0,0,0,1,1,0,0.6931471805599453,0.0,0.0
https://openalex.org/W3199457356,2019,0,1,0,0,0,0,0,0,0,0,0,0,0,0.6931471805599453,0.0,0.0
https://openalex.org/W2977060234,2019,0,3,0,0,0,0,0,0,0,0,0,1,0,1.3862943611198906,0.0,0.0
https://openalex.org/W2963360703,2019,9,1,0,0,0,0,0,0,0,0,1,1,0,0.6931471805599453,0.0,0.0
https://openalex.org/W3142597187,2019,0,1,1,1,0,0,0,0,0,0,0,0,0,0.6931471805599453,0.6931471805599453,0.6931471805599453
https://openalex.org/W2955101532,2019,0,1,0,0,0,0,0,0,0,0,0,0,0,0.6931471805599453,0.0,0.0
https://openalex.org/W2982489626,2019,5,4,2,1,1,0,0,0,0,0,0,1,0,1.6094379124341003,1.0986122886681098,0.6931471805599453
https://openalex.org/W2944118462,2019,0,1,0,0,0,0,0,0,0,0,0,0,0,0.6931471805599453,0.0,0.0
https://openalex.org/W2946227424,2019,7,3,1,1,0,0,0,0,0,0,0,0,0,1.3862943611198906,0.6931471805599453,0.6931471805599453
https://openalex.org/W3123019091,2019,0,3,1,1,0,0,0,0,0,0,0,1,0,1.3862943611198906,0.6931471805599453,0.6931471805599453
https://openalex.org/W2932056806,2019,1,2,1,1,0,0,0,0,0,0,1,1,0,1.0986122886681098,0.6931471805599453,0.6931471805599453
https://openalex.org/W3006739978,2019,60,2,1,1,0,0,0,0,0,0,1,0,1,1.0986122886681098,0.6931471805599453,0.6931471805599453
https://openalex.org/W2985626460,2019,0,1,0,0,0,0,0,0,0,0,1,0,0,0.6931471805599453,0.0,0.0
https://openalex.org/W2924463308,2019,18,7,1,1,0,0,0,0,0,0,1,1,0,2.0794415416798357,0.6931471805599453,0.6931471805599453
https://openalex.org/W2941964676,2019,68,4,1,1,0,0,0,0,0,0,1,0,1,1.6094379124341003,0.6931471805599453,0.6931471805599453
https://openalex.org/W2946368709,2019,84,6,2,1,1,0,1,0,0,1,1,1,1,1.9459101490553132,1.0986122886681098,0.6931471805599453
https://openalex.org/W2990478476,2019,0,4,0,0,0,0,0,0,0,0,0,0,0,1.6094379124341003,0.0,0.0
https://openalex.org/W2277820558,2019,2,1,1,1,0,0,0,0,0,1,1,0,0,0.6931471805599453,0.6931471805599453,0.6931471805599453
https://openalex.org/W2980609182,2019,3,3,2,1,1,0,0,0,1,0,0,1,0,1.3862943611198906,1.0986122886681098,0.6931471805599453
https://openalex.org/W2946717743,2019,2,2,1,1,0,0,0,0,0,0,0,1,0,1.0986122886681098,0.6931471805599453,0.6931471805599453
https://openalex.org/W2919802381,2019,1,6,2,2,1,1,0,0,1,0,0,1,0,1.9459101490553132,1.0986122886681098,1.0986122886681098
https://openalex.org/W2928822423,2019,2,4,1,1,0,0,0,0,0,0,1,1,0,1.6094379124341003,0.6931471805599453,0.6931471805599453
https://openalex.org/W2985413789,2019,112,5,5,3,1,1,0,0,0,0,0,1,1,1.791759469228055,1.791759469228055,1.3862943611198906
https://openalex.org/W2964661838,2019,0,1,0,0,0,0,0,0,0,0,0,1,0,0.6931471805599453,0.0,0.0
https://openalex.org/W4234933042,2019,13,1,0,0,0,0,0,0,0,0,1,1,0,0.6931471805599453,0.0,0.0
https://openalex.org/W2997512305,2019,13,5,1,1,0,0,0,0,0,0,0,1,0,1.791759469228055,0.6931471805599453,0.6931471805599453
https://openalex.org/W2967698316,2019,12,1,6,1,1,0,0,0,1,0,1,1,0,0.6931471805599453,1.9459101490553132,0.6931471805599453
https://openalex.org/W2986156618,2019,0,2,0,0,0,0,0,0,0,0,0,1,0,1.0986122886681098,0.0,0.0
https://openalex.org/W2990998472,2019,1,2,0,0,0,0,0,0,0,0,0,0,0,1.0986122886681098,0.0,0.0
https://openalex.org/W2930010989,2019,0,5,0,0,0,0,0,0,0,0,1,1,0,1.791759469228055,0.0,0.0
https://openalex.org/W4413211170,2019,0,2,2,2,1,1,0,0,0,0,1,1,0,1.0986122886681098,1.0986122886681098,1.0986122886681098
https://openalex.org/W2971426594,2019,122,7,6,3,1,1,1,1,0,1,0,1,1,2.0794415416798357,1.9459101490553132,1.3862943611198906
https://openalex.org/W2973419442,2019,21,5,3,1,1,0,0,0,0,1,0,1,0,1.791759469228055,1.3862943611198906,0.6931471805599453
https://openalex.org/W2966192646,2019,0,1,2,1,1,0,0,0,0,0,0,0,0,0.6931471805599453,1.0986122886681098,0.6931471805599453
https://openalex.org/W2982135113,2019,1,1,2,2,1,1,0,0,0,0,1,1,0,0.6931471805599453,1.0986122886681098,1.0986122886681098
https://openalex.org/W2995038940,2019,0,1,0,0,0,0,0,0,0,0,0,1,0,0.6931471805599453,0.0,0.0
https://openalex.org/W2972045090,2019,1,1,0,0,0,0,0,0,0,0,0,1,0,0.6931471805599453,0.0,0.0
https://openalex.org/W3004045412,2019,5,5,1,1,0,0,0,0,0,0,0,0,0,1.791759469228055,0.6931471805599453,0.6931471805599453
https://openalex.org/W2990490953,2019,0,2,0,0,0,0,0,0,0,0,0,0,0,1.0986122886681098,0.0,0.0
https://openalex.org/W2965787921,2019,2,3,1,1,0,0,0,0,0,0,0,1,0,1.3862943611198906,0.6931471805599453,0.6931471805599453
https://openalex.org/W2947221377,2019,0,1,1,1,0,0,0,0,0,0,1,1,0,0.6931471805599453,0.6931471805599453,0.6931471805599453
https://openalex.org/W7143671433,2019,0,4,0,0,0,0,0,0,0,0,1,0,0,1.6094379124341003,0.0,0.0
https://openalex.org/W7139343582,2019,0,1,0,0,0,0,0,0,0,0,0,0,0,0.6931471805599453,0.0,0.0
https://openalex.org/W2995163038,2019,4,3,1,1,0,0,0,0,0,0,1,1,0,1.3862943611198906,0.6931471805599453,0.6931471805599453
https://openalex.org/W2927431311,2019,21,3,3,1,1,0,0,0,0,0,0,1,0,1.3862943611198906,1.3862943611198906,0.6931471805599453
https://openalex.org/W4313653798,2019,4,1,0,0,0,0,0,0,0,0,1,1,0,0.6931471805599453,0.0,0.0
https://openalex.org/W3041723989,2019,0,1,0,0,0,0,0,0,0,0,0,0,0,0.6931471805599453,0.0,0.0
https://openalex.org/W3045015970,2019,5,3,2,2,1,1,0,0,0,0,1,0,0,1.3862943611198906,1.0986122886681098,1.0986122886681098
https://openalex.org/W2904497877,2019,5,5,4,2,1,1,0,0,0,0,1,0,0,1.791759469228055,1.6094379124341003,1.0986122886681098
https://openalex.org/W2979683239,2019,10,4,3,1,1,0,0,0,0,1,0,1,0,1.6094379124341003,1.3862943611198906,0.6931471805599453
https://openalex.org/W2965685249,2019,14,5,1,1,0,0,1,0,0,0,0,0,0,1.791759469228055,0.6931471805599453,0.6931471805599453
https://openalex.org/W2985034294,2019,2,2,0,0,0,0,0,0,0,0,1,1,0,1.0986122886681098,0.0,0.0
https://openalex.org/W2997471238,2019,0,2,1,1,0,0,0,0,0,0,1,1,0,1.0986122886681098,0.6931471805599453,0.6931471805599453
https://openalex.org/W2611571293,2019,0,1,0,0,0,0,0,0,0,0,0,0,0,0.6931471805599453,0.0,0.0
https://openalex.org/W2919229549,2019,19,3,2,2,1,1,0,0,0,1,0,1,0,1.3862943611198906,1.0986122886681098,1.0986122886681098
https://openalex.org/W2973629714,2019,0,2,0,0,0,0,0,0,0,0,0,1,0,1.0986122886681098,0.0,0.0
https://openalex.org/W3001525152,2019,0,1,0,0,0,0,0,0,0,0,0,1,0,0.6931471805599453,0.0,0.0
https://openalex.org/W4407196093,2019,0,2,1,1,0,0,0,0,0,0,1,1,0,1.0986122886681098,0.6931471805599453,0.6931471805599453
https://openalex.org/W2942456137,2019,61,6,3,2,1,1,1,0,0,0,0,1,1,1.9459101490553132,1.3862943611198906,1.0986122886681098
https://openalex.org/W3116207626,2019,0,2,1,1,0,0,0,0,0,0,0,0,0,1.0986122886681098,0.6931471805599453,0.6931471805599453
https://openalex.org/W2998316625,2019,1,3,0,0,0,0,0,0,0,0,0,1,0,1.3862943611198906,0.0,0.0
https://openalex.org/W2979257631,2019,17,4,2,1,1,0,1,0,0,0,0,1,0,1.6094379124341003,1.0986122886681098,0.6931471805599453
https://openalex.org/W2979925112,2019,2,3,0,0,0,0,0,0,0,0,1,0,0,1.3862943611198906,0.0,0.0
https://openalex.org/W2981443503,2019,346,4,4,2,1,1,1,0,0,0,0,1,1,1.6094379124341003,1.6094379124341003,1.0986122886681098
https://openalex.org/W2968256054,2019,0,1,0,0,0,0,0,0,0,0,0,0,0,0.6931471805599453,0.0,0.0
https://openalex.org/W2996596492,2019,3,3,1,1,0,0,0,0,0,0,0,0,0,1.3862943611198906,0.6931471805599453,0.6931471805599453
https://openalex.org/W2936119665,2019,0,3,0,0,0,0,0,0,0,0,1,1,0,1.3862943611198906,0.0,0.0
https://openalex.org/W2966327209,2019,0,2,0,0,0,0,0,0,0,0,0,0,0,1.0986122886681098,0.0,0.0
https://openalex.org/W3044827199,2019,0,4,0,0,0,0,0,0,0,0,0,0,0,1.6094379124341003,0.0,0.0
https://openalex.org/W2931032203,2019,4,5,2,1,1,0,0,0,0,0,1,1,0,1.791759469228055,1.0986122886681098,0.6931471805599453
https://openalex.org/W2931971082,2019,0,3,0,0,0,0,0,0,0,0,0,1,0,1.3862943611198906,0.0,0.0
https://openalex.org/W3096974931,2019,4,1,0,0,0,0,0,0,0,0,1,0,0,0.6931471805599453,0.0,0.0
https://openalex.org/W2983631868,2019,0,2,0,0,0,0,0,0,0,0,0,1,0,1.0986122886681098,0.0,0.0
https://openalex.org/W2921395798,2019,3,2,0,0,0,0,0,0,0,0,0,1,0,1.0986122886681098,0.0,0.0
https://openalex.org/W2974647393,2019,6,1,1,1,0,0,0,0,0,0,1,1,0,0.6931471805599453,0.6931471805599453,0.6931471805599453
https://openalex.org/W4292846431,2019,0,1,0,0,0,0,0,0,0,0,1,0,0,0.6931471805599453,0.0,0.0
https://openalex.org/W2981396900,2019,0,6,1,1,0,0,0,0,0,0,0,0,0,1.9459101490553132,0.6931471805599453,0.6931471805599453
https://openalex.org/W2981455182,2019,4,6,2,1,1,0,0,0,1,0,1,1,0,1.9459101490553132,1.0986122886681098,0.6931471805599453
https://openalex.org/W3084019614,2019,0,1,1,1,0,0,0,0,0,0,0,0,0,0.6931471805599453,0.6931471805599453,0.6931471805599453
https://openalex.org/W2920409561,2019,5,2,1,1,0,0,0,0,0,1,0,1,0,1.0986122886681098,0.6931471805599453,0.6931471805599453
https://openalex.org/W4285789471,2019,0,1,0,0,0,0,0,0,0,0,0,1,0,0.6931471805599453,0.0,0.0
https://openalex.org/W2996567963,2019,9,3,1,1,0,0,0,0,0,0,1,1,0,1.3862943611198906,0.6931471805599453,0.6931471805599453
https://openalex.org/W2982572682,2019,18,3,2,2,1,1,0,0,0,0,1,1,0,1.3862943611198906,1.0986122886681098,1.0986122886681098
https://openalex.org/W3118110001,2019,3,3,1,1,0,0,0,0,0,1,0,0,0,1.3862943611198906,0.6931471805599453,0.6931471805599453
https://openalex.org/W2997635043,2019,0,3,0,0,0,0,0,0,0,0,1,1,0,1.3862943611198906,0.0,0.0
https://openalex.org/W4249829291,2019,0,3,0,0,0,0,0,0,0,0,1,1,0,1.3862943611198906,0.0,0.0
https://openalex.org/W2947375318,2019,8,3,1,1,0,0,0,0,0,0,1,1,0,1.3862943611198906,0.6931471805599453,0.6931471805599453
https://openalex.org/W3037321950,2019,1,1,0,0,0,0,0,0,0,0,0,1,0,0.6931471805599453,0.0,0.0
https://openalex.org/W2946962740,2019,0,1,0,0,0,0,0,0,0,0,0,0,0,0.6931471805599453,0.0,0.0
https://openalex.org/W3095491232,2019,1,3,0,0,0,0,0,0,0,0,0,0,0,1.3862943611198906,0.0,0.0
https://openalex.org/W2944706820,2019,0,1,0,0,0,0,0,0,0,0,1,1,0,0.6931471805599453,0.0,0.0
https://openalex.org/W2982299671,2019,1,3,1,1,0,0,1,0,0,0,0,0,0,1.3862943611198906,0.6931471805599453,0.6931471805599453
https://openalex.org/W4256313463,2019,0,36,0,0,0,0,0,0,0,0,1,1,0,3.6109179126442243,0.0,0.0
https://openalex.org/W7145008637,2019,0,1,0,0,0,0,0,0,0,0,1,0,0,0.6931471805599453,0.0,0.0
https://openalex.org/W2948016318,2019,0,2,2,1,1,0,0,0,0,0,0,1,0,1.0986122886681098,1.0986122886681098,0.6931471805599453
https://openalex.org/W2915874140,2019,0,3,0,0,0,0,0,0,0,0,1,1,0,1.3862943611198906,0.0,0.0
https://openalex.org/W2922142853,2019,19,7,2,1,1,0,0,0,0,0,1,1,0,2.0794415416798357,1.0986122886681098,0.6931471805599453
https://openalex.org/W2976217244,2019,1,1,1,1,0,0,0,0,0,1,0,1,0,0.6931471805599453,0.6931471805599453,0.6931471805599453
https://openalex.org/W3000456149,2019,1,1,0,0,0,0,0,0,0,0,1,1,0,0.6931471805599453,0.0,0.0
https://openalex.org/W2908908448,2019,6,3,3,2,1,1,0,0,0,0,1,1,0,1.3862943611198906,1.3862943611198906,1.0986122886681098
https://openalex.org/W2972775244,2019,0,2,0,0,0,0,0,0,0,0,1,0,0,1.0986122886681098,0.0,0.0
https://openalex.org/W2971926090,2019,2,1,0,0,0,0,0,0,0,0,0,1,0,0.6931471805599453,0.0,0.0
https://openalex.org/W2991452935,2019,4,4,1,1,0,0,0,0,0,0,0,0,0,1.6094379124341003,0.6931471805599453,0.6931471805599453
https://openalex.org/W3145354793,2019,0,4,0,0,0,0,0,0,0,0,0,0,0,1.6094379124341003,0.0,0.0
https://openalex.org/W3001940126,2019,5,3,1,1,0,0,0,0,0,1,0,0,0,1.3862943611198906,0.6931471805599453,0.6931471805599453
https://openalex.org/W2933400813,2019,2,5,0,0,0,0,0,0,0,0,1,0,0,1.791759469228055,0.0,0.0
https://openalex.org/W2966853127,2019,2,2,0,0,0,0,0,0,0,0,1,0,0,1.0986122886681098,0.0,0.0
https://openalex.org/W2990274479,2019,6,3,0,0,0,0,0,0,0,0,1,1,0,1.3862943611198906,0.0,0.0
https://openalex.org/W2967777221,2019,12,1,1,1,0,0,0,0,0,0,1,1,0,0.6931471805599453,0.6931471805599453,0.6931471805599453
https://openalex.org/W2942967946,2019,0,2,0,0,0,0,0,0,0,0,0,0,0,1.0986122886681098,0.0,0.0
https://openalex.org/W2969173368,2019,25,4,2,2,1,1,0,0,0,0,0,1,1,1.6094379124341003,1.0986122886681098,1.0986122886681098
https://openalex.org/W2936620964,2019,0,1,0,0,0,0,0,0,0,0,0,0,0,0.6931471805599453,0.0,0.0
https://openalex.org/W3016959043,2019,1,3,2,1,1,0,0,0,0,0,0,0,0,1.3862943611198906,1.0986122886681098,0.6931471805599453
https://openalex.org/W2996114776,2019,7,2,1,1,0,0,0,0,0,0,0,0,0,1.0986122886681098,0.6931471805599453,0.6931471805599453
https://openalex.org/W3016187276,2019,17,3,0,0,0,0,0,0,0,0,0,0,0,1.3862943611198906,0.0,0.0
https://openalex.org/W2984775592,2019,4,3,1,1,0,0,0,0,0,0,1,1,0,1.3862943611198906,0.6931471805599453,0.6931471805599453
https://openalex.org/W2936552442,2019,124,4,1,1,0,0,0,0,0,0,0,1,1,1.6094379124341003,0.6931471805599453,0.6931471805599453
https://openalex.org/W2944312134,2019,86,2,1,1,0,0,0,0,0,0,1,1,1,1.0986122886681098,0.6931471805599453,0.6931471805599453
https://openalex.org/W2972816591,2019,9,1,1,1,0,0,0,0,0,0,1,1,0,0.6931471805599453,0.6931471805599453,0.6931471805599453
https://openalex.org/W4288122661,2019,0,1,1,1,0,0,0,0,0,0,1,0,0,0.6931471805599453,0.6931471805599453,0.6931471805599453
https://openalex.org/W3022118852,2019,0,1,0,0,0,0,0,0,0,0,0,0,0,0.6931471805599453,0.0,0.0
https://openalex.org/W2979852609,2019,1,1,0,0,0,0,0,0,0,0,1,1,0,0.6931471805599453,0.0,0.0
https://openalex.org/W2915124368,2019,8,1,1,1,0,0,0,0,0,0,0,1,0,0.6931471805599453,0.6931471805599453,0.6931471805599453
https://openalex.org/W2942260824,2019,1,3,0,0,0,0,0,0,0,0,1,0,0,1.3862943611198906,0.0,0.0
https://openalex.org/W2944880589,2019,4,5,1,1,0,0,0,0,0,0,1,1,0,1.791759469228055,0.6931471805599453,0.6931471805599453
https://openalex.org/W2916383868,2019,2,4,1,1,0,0,0,0,0,0,0,0,0,1.6094379124341003,0.6931471805599453,0.6931471805599453
https://openalex.org/W4235917378,2019,3,3,2,1,1,0,0,0,0,0,0,1,0,1.3862943611198906,1.0986122886681098,0.6931471805599453
https://openalex.org/W4248007738,2019,0,4,0,0,0,0,0,0,0,0,1,0,0,1.6094379124341003,0.0,0.0
https://openalex.org/W4399299090,2019,0,1,0,0,0,0,0,0,0,0,1,1,0,0.6931471805599453,0.0,0.0
https://openalex.org/W2960530249,2019,0,2,0,0,0,0,0,0,0,0,0,1,0,1.0986122886681098,0.0,0.0
https://openalex.org/W2981776146,2019,0,1,0,0,0,0,0,0,0,0,0,0,0,0.6931471805599453,0.0,0.0
https://openalex.org/W2980796597,2019,35,2,1,1,0,0,0,0,0,0,0,1,1,1.0986122886681098,0.6931471805599453,0.6931471805599453
https://openalex.org/W2952527236,2019,0,1,0,0,0,0,0,0,0,0,1,0,0,0.6931471805599453,0.0,0.0
https://openalex.org/W2940513795,2019,1,2,0,0,0,0,0,0,0,0,0,0,0,1.0986122886681098,0.0,0.0
https://openalex.org/W2964037152,2019,1,2,1,1,0,0,0,0,0,0,1,1,0,1.0986122886681098,0.6931471805599453,0.6931471805599453
https://openalex.org/W3011270916,2019,4,2,2,2,1,1,0,0,0,0,0,0,0,1.0986122886681098,1.0986122886681098,1.0986122886681098
https://openalex.org/W2991069280,2019,7,2,0,0,0,0,0,0,0,0,1,1,0,1.0986122886681098,0.0,0.0
https://openalex.org/W2981062213,2019,1,1,0,0,0,0,0,0,0,0,0,1,0,0.6931471805599453,0.0,0.0
https://openalex.org/W3010879013,2019,3,5,1,1,0,0,0,0,0,0,0,0,0,1.791759469228055,0.6931471805599453,0.6931471805599453
https://openalex.org/W2996335352,2019,0,3,1,1,0,0,0,0,0,0,1,0,0,1.3862943611198906,0.6931471805599453,0.6931471805599453
https://openalex.org/W3035256775,2019,0,3,1,1,0,0,0,0,1,0,0,0,0,1.3862943611198906,0.6931471805599453,0.6931471805599453
https://openalex.org/W4229802556,2019,13,4,3,1,1,0,1,0,0,0,0,0,0,1.6094379124341003,1.3862943611198906,0.6931471805599453
https://openalex.org/W3133005592,2019,0,3,2,2,1,1,0,0,0,0,0,0,0,1.3862943611198906,1.0986122886681098,1.0986122886681098
https://openalex.org/W2994718558,2019,1,2,5,2,1,1,0,0,0,0,0,1,0,1.0986122886681098,1.791759469228055,1.0986122886681098
https://openalex.org/W2923639189,2019,0,1,1,1,0,0,0,0,0,1,0,0,0,0.6931471805599453,0.6931471805599453,0.6931471805599453
https://openalex.org/W2953037152,2019,5,2,1,1,0,0,0,0,0,1,0,1,0,1.0986122886681098,0.6931471805599453,0.6931471805599453
https://openalex.org/W3005350161,2019,5,3,2,1,1,0,0,0,0,0,0,0,0,1.3862943611198906,1.0986122886681098,0.6931471805599453
https://openalex.org/W2963111049,2019,2,3,5,3,1,1,0,0,0,0,1,0,0,1.3862943611198906,1.791759469228055,1.3862943611198906
https://openalex.org/W3026704933,2019,0,1,0,0,0,0,0,0,0,0,0,0,0,0.6931471805599453,0.0,0.0
https://openalex.org/W2980329812,2019,0,2,1,1,0,0,0,0,0,0,0,0,0,1.0986122886681098,0.6931471805599453,0.6931471805599453
https://openalex.org/W3011623259,2019,0,1,0,0,0,0,0,0,0,0,0,1,0,0.6931471805599453,0.0,0.0
https://openalex.org/W2915434495,2019,2,4,1,1,0,0,0,0,0,0,0,1,0,1.6094379124341003,0.6931471805599453,0.6931471805599453
https://openalex.org/W2963286058,2019,8,5,2,1,1,0,0,0,0,0,0,1,0,1.791759469228055,1.0986122886681098,0.6931471805599453
https://openalex.org/W2917623079,2019,0,4,0,0,0,0,0,0,0,0,1,1,0,1.6094379124341003,0.0,0.0
https://openalex.org/W3082133960,2019,0,3,0,0,0,0,0,0,0,0,0,0,0,1.3862943611198906,0.0,0.0
https://openalex.org/W3008339762,2019,0,1,1,1,0,0,0,0,0,0,1,1,0,0.6931471805599453,0.6931471805599453,0.6931471805599453
https://openalex.org/W2996903560,2019,7,3,0,0,0,0,0,0,0,0,0,0,0,1.3862943611198906,0.0,0.0
https://openalex.org/W2957724548,2019,5,4,3,1,1,0,0,0,0,0,0,1,0,1.6094379124341003,1.3862943611198906,0.6931471805599453
https://openalex.org/W3003197439,2019,2,2,0,0,0,0,0,0,0,0,0,0,0,1.0986122886681098,0.0,0.0
https://openalex.org/W2976136676,2019,0,5,3,1,1,0,1,1,0,1,0,0,0,1.791759469228055,1.3862943611198906,0.6931471805599453
https://openalex.org/W3175569176,2019,0,4,0,0,0,0,0,0,0,0,0,0,0,1.6094379124341003,0.0,0.0
https://openalex.org/W3005691212,2019,14,4,0,0,0,0,0,0,0,0,0,0,0,1.6094379124341003,0.0,0.0
https://openalex.org/W2974147931,2019,0,2,0,0,0,0,0,0,0,0,0,1,0,1.0986122886681098,0.0,0.0
https://openalex.org/W2994425563,2019,0,3,3,1,1,0,0,0,0,0,0,0,0,1.3862943611198906,1.3862943611198906,0.6931471805599453
https://openalex.org/W3014531169,2019,0,1,0,0,0,0,0,0,0,0,0,0,0,0.6931471805599453,0.0,0.0
https://openalex.org/W2908682741,2019,9,4,2,2,1,1,0,0,0,0,0,1,0,1.6094379124341003,1.0986122886681098,1.0986122886681098
https://openalex.org/W2994792336,2019,3,4,1,1,0,0,0,0,0,0,0,0,0,1.6094379124341003,0.6931471805599453,0.6931471805599453
https://openalex.org/W2914808291,2019,1,2,2,2,1,1,0,0,1,1,1,1,0,1.0986122886681098,1.0986122886681098,1.0986122886681098
https://openalex.org/W3003081547,2019,6,3,0,0,0,0,0,0,0,0,1,1,0,1.3862943611198906,0.0,0.0
https://openalex.org/W2803677887,2019,15,1,1,1,0,0,0,0,0,1,0,1,0,0.6931471805599453,0.6931471805599453,0.6931471805599453
https://openalex.org/W2945388337,2019,0,3,0,0,0,0,0,0,0,0,0,1,0,1.3862943611198906,0.0,0.0
https://openalex.org/W2990652486,2019,26,4,0,0,0,0,0,0,0,0,0,0,1,1.6094379124341003,0.0,0.0
https://openalex.org/W2969657600,2019,19,1,1,1,0,0,0,0,0,0,0,0,0,0.6931471805599453,0.6931471805599453,0.6931471805599453
https://openalex.org/W3035758632,2019,0,2,1,1,0,0,0,0,0,0,0,0,0,1.0986122886681098,0.6931471805599453,0.6931471805599453
https://openalex.org/W2943945373,2019,0,1,0,0,0,0,0,0,0,0,0,0,0,0.6931471805599453,0.0,0.0
https://openalex.org/W2978306166,2019,4,2,1,1,0,0,0,0,0,0,0,1,0,1.0986122886681098,0.6931471805599453,0.6931471805599453
https://openalex.org/W2917024494,2019,47,2,2,1,1,0,0,0,0,0,0,1,1,1.0986122886681098,1.0986122886681098,0.6931471805599453
https://openalex.org/W2992217700,2019,0,4,0,0,0,0,0,0,0,0,0,0,0,1.6094379124341003,0.0,0.0
https://openalex.org/W3162732984,2019,0,1,0,0,0,0,0,0,0,0,0,1,0,0.6931471805599453,0.0,0.0
https://openalex.org/W2610939286,2019,6,1,0,0,0,0,0,0,0,0,1,1,0,0.6931471805599453,0.0,0.0
https://openalex.org/W2913309490,2019,6,4,1,1,0,0,0,0,0,0,1,1,0,1.6094379124341003,0.6931471805599453,0.6931471805599453
https://openalex.org/W3034678798,2019,0,3,0,0,0,0,0,0,0,0,0,1,0,1.3862943611198906,0.0,0.0
https://openalex.org/W2957464893,2019,22,1,1,1,0,0,0,0,0,0,1,1,1,0.6931471805599453,0.6931471805599453,0.6931471805599453
https://openalex.org/W3082111539,2019,0,1,0,0,0,0,0,0,0,0,0,1,0,0.6931471805599453,0.0,0.0
https://openalex.org/W4205499970,2019,0,3,1,1,0,0,0,0,0,0,1,0,0,1.3862943611198906,0.6931471805599453,0.6931471805599453
https://openalex.org/W3003482937,2019,24,5,2,1,1,0,1,0,0,0,0,0,1,1.791759469228055,1.0986122886681098,0.6931471805599453
https://openalex.org/W2967987264,2019,17,5,0,0,0,0,0,0,0,0,0,0,0,1.791759469228055,0.0,0.0
https://openalex.org/W3118315562,2019,2,2,0,0,0,0,0,0,0,0,0,0,0,1.0986122886681098,0.0,0.0
https://openalex.org/W2982744174,2019,13,3,1,1,0,0,0,0,0,0,0,1,0,1.3862943611198906,0.6931471805599453,0.6931471805599453
https://openalex.org/W2908086035,2019,0,2,2,1,1,0,0,0,0,0,0,1,0,1.0986122886681098,1.0986122886681098,0.6931471805599453
https://openalex.org/W7144019143,2019,0,3,0,0,0,0,0,0,0,0,1,0,0,1.3862943611198906,0.0,0.0
https://openalex.org/W2947393875,2019,12,4,1,1,0,0,0,0,0,0,1,1,0,1.6094379124341003,0.6931471805599453,0.6931471805599453
https://openalex.org/W2960305679,2019,57,5,1,1,0,0,0,1,0,0,0,0,1,1.791759469228055,0.6931471805599453,0.6931471805599453
https://openalex.org/W2973190496,2019,10,2,1,1,0,0,0,0,0,0,1,1,0,1.0986122886681098,0.6931471805599453,0.6931471805599453
https://openalex.org/W2969439851,2019,3,6,1,1,0,0,0,0,0,0,0,0,0,1.9459101490553132,0.6931471805599453,0.6931471805599453
https://openalex.org/W2910232415,2019,123,5,6,1,1,0,0,0,0,0,0,1,1,1.791759469228055,1.9459101490553132,0.6931471805599453
https://openalex.org/W2944765032,2019,3,4,1,1,0,0,0,0,0,0,1,1,0,1.6094379124341003,0.6931471805599453,0.6931471805599453
https://openalex.org/W2956288262,2019,0,1,0,0,0,0,0,0,0,0,1,0,0,0.6931471805599453,0.0,0.0
https://openalex.org/W2954747662,2019,4,6,1,1,0,0,0,0,0,1,0,1,0,1.9459101490553132,0.6931471805599453,0.6931471805599453
https://openalex.org/W2991153805,2019,0,2,0,0,0,0,0,0,0,0,1,1,0,1.0986122886681098,0.0,0.0
https://openalex.org/W2994851150,2019,0,2,0,0,0,0,0,0,0,0,0,1,0,1.0986122886681098,0.0,0.0
https://openalex.org/W3096221499,2019,0,1,0,0,0,0,0,0,0,0,0,0,0,0.6931471805599453,0.0,0.0
https://openalex.org/W2994598131,2019,1,2,2,1,1,0,0,0,0,0,1,1,0,1.0986122886681098,1.0986122886681098,0.6931471805599453
https://openalex.org/W2948952986,2019,0,6,2,1,1,0,0,0,0,0,1,1,0,1.9459101490553132,1.0986122886681098,0.6931471805599453
https://openalex.org/W2995962041,2019,2,4,4,1,1,0,0,0,0,0,1,1,0,1.6094379124341003,1.6094379124341003,0.6931471805599453
https://openalex.org/W3120292615,2019,8,3,0,0,0,0,0,0,0,0,0,0,0,1.3862943611198906,0.0,0.0
https://openalex.org/W2948287656,2019,18,5,1,1,0,0,0,0,0,0,1,1,0,1.791759469228055,0.6931471805599453,0.6931471805599453
https://openalex.org/W3003221340,2019,4,2,1,1,0,0,0,0,0,0,0,0,0,1.0986122886681098,0.6931471805599453,0.6931471805599453
https://openalex.org/W2911528469,2019,22,3,1,1,0,0,0,0,0,0,1,1,1,1.3862943611198906,0.6931471805599453,0.6931471805599453
https://openalex.org/W2966458522,2019,0,5,2,2,1,1,0,0,0,0,1,1,0,1.791759469228055,1.0986122886681098,1.0986122886681098
https://openalex.org/W3165755455,2019,0,1,0,0,0,0,0,0,0,0,0,0,0,0.6931471805599453,0.0,0.0
https://openalex.org/W3006399613,2019,5,4,1,1,0,0,0,0,0,0,0,0,0,1.6094379124341003,0.6931471805599453,0.6931471805599453
https://openalex.org/W2995617969,2019,0,3,0,0,0,0,0,0,0,0,1,0,0,1.3862943611198906,0.0,0.0
https://openalex.org/W2916939662,2019,2,4,2,1,1,0,0,0,0,0,0,0,0,1.6094379124341003,1.0986122886681098,0.6931471805599453
https://openalex.org/W2892988507,2019,0,1,0,0,0,0,0,0,0,0,1,0,0,0.6931471805599453,0.0,0.0
https://openalex.org/W2966115687,2019,39,2,4,4,1,1,0,0,0,1,0,1,1,1.0986122886681098,1.6094379124341003,1.6094379124341003
https://openalex.org/W2991311796,2019,0,2,1,1,0,0,0,0,0,0,0,0,0,1.0986122886681098,0.6931471805599453,0.6931471805599453
https://openalex.org/W2952498299,2019,0,6,0,0,0,0,0,0,0,0,0,1,0,1.9459101490553132,0.0,0.0
https://openalex.org/W3136863189,2019,0,1,0,0,0,0,0,0,0,0,0,0,0,0.6931471805599453,0.0,0.0
https://openalex.org/W3213397036,2019,2,1,0,0,0,0,0,0,0,0,1,0,0,0.6931471805599453,0.0,0.0
https://openalex.org/W2977460224,2019,4,3,0,0,0,0,0,0,0,0,1,1,0,1.3862943611198906,0.0,0.0
https://openalex.org/W3039741372,2019,0,1,1,1,0,0,0,0,0,0,1,1,0,0.6931471805599453,0.6931471805599453,0.6931471805599453
https://openalex.org/W2972262359,2019,78,4,2,2,1,1,0,0,0,0,1,1,1,1.6094379124341003,1.0986122886681098,1.0986122886681098
https://openalex.org/W2988067895,2019,4,5,2,2,1,1,0,0,1,0,0,1,0,1.791759469228055,1.0986122886681098,1.0986122886681098
https://openalex.org/W3005878864,2019,4,6,4,3,1,1,0,0,1,1,0,1,0,1.9459101490553132,1.6094379124341003,1.3862943611198906
https://openalex.org/W2991430839,2019,1,5,5,1,1,0,0,1,0,0,0,1,0,1.791759469228055,1.791759469228055,0.6931471805599453
https://openalex.org/W3163237867,2019,0,2,1,1,0,0,0,0,0,0,0,0,0,1.0986122886681098,0.6931471805599453,0.6931471805599453
https://openalex.org/W2991450801,2019,0,1,0,0,0,0,0,0,0,0,1,1,0,0.6931471805599453,0.0,0.0
https://openalex.org/W2967732829,2019,7,4,2,1,1,0,0,1,0,0,0,0,0,1.6094379124341003,1.0986122886681098,0.6931471805599453
https://openalex.org/W2946881736,2019,0,2,1,1,0,0,0,0,0,0,1,1,0,1.0986122886681098,0.6931471805599453,0.6931471805599453
https://openalex.org/W2937820558,2019,0,2,1,1,0,0,0,0,0,0,0,0,0,1.0986122886681098,0.6931471805599453,0.6931471805599453
https://openalex.org/W3035164053,2019,2,1,1,1,0,0,0,0,0,0,0,0,0,0.6931471805599453,0.6931471805599453,0.6931471805599453
https://openalex.org/W2921710305,2019,11,8,2,1,1,0,0,0,0,1,0,0,0,2.1972245773362196,1.0986122886681098,0.6931471805599453
https://openalex.org/W2964002395,2019,2,5,0,0,0,0,0,0,0,0,0,1,0,1.791759469228055,0.0,0.0
https://openalex.org/W2988788873,2019,4,5,2,1,1,0,0,1,0,0,0,1,0,1.791759469228055,1.0986122886681098,0.6931471805599453
https://openalex.org/W2972827137,2019,0,1,0,0,0,0,0,0,0,0,0,0,0,0.6931471805599453,0.0,0.0
https://openalex.org/W2968340271,2019,2,5,1,0,0,0,0,0,0,0,1,1,0,1.791759469228055,0.6931471805599453,0.0
https://openalex.org/W2974847975,2019,1,3,1,1,0,0,0,0,0,0,1,1,0,1.3862943611198906,0.6931471805599453,0.6931471805599453
https://openalex.org/W2943585732,2019,4,3,1,1,0,0,0,0,0,0,1,1,0,1.3862943611198906,0.6931471805599453,0.6931471805599453
https://openalex.org/W2921404404,2019,9,3,6,1,1,0,0,0,1,0,0,1,0,1.3862943611198906,1.9459101490553132,0.6931471805599453
https://openalex.org/W2972004813,2019,5,1,1,1,0,0,0,0,0,0,1,1,0,0.6931471805599453,0.6931471805599453,0.6931471805599453
https://openalex.org/W2957516728,2019,6,2,1,1,0,0,0,0,0,0,0,1,0,1.0986122886681098,0.6931471805599453,0.6931471805599453
https://openalex.org/W2982837183,2019,1,1,1,1,0,0,0,0,0,0,1,1,0,0.6931471805599453,0.6931471805599453,0.6931471805599453
https://openalex.org/W2921403150,2019,0,2,0,0,0,0,0,0,0,0,0,0,0,1.0986122886681098,0.0,0.0
https://openalex.org/W170849295,2019,5,2,1,1,0,0,0,0,0,1,1,0,0,1.0986122886681098,0.6931471805599453,0.6931471805599453
https://openalex.org/W2966026141,2019,0,1,1,1,0,0,0,0,0,0,1,0,0,0.6931471805599453,0.6931471805599453,0.6931471805599453
https://openalex.org/W2950364989,2019,13,3,2,1,1,0,0,0,0,0,0,1,0,1.3862943611198906,1.0986122886681098,0.6931471805599453
https://openalex.org/W3145259736,2019,0,2,1,1,0,0,0,0,0,0,1,0,0,1.0986122886681098,0.6931471805599453,0.6931471805599453
https://openalex.org/W2994938316,2019,0,1,0,0,0,0,0,0,0,0,1,1,0,0.6931471805599453,0.0,0.0
https://openalex.org/W2963310459,2019,0,1,1,1,0,0,0,0,0,0,1,1,0,0.6931471805599453,0.6931471805599453,0.6931471805599453
https://openalex.org/W2999175286,2019,0,1,0,0,0,0,0,0,0,0,0,1,0,0.6931471805599453,0.0,0.0
https://openalex.org/W2972320236,2019,0,1,0,0,0,0,0,0,0,0,1,1,0,0.6931471805599453,0.0,0.0
https://openalex.org/W2961573348,2019,0,1,2,1,1,0,0,0,0,0,0,0,0,0.6931471805599453,1.0986122886681098,0.6931471805599453
https://openalex.org/W3112306227,2019,0,2,0,0,0,0,0,0,0,0,0,0,0,1.0986122886681098,0.0,0.0
https://openalex.org/W2950450644,2019,0,3,0,0,0,0,0,0,0,0,0,1,0,1.3862943611198906,0.0,0.0
https://openalex.org/W3213455958,2019,0,2,0,0,0,0,0,0,0,0,0,0,0,1.0986122886681098,0.0,0.0
https://openalex.org/W3093552851,2019,0,1,0,0,0,0,0,0,0,0,1,0,0,0.6931471805599453,0.0,0.0
https://openalex.org/W2972358627,2019,0,3,0,0,0,0,0,0,0,0,1,1,0,1.3862943611198906,0.0,0.0
https://openalex.org/W2973053096,2019,22,4,1,1,0,0,0,0,0,0,0,1,1,1.6094379124341003,0.6931471805599453,0.6931471805599453
https://openalex.org/W2981740930,2019,0,8,6,4,1,1,1,0,0,1,1,0,0,2.1972245773362196,1.9459101490553132,1.6094379124341003
https://openalex.org/W3026053833,2019,0,2,0,0,0,0,0,0,0,0,0,0,0,1.0986122886681098,0.0,0.0
https://openalex.org/W2978285551,2019,5,4,3,3,1,1,0,0,0,0,1,1,0,1.6094379124341003,1.3862943611198906,1.3862943611198906
https://openalex.org/W2951886923,2019,11,3,2,1,1,0,0,0,0,0,0,0,0,1.3862943611198906,1.0986122886681098,0.6931471805599453
https://openalex.org/W2967879006,2019,15,3,2,1,1,0,0,0,0,0,0,1,0,1.3862943611198906,1.0986122886681098,0.6931471805599453
https://openalex.org/W2912516517,2019,71,5,2,2,1,1,0,0,0,1,0,1,1,1.791759469228055,1.0986122886681098,1.0986122886681098
https://openalex.org/W2955996978,2019,12,6,2,2,1,1,0,0,0,0,1,1,0,1.9459101490553132,1.0986122886681098,1.0986122886681098
https://openalex.org/W2914871062,2019,54,5,4,2,1,1,0,0,0,0,0,1,1,1.791759469228055,1.6094379124341003,1.0986122886681098
https://openalex.org/W2982491641,2019,1,2,0,0,0,0,0,0,0,0,1,0,0,1.0986122886681098,0.0,0.0
https://openalex.org/W2999411544,2019,12,3,0,0,0,0,0,0,0,0,0,1,0,1.3862943611198906,0.0,0.0
https://openalex.org/W2967457152,2019,6,2,2,1,1,0,0,0,0,0,0,1,0,1.0986122886681098,1.0986122886681098,0.6931471805599453
https://openalex.org/W2921755206,2019,7,1,0,0,0,0,0,0,0,0,0,1,0,0.6931471805599453,0.0,0.0
https://openalex.org/W2964252548,2019,0,3,0,0,0,0,0,0,0,0,0,1,0,1.3862943611198906,0.0,0.0
https://openalex.org/W7132391006,2019,0,2,0,0,0,0,0,0,0,0,0,0,0,1.0986122886681098,0.0,0.0
https://openalex.org/W4364306928,2019,0,91,1,1,0,0,0,0,0,0,1,0,0,4.5217885770490405,0.6931471805599453,0.6931471805599453
https://openalex.org/W3142028570,2019,0,2,0,0,0,0,0,0,0,0,0,0,0,1.0986122886681098,0.0,0.0
https://openalex.org/W7104179676,2019,0,1,0,0,0,0,0,0,0,0,1,1,0,0.6931471805599453,0.0,0.0
https://openalex.org/W2956549962,2019,5,3,2,2,1,1,0,0,0,0,0,1,0,1.3862943611198906,1.0986122886681098,1.0986122886681098
https://openalex.org/W2968693111,2019,0,2,1,1,0,0,0,0,0,1,0,1,0,1.0986122886681098,0.6931471805599453,0.6931471805599453
https://openalex.org/W2967944669,2019,30,3,1,1,0,0,0,0,0,0,1,1,1,1.3862943611198906,0.6931471805599453,0.6931471805599453
https://openalex.org/W4406623081,2019,2,4,0,0,0,0,0,0,0,0,1,1,0,1.6094379124341003,0.0,0.0
https://openalex.org/W3009786537,2019,0,3,0,0,0,0,0,0,0,0,0,1,0,1.3862943611198906,0.0,0.0
https://openalex.org/W2968705844,2019,13,5,1,1,0,0,0,0,0,0,0,0,0,1.791759469228055,0.6931471805599453,0.6931471805599453
https://openalex.org/W2945129007,2019,0,1,0,0,0,0,0,0,0,0,0,1,0,0.6931471805599453,0.0,0.0
https://openalex.org/W2974842395,2019,0,2,1,1,0,0,0,0,0,0,1,1,0,1.0986122886681098,0.6931471805599453,0.6931471805599453
https://openalex.org/W2982409083,2019,0,1,0,0,0,0,0,0,0,0,0,0,0,0.6931471805599453,0.0,0.0
https://openalex.org/W2917044065,2019,2,3,1,1,0,0,0,0,0,1,1,0,0,1.3862943611198906,0.6931471805599453,0.6931471805599453
https://openalex.org/W3176850610,2019,1,3,1,1,0,0,0,0,0,0,1,1,0,1.3862943611198906,0.6931471805599453,0.6931471805599453
https://openalex.org/W3111047250,2019,0,2,0,0,0,0,0,0,0,0,1,1,0,1.0986122886681098,0.0,0.0
https://openalex.org/W2953925413,2019,17,7,0,0,0,0,0,0,0,0,0,0,0,2.0794415416798357,0.0,0.0
https://openalex.org/W2959623483,2019,0,2,1,1,0,0,0,0,0,0,1,1,0,1.0986122886681098,0.6931471805599453,0.6931471805599453
https://openalex.org/W2964456516,2019,0,6,3,2,1,1,0,0,0,1,0,0,0,1.9459101490553132,1.3862943611198906,1.0986122886681098
https://openalex.org/W3085365120,2019,0,2,1,1,0,0,0,0,0,0,1,1,0,1.0986122886681098,0.6931471805599453,0.6931471805599453
https://openalex.org/W3003210870,2019,14,8,6,2,1,1,0,1,1,1,0,0,0,2.1972245773362196,1.9459101490553132,1.0986122886681098
https://openalex.org/W3154353434,2019,0,3,0,0,0,0,0,0,0,0,1,0,0,1.3862943611198906,0.0,0.0
https://openalex.org/W2946555879,2019,4,2,1,1,0,0,0,0,0,0,1,1,0,1.0986122886681098,0.6931471805599453,0.6931471805599453
https://openalex.org/W3192230323,2019,0,3,0,0,0,0,0,0,0,0,0,1,0,1.3862943611198906,0.0,0.0
https://openalex.org/W2998344095,2019,0,5,0,0,0,0,0,0,0,0,0,0,0,1.791759469228055,0.0,0.0
https://openalex.org/W2998643981,2019,1,9,5,2,1,1,1,0,0,1,0,0,0,2.302585092994046,1.791759469228055,1.0986122886681098
https://openalex.org/W3092109040,2019,0,1,0,0,0,0,0,0,0,0,0,1,0,0.6931471805599453,0.0,0.0
https://openalex.org/W2949421491,2019,5,2,1,1,0,0,0,0,0,0,1,1,0,1.0986122886681098,0.6931471805599453,0.6931471805599453
https://openalex.org/W2954080732,2019,9,1,0,0,0,0,0,0,0,0,0,0,0,0.6931471805599453,0.0,0.0
https://openalex.org/W2968145592,2019,0,2,1,1,0,0,0,0,0,0,0,0,0,1.0986122886681098,0.6931471805599453,0.6931471805599453
https://openalex.org/W2996221349,2019,4,4,3,3,1,1,0,0,0,0,0,0,0,1.6094379124341003,1.3862943611198906,1.3862943611198906
https://openalex.org/W2949123531,2019,9,6,5,3,1,1,0,0,0,0,1,1,0,1.9459101490553132,1.791759469228055,1.3862943611198906
https://openalex.org/W3097143551,2019,1,1,1,1,0,0,0,0,0,0,1,1,0,0.6931471805599453,0.6931471805599453,0.6931471805599453
https://openalex.org/W2944187803,2019,0,1,0,0,0,0,0,0,0,0,0,0,0,0.6931471805599453,0.0,0.0
https://openalex.org/W2992979323,2019,0,4,0,0,0,0,0,0,0,0,1,0,0,1.6094379124341003,0.0,0.0
https://openalex.org/W3007916675,2019,5,1,0,0,0,0,0,0,0,0,1,1,0,0.6931471805599453,0.0,0.0
https://openalex.org/W3087829500,2019,0,2,1,1,0,0,0,0,0,0,0,0,0,1.0986122886681098,0.6931471805599453,0.6931471805599453
https://openalex.org/W3172204863,2019,1,6,0,0,0,0,0,0,0,0,1,1,0,1.9459101490553132,0.0,0.0
https://openalex.org/W3214938523,2019,0,3,0,0,0,0,0,0,0,0,1,1,0,1.3862943611198906,0.0,0.0
https://openalex.org/W2959827625,2019,0,2,0,0,0,0,0,0,0,0,1,0,0,1.0986122886681098,0.0,0.0
https://openalex.org/W3011781675,2019,0,1,1,1,0,0,0,0,0,1,0,0,0,0.6931471805599453,0.6931471805599453,0.6931471805599453
https://openalex.org/W3005935262,2019,7,2,2,1,1,0,0,0,0,0,0,0,0,1.0986122886681098,1.0986122886681098,0.6931471805599453
https://openalex.org/W4413546131,2019,0,1,1,1,0,0,0,0,0,0,0,0,0,0.6931471805599453,0.6931471805599453,0.6931471805599453
https://openalex.org/W2923131467,2019,1,4,1,1,0,0,0,0,0,0,0,0,0,1.6094379124341003,0.6931471805599453,0.6931471805599453
https://openalex.org/W3025682230,2019,1,1,1,1,0,0,0,0,0,0,1,0,0,0.6931471805599453,0.6931471805599453,0.6931471805599453
https://openalex.org/W3021332037,2019,8,5,6,2,1,1,0,1,1,0,0,0,0,1.791759469228055,1.9459101490553132,1.0986122886681098
https://openalex.org/W2986928228,2019,10,1,1,1,0,0,0,0,0,0,1,1,0,0.6931471805599453,0.6931471805599453,0.6931471805599453
https://openalex.org/W2970781630,2019,10,2,1,1,0,0,0,0,0,0,0,0,0,1.0986122886681098,0.6931471805599453,0.6931471805599453
https://openalex.org/W3126169228,2019,3,1,1,1,0,0,0,0,0,0,0,0,0,0.6931471805599453,0.6931471805599453,0.6931471805599453
https://openalex.org/W4289020179,2019,0,4,4,2,1,1,0,0,0,0,0,0,0,1.6094379124341003,1.6094379124341003,1.0986122886681098
https://openalex.org/W2916250640,2019,22,4,2,2,1,1,1,0,0,1,0,1,1,1.6094379124341003,1.0986122886681098,1.0986122886681098
https://openalex.org/W2982374669,2019,1,4,1,1,0,0,0,0,0,0,0,0,0,1.6094379124341003,0.6931471805599453,0.6931471805599453
https://openalex.org/W2999420332,2019,0,4,0,0,0,0,0,0,0,0,1,0,0,1.6094379124341003,0.0,0.0
https://openalex.org/W2922047916,2019,1,6,1,1,0,0,0,0,0,0,1,1,0,1.9459101490553132,0.6931471805599453,0.6931471805599453
https://openalex.org/W2985012760,2019,2,3,4,2,1,1,0,0,1,0,0,1,0,1.3862943611198906,1.6094379124341003,1.0986122886681098
https://openalex.org/W4249631816,2019,3,29,3,1,1,0,0,0,0,0,1,1,0,3.4011973816621555,1.3862943611198906,0.6931471805599453
https://openalex.org/W3035864864,2019,0,4,0,0,0,0,0,0,0,0,0,1,0,1.6094379124341003,0.0,0.0
https://openalex.org/W4235137953,2019,0,58,0,0,0,0,0,0,0,0,1,1,0,4.07753744390572,0.0,0.0
https://openalex.org/W2993405051,2019,0,4,2,1,1,0,0,0,0,0,1,0,0,1.6094379124341003,1.0986122886681098,0.6931471805599453
https://openalex.org/W3011635438,2019,2,2,4,1,1,0,0,0,0,0,0,0,0,1.0986122886681098,1.6094379124341003,0.6931471805599453
https://openalex.org/W2932598660,2019,1,2,1,1,0,0,0,0,0,0,1,1,0,1.0986122886681098,0.6931471805599453,0.6931471805599453
https://openalex.org/W2951237334,2019,0,2,0,0,0,0,0,0,0,0,1,0,0,1.0986122886681098,0.0,0.0
https://openalex.org/W2991932127,2019,0,3,1,1,0,0,0,0,0,0,1,1,0,1.3862943611198906,0.6931471805599453,0.6931471805599453
https://openalex.org/W3005476947,2019,1,3,1,1,0,0,0,0,0,0,1,1,0,1.3862943611198906,0.6931471805599453,0.6931471805599453
https://openalex.org/W3045380697,2019,0,2,0,0,0,0,0,0,0,0,1,0,0,1.0986122886681098,0.0,0.0
https://openalex.org/W2993842516,2019,8,3,1,1,0,0,0,0,0,0,0,0,0,1.3862943611198906,0.6931471805599453,0.6931471805599453
https://openalex.org/W2969803711,2019,0,2,1,1,0,0,0,0,0,0,0,0,0,1.0986122886681098,0.6931471805599453,0.6931471805599453
https://openalex.org/W2987054581,2019,0,1,0,0,0,0,0,0,0,0,0,0,0,0.6931471805599453,0.0,0.0
https://openalex.org/W2969060223,2019,0,1,0,0,0,0,0,0,0,0,0,1,0,0.6931471805599453,0.0,0.0
https://openalex.org/W2973249519,2019,0,6,0,0,0,0,0,0,0,0,0,0,0,1.9459101490553132,0.0,0.0
https://openalex.org/W3119509936,2019,2,1,0,0,0,0,0,0,0,0,1,0,0,0.6931471805599453,0.0,0.0
https://openalex.org/W3034916154,2019,3,2,1,1,0,0,0,0,0,0,1,1,0,1.0986122886681098,0.6931471805599453,0.6931471805599453
https://openalex.org/W2949287412,2019,1,2,1,1,0,0,0,0,0,0,1,1,0,1.0986122886681098,0.6931471805599453,0.6931471805599453
https://openalex.org/W2964152580,2019,2,4,2,1,1,0,0,0,0,0,0,1,0,1.6094379124341003,1.0986122886681098,0.6931471805599453
https://openalex.org/W3015781771,2019,2,2,1,1,0,0,0,0,0,0,0,0,0,1.0986122886681098,0.6931471805599453,0.6931471805599453
https://openalex.org/W2949887205,2019,0,6,0,0,0,0,0,0,0,0,0,0,0,1.9459101490553132,0.0,0.0
https://openalex.org/W7145275560,2019,0,2,0,0,0,0,0,0,0,0,1,0,0,1.0986122886681098,0.0,0.0
https://openalex.org/W3126633189,2019,7,1,0,0,0,0,0,0,0,0,1,1,0,0.6931471805599453,0.0,0.0
https://openalex.org/W2966372676,2019,1,2,1,1,0,0,0,0,0,1,1,0,0,1.0986122886681098,0.6931471805599453,0.6931471805599453
https://openalex.org/W2995125287,2019,0,1,1,1,0,0,0,0,0,0,0,1,0,0.6931471805599453,0.6931471805599453,0.6931471805599453
https://openalex.org/W3004144368,2019,8,2,1,1,0,0,0,0,0,0,1,1,0,1.0986122886681098,0.6931471805599453,0.6931471805599453
https://openalex.org/W4254558003,2019,0,2,0,0,0,0,0,0,0,0,1,1,0,1.0986122886681098,0.0,0.0
https://openalex.org/W2952992248,2019,0,2,1,1,0,0,0,0,0,0,0,0,0,1.0986122886681098,0.6931471805599453,0.6931471805599453
https://openalex.org/W2991442100,2019,0,2,0,0,0,0,0,0,0,0,0,0,0,1.0986122886681098,0.0,0.0
https://openalex.org/W3000172858,2019,7,2,2,1,1,0,0,0,0,0,1,1,0,1.0986122886681098,1.0986122886681098,0.6931471805599453
https://openalex.org/W2961206526,2019,34,2,1,1,0,0,0,0,0,0,1,1,1,1.0986122886681098,0.6931471805599453,0.6931471805599453
https://openalex.org/W2964846321,2019,20,3,2,1,1,0,0,0,0,0,0,1,0,1.3862943611198906,1.0986122886681098,0.6931471805599453
https://openalex.org/W2966195232,2019,0,3,1,1,0,0,0,0,0,1,1,0,0,1.3862943611198906,0.6931471805599453,0.6931471805599453
https://openalex.org/W2911986709,2019,21,9,4,2,1,1,0,0,1,0,0,1,0,2.302585092994046,1.6094379124341003,1.0986122886681098
https://openalex.org/W3161354789,2019,0,1,1,1,0,0,0,1,0,1,1,1,0,0.6931471805599453,0.6931471805599453,0.6931471805599453
https://openalex.org/W2959675813,2019,58,6,3,3,1,1,1,0,0,1,0,1,1,1.9459101490553132,1.3862943611198906,1.3862943611198906
https://openalex.org/W2907421153,2019,126,4,6,1,1,0,1,0,1,0,0,1,1,1.6094379124341003,1.9459101490553132,0.6931471805599453
https://openalex.org/W2999823904,2019,0,2,0,0,0,0,0,0,0,0,0,1,0,1.0986122886681098,0.0,0.0
https://openalex.org/W2935711438,2019,117,7,3,2,1,1,1,1,0,1,0,0,1,2.0794415416798357,1.3862943611198906,1.0986122886681098
https://openalex.org/W2942229354,2019,14,8,2,2,1,1,0,0,0,0,0,0,0,2.1972245773362196,1.0986122886681098,1.0986122886681098
https://openalex.org/W2949413855,2019,74,5,1,1,0,0,1,1,0,0,1,0,1,1.791759469228055,0.6931471805599453,0.6931471805599453
https://openalex.org/W2997464255,2019,0,2,0,0,0,0,0,0,0,0,1,1,0,1.0986122886681098,0.0,0.0
https://openalex.org/W3210733657,2019,0,1,0,0,0,0,0,0,0,0,0,0,0,0.6931471805599453,0.0,0.0
https://openalex.org/W4234851926,2019,1,5,1,1,0,0,0,0,0,0,0,0,0,1.791759469228055,0.6931471805599453,0.6931471805599453
https://openalex.org/W2921128110,2019,5,2,0,0,0,0,0,0,0,0,1,1,0,1.0986122886681098,0.0,0.0
https://openalex.org/W3004693210,2019,1,1,1,1,0,0,0,0,0,0,1,1,0,0.6931471805599453,0.6931471805599453,0.6931471805599453
https://openalex.org/W3144577278,2019,1,2,1,1,0,0,0,0,0,0,0,1,0,1.0986122886681098,0.6931471805599453,0.6931471805599453
https://openalex.org/W3006533563,2019,18,2,1,1,0,0,0,0,0,0,0,0,0,1.0986122886681098,0.6931471805599453,0.6931471805599453
https://openalex.org/W2945233838,2019,0,1,0,0,0,0,0,0,0,0,1,0,0,0.6931471805599453,0.0,0.0
https://openalex.org/W2982265764,2019,0,2,2,1,1,0,0,0,1,0,1,1,0,1.0986122886681098,1.0986122886681098,0.6931471805599453
https://openalex.org/W2961908316,2019,0,1,1,1,0,0,0,0,0,0,0,1,0,0.6931471805599453,0.6931471805599453,0.6931471805599453
https://openalex.org/W2968528905,2019,2,4,3,2,1,1,0,0,0,0,1,1,0,1.6094379124341003,1.3862943611198906,1.0986122886681098
https://openalex.org/W3022365488,2019,0,2,2,1,1,0,0,0,1,0,1,1,0,1.0986122886681098,1.0986122886681098,0.6931471805599453
https://openalex.org/W3000203723,2019,0,1,0,0,0,0,0,0,0,0,0,1,0,0.6931471805599453,0.0,0.0
https://openalex.org/W2915327423,2019,18,5,2,1,1,0,0,0,0,0,0,1,0,1.791759469228055,1.0986122886681098,0.6931471805599453
https://openalex.org/W3006284483,2019,0,2,1,1,0,0,0,0,0,0,0,0,0,1.0986122886681098,0.6931471805599453,0.6931471805599453
https://openalex.org/W2932875254,2019,2,4,1,1,0,0,0,0,0,0,1,1,0,1.6094379124341003,0.6931471805599453,0.6931471805599453
https://openalex.org/W2954773838,2019,0,2,0,0,0,0,0,0,0,0,0,0,0,1.0986122886681098,0.0,0.0
https://openalex.org/W2977739744,2019,0,1,0,0,0,0,0,0,0,0,1,1,0,0.6931471805599453,0.0,0.0
https://openalex.org/W3156375945,2019,0,4,0,0,0,0,0,0,0,0,0,0,0,1.6094379124341003,0.0,0.0
https://openalex.org/W2972513562,2019,0,2,1,1,0,0,0,0,0,1,0,0,0,1.0986122886681098,0.6931471805599453,0.6931471805599453
https://openalex.org/W4285788288,2019,0,2,1,1,0,0,0,0,0,0,1,1,0,1.0986122886681098,0.6931471805599453,0.6931471805599453
https://openalex.org/W2980226555,2019,0,2,1,1,0,0,0,0,0,0,1,1,0,1.0986122886681098,0.6931471805599453,0.6931471805599453
https://openalex.org/W3003334841,2019,6,2,1,1,0,0,0,0,0,0,0,0,0,1.0986122886681098,0.6931471805599453,0.6931471805599453
https://openalex.org/W2934675642,2019,1,2,0,0,0,0,0,0,0,0,0,1,0,1.0986122886681098,0.0,0.0
https://openalex.org/W2993241187,2019,2,1,0,0,0,0,0,0,0,0,1,1,0,0.6931471805599453,0.0,0.0
https://openalex.org/W3004428399,2019,2,10,2,1,1,0,1,0,0,0,0,0,0,2.3978952727983707,1.0986122886681098,0.6931471805599453
https://openalex.org/W4239758031,2019,0,3,0,0,0,0,0,0,0,0,1,1,0,1.3862943611198906,0.0,0.0
https://openalex.org/W3005996595,2019,13,3,1,1,0,0,1,0,0,0,0,0,0,1.3862943611198906,0.6931471805599453,0.6931471805599453
https://openalex.org/W2922628866,2019,0,2,0,0,0,0,0,0,0,0,0,0,0,1.0986122886681098,0.0,0.0
https://openalex.org/W2917093473,2019,4,2,3,2,1,1,0,1,0,0,0,1,0,1.0986122886681098,1.3862943611198906,1.0986122886681098
https://openalex.org/W2971306266,2019,0,1,1,1,0,0,0,0,1,1,0,0,0,0.6931471805599453,0.6931471805599453,0.6931471805599453
https://openalex.org/W2947576537,2019,9,2,2,2,1,1,0,0,0,1,1,1,0,1.0986122886681098,1.0986122886681098,1.0986122886681098
https://openalex.org/W4238679540,2019,1,2,0,0,0,0,0,0,0,0,1,1,0,1.0986122886681098,0.0,0.0
https://openalex.org/W4376626213,2019,0,7,4,3,1,1,0,1,0,0,0,0,0,2.0794415416798357,1.6094379124341003,1.3862943611198906
https://openalex.org/W2948624420,2019,1,1,0,0,0,0,0,0,0,0,0,1,0,0.6931471805599453,0.0,0.0
https://openalex.org/W2919350184,2019,178,8,8,4,1,1,0,0,0,1,0,1,1,2.1972245773362196,2.1972245773362196,1.6094379124341003
https://openalex.org/W2947458206,2019,13,1,1,1,0,0,0,0,0,0,0,1,0,0.6931471805599453,0.6931471805599453,0.6931471805599453
https://openalex.org/W2961760053,2019,0,4,1,1,0,0,0,0,0,0,0,1,0,1.6094379124341003,0.6931471805599453,0.6931471805599453
https://openalex.org/W3198012510,2019,0,3,0,0,0,0,0,0,0,0,0,0,0,1.3862943611198906,0.0,0.0
https://openalex.org/W2974996407,2019,0,4,1,1,0,0,0,0,0,0,1,1,0,1.6094379124341003,0.6931471805599453,0.6931471805599453
https://openalex.org/W2967733054,2019,1293,10,4,2,1,1,1,1,0,1,0,0,1,2.3978952727983707,1.6094379124341003,1.0986122886681098
https://openalex.org/W2996083077,2019,0,2,0,0,0,0,0,0,0,0,0,0,0,1.0986122886681098,0.0,0.0
https://openalex.org/W2984716229,2019,56,12,2,2,1,1,0,0,0,1,0,1,1,2.5649493574615367,1.0986122886681098,1.0986122886681098
https://openalex.org/W2939661377,2019,6,6,3,1,1,0,0,0,0,0,0,0,0,1.9459101490553132,1.3862943611198906,0.6931471805599453
https://openalex.org/W3005465314,2019,18,2,1,1,0,0,0,0,0,0,0,0,0,1.0986122886681098,0.6931471805599453,0.6931471805599453
https://openalex.org/W2947154194,2019,4,3,2,1,1,0,0,1,0,0,0,0,0,1.3862943611198906,1.0986122886681098,0.6931471805599453
https://openalex.org/W2960917751,2019,0,1,1,1,0,0,0,0,0,0,0,0,0,0.6931471805599453,0.6931471805599453,0.6931471805599453
https://openalex.org/W2998488280,2019,0,2,1,1,0,0,0,0,0,0,1,1,0,1.0986122886681098,0.6931471805599453,0.6931471805599453
https://openalex.org/W3009542936,2019,1,1,1,1,0,0,0,0,0,0,0,1,0,0.6931471805599453,0.6931471805599453,0.6931471805599453
https://openalex.org/W2972296624,2019,3,2,0,0,0,0,0,0,0,0,1,1,0,1.0986122886681098,0.0,0.0
https://openalex.org/W2980730995,2019,3,3,1,1,0,0,0,0,0,0,0,0,0,1.3862943611198906,0.6931471805599453,0.6931471805599453
https://openalex.org/W2978582059,2019,0,3,0,0,0,0,0,0,0,0,1,1,0,1.3862943611198906,0.0,0.0
https://openalex.org/W2962511733,2019,36,5,1,1,0,0,0,0,0,0,0,1,1,1.791759469228055,0.6931471805599453,0.6931471805599453
https://openalex.org/W2884078301,2019,5,5,3,1,1,0,0,0,0,0,0,0,0,1.791759469228055,1.3862943611198906,0.6931471805599453
https://openalex.org/W3032223794,2019,2,2,2,1,1,0,0,0,0,0,0,1,0,1.0986122886681098,1.0986122886681098,0.6931471805599453
https://openalex.org/W2996152665,2019,2,2,1,1,0,0,0,0,0,0,0,0,0,1.0986122886681098,0.6931471805599453,0.6931471805599453
https://openalex.org/W2924907057,2019,33,7,4,1,1,0,0,1,1,0,0,1,1,2.0794415416798357,1.6094379124341003,0.6931471805599453
https://openalex.org/W2948817530,2019,1,1,0,0,0,0,0,0,0,0,1,1,0,0.6931471805599453,0.0,0.0
https://openalex.org/W3006203899,2019,1,2,3,2,1,1,0,0,0,0,1,1,0,1.0986122886681098,1.3862943611198906,1.0986122886681098
https://openalex.org/W2980400095,2019,80,2,2,2,1,1,0,0,0,0,0,1,1,1.0986122886681098,1.0986122886681098,1.0986122886681098
https://openalex.org/W2997064859,2019,2,5,1,1,0,0,0,0,0,0,0,0,0,1.791759469228055,0.6931471805599453,0.6931471805599453
https://openalex.org/W3001754638,2019,0,2,0,0,0,0,0,0,0,0,0,1,0,1.0986122886681098,0.0,0.0
https://openalex.org/W2912210447,2019,8,2,1,1,0,0,0,0,0,0,0,1,0,1.0986122886681098,0.6931471805599453,0.6931471805599453
https://openalex.org/W2952644787,2019,0,1,0,0,0,0,0,0,0,0,1,0,0,0.6931471805599453,0.0,0.0
https://openalex.org/W2952617256,2019,0,1,0,0,0,0,0,0,0,0,0,0,0,0.6931471805599453,0.0,0.0
https://openalex.org/W2970375523,2019,0,1,0,0,0,0,0,0,0,0,0,0,0,0.6931471805599453,0.0,0.0
https://openalex.org/W2982308092,2019,1,1,0,0,0,0,0,0,0,0,1,1,0,0.6931471805599453,0.0,0.0
https://openalex.org/W2996919757,2019,80,4,0,0,0,0,0,0,0,0,0,0,1,1.6094379124341003,0.0,0.0
https://openalex.org/W2941613844,2019,0,2,0,0,0,0,0,0,0,0,1,1,0,1.0986122886681098,0.0,0.0
https://openalex.org/W2946262329,2019,3,5,1,1,0,0,0,1,0,0,0,0,0,1.791759469228055,0.6931471805599453,0.6931471805599453
https://openalex.org/W3011393260,2019,1,5,1,1,0,0,0,0,0,0,1,1,0,1.791759469228055,0.6931471805599453,0.6931471805599453
https://openalex.org/W2944528797,2019,4,2,2,2,1,1,1,0,0,0,0,1,0,1.0986122886681098,1.0986122886681098,1.0986122886681098
https://openalex.org/W2943264733,2019,0,1,0,0,0,0,0,0,0,0,0,0,0,0.6931471805599453,0.0,0.0
https://openalex.org/W2999997260,2019,5,1,1,1,0,0,0,1,0,1,1,1,0,0.6931471805599453,0.6931471805599453,0.6931471805599453
https://openalex.org/W2969725775,2019,18,3,1,1,0,0,0,0,0,0,0,0,0,1.3862943611198906,0.6931471805599453,0.6931471805599453
https://openalex.org/W2953378651,2019,9,3,1,1,0,0,0,0,0,0,0,1,0,1.3862943611198906,0.6931471805599453,0.6931471805599453
https://openalex.org/W2990783216,2019,0,4,1,1,0,0,0,0,0,0,0,0,0,1.6094379124341003,0.6931471805599453,0.6931471805599453
https://openalex.org/W2982708798,2019,0,6,1,1,0,0,0,0,0,0,0,0,0,1.9459101490553132,0.6931471805599453,0.6931471805599453
https://openalex.org/W2964168150,2019,2,4,0,0,0,0,0,0,0,0,0,0,0,1.6094379124341003,0.0,0.0
https://openalex.org/W4400399772,2019,0,1,1,1,0,0,0,0,0,0,0,0,0,0.6931471805599453,0.6931471805599453,0.6931471805599453
https://openalex.org/W2949618391,2019,0,1,0,0,0,0,0,0,0,0,0,0,0,0.6931471805599453,0.0,0.0
https://openalex.org/W2990036783,2019,4,4,2,1,1,0,0,0,0,0,1,1,0,1.6094379124341003,1.0986122886681098,0.6931471805599453
https://openalex.org/W2949416981,2019,8,2,2,1,1,0,0,0,0,0,0,1,0,1.0986122886681098,1.0986122886681098,0.6931471805599453
https://openalex.org/W2946704880,2019,2,4,2,1,1,0,0,0,0,1,0,0,0,1.6094379124341003,1.0986122886681098,0.6931471805599453
https://openalex.org/W3007018626,2019,0,3,3,1,1,0,0,0,0,0,1,1,0,1.3862943611198906,1.3862943611198906,0.6931471805599453
https://openalex.org/W2963158576,2019,94,2,2,1,1,0,0,0,0,1,1,0,1,1.0986122886681098,1.0986122886681098,0.6931471805599453
https://openalex.org/W2982808469,2019,1,2,2,1,1,0,0,0,0,0,1,1,0,1.0986122886681098,1.0986122886681098,0.6931471805599453
https://openalex.org/W2965211426,2019,0,1,0,0,0,0,0,0,0,0,0,1,0,0.6931471805599453,0.0,0.0
https://openalex.org/W4323902685,2019,3,1,0,0,0,0,0,0,0,0,1,1,0,0.6931471805599453,0.0,0.0
https://openalex.org/W7108999820,2019,0,1,0,0,0,0,0,0,0,0,1,1,0,0.6931471805599453,0.0,0.0
https://openalex.org/W3022589492,2019,3,2,1,1,0,0,0,0,0,0,0,0,0,1.0986122886681098,0.6931471805599453,0.6931471805599453
https://openalex.org/W2985605853,2019,0,1,0,0,0,0,0,0,0,0,1,1,0,0.6931471805599453,0.0,0.0
https://openalex.org/W2974450755,2019,0,3,1,1,0,0,0,0,0,0,1,1,0,1.3862943611198906,0.6931471805599453,0.6931471805599453
https://openalex.org/W3010311445,2019,0,2,0,0,0,0,0,0,0,0,0,1,0,1.0986122886681098,0.0,0.0
https://openalex.org/W2984942290,2019,0,1,0,0,0,0,0,0,0,0,1,1,0,0.6931471805599453,0.0,0.0
https://openalex.org/W2980870683,2019,1,2,1,1,0,0,0,0,0,0,0,0,0,1.0986122886681098,0.6931471805599453,0.6931471805599453
https://openalex.org/W2943324793,2019,4,3,0,0,0,0,0,0,0,0,0,1,0,1.3862943611198906,0.0,0.0
https://openalex.org/W3013102502,2019,0,2,1,1,0,0,0,0,0,0,1,1,0,1.0986122886681098,0.6931471805599453,0.6931471805599453
https://openalex.org/W2965549955,2019,0,2,0,0,0,0,0,0,0,0,1,1,0,1.0986122886681098,0.0,0.0
https://openalex.org/W2967601089,2019,2,6,2,2,1,1,0,0,0,1,0,1,0,1.9459101490553132,1.0986122886681098,1.0986122886681098
https://openalex.org/W2931930855,2019,3,2,0,0,0,0,0,0,0,0,1,0,0,1.0986122886681098,0.0,0.0
https://openalex.org/W2918236606,2019,5,4,2,1,1,0,1,0,0,1,1,1,0,1.6094379124341003,1.0986122886681098,0.6931471805599453
https://openalex.org/W2975373171,2019,2,1,0,0,0,0,0,0,0,0,0,0,0,0.6931471805599453,0.0,0.0
https://openalex.org/W2946047442,2019,0,1,0,0,0,0,0,0,0,0,1,1,0,0.6931471805599453,0.0,0.0
https://openalex.org/W2925561801,2019,5,3,2,2,1,1,1,0,0,1,1,1,0,1.3862943611198906,1.0986122886681098,1.0986122886681098
https://openalex.org/W3159706243,2019,0,3,0,0,0,0,0,0,0,0,0,1,0,1.3862943611198906,0.0,0.0
https://openalex.org/W2978762698,2019,16,5,2,1,1,0,0,1,0,0,0,1,0,1.791759469228055,1.0986122886681098,0.6931471805599453
https://openalex.org/W2972393260,2019,62,3,1,1,0,0,0,0,0,0,0,1,1,1.3862943611198906,0.6931471805599453,0.6931471805599453
https://openalex.org/W3197046339,2019,2,2,1,1,0,0,0,0,0,0,0,0,0,1.0986122886681098,0.6931471805599453,0.6931471805599453
https://openalex.org/W2979990093,2019,0,2,0,0,0,0,0,0,0,0,0,0,0,1.0986122886681098,0.0,0.0
https://openalex.org/W2937881714,2019,1,1,0,0,0,0,0,0,0,0,0,0,0,0.6931471805599453,0.0,0.0
https://openalex.org/W2913952785,2019,5,3,1,1,0,0,0,0,0,0,1,1,0,1.3862943611198906,0.6931471805599453,0.6931471805599453
https://openalex.org/W3033456862,2019,0,2,1,1,0,0,0,0,0,0,0,0,0,1.0986122886681098,0.6931471805599453,0.6931471805599453
https://openalex.org/W3013755267,2019,0,10,0,0,0,0,0,0,0,0,0,1,0,2.3978952727983707,0.0,0.0
https://openalex.org/W2922134287,2019,3,4,6,2,1,1,0,0,0,0,0,1,0,1.6094379124341003,1.9459101490553132,1.0986122886681098
https://openalex.org/W3135945713,2019,1,4,0,0,0,0,0,0,0,0,0,0,0,1.6094379124341003,0.0,0.0
https://openalex.org/W2979671082,2019,1,5,1,1,0,0,0,0,0,0,0,0,0,1.791759469228055,0.6931471805599453,0.6931471805599453
https://openalex.org/W3116977944,2019,2,3,1,1,0,0,0,0,0,0,1,1,0,1.3862943611198906,0.6931471805599453,0.6931471805599453
https://openalex.org/W2993833008,2019,20,5,1,1,0,0,0,0,1,0,1,1,0,1.791759469228055,0.6931471805599453,0.6931471805599453
https://openalex.org/W2915826670,2019,16,2,1,1,0,0,1,0,0,0,0,1,0,1.0986122886681098,0.6931471805599453,0.6931471805599453
https://openalex.org/W2953709460,2019,6,3,3,2,1,1,0,1,0,1,1,1,0,1.3862943611198906,1.3862943611198906,1.0986122886681098
https://openalex.org/W2945005993,2019,0,2,0,0,0,0,0,0,0,0,0,1,0,1.0986122886681098,0.0,0.0
https://openalex.org/W2969309908,2019,0,5,1,1,0,0,0,0,0,0,1,1,0,1.791759469228055,0.6931471805599453,0.6931471805599453
https://openalex.org/W4245040107,2019,0,43,0,0,0,0,0,0,0,0,1,1,0,3.784189633918261,0.0,0.0
https://openalex.org/W2940809442,2019,11,2,0,0,0,0,0,0,0,0,1,1,0,1.0986122886681098,0.0,0.0
https://openalex.org/W3124739865,2019,0,1,0,0,0,0,0,0,0,0,1,0,0,0.6931471805599453,0.0,0.0
https://openalex.org/W2903852246,2019,112,6,3,2,1,1,1,1,0,1,1,0,1,1.9459101490553132,1.3862943611198906,1.0986122886681098
https://openalex.org/W2990723481,2019,1,3,0,0,0,0,0,0,0,0,0,1,0,1.3862943611198906,0.0,0.0
https://openalex.org/W3026301730,2019,0,3,0,0,0,0,0,0,0,0,0,0,0,1.3862943611198906,0.0,0.0
https://openalex.org/W2951001719,2019,68,4,2,2,1,1,1,1,0,1,1,0,1,1.6094379124341003,1.0986122886681098,1.0986122886681098
https://openalex.org/W2946931312,2019,7,3,1,1,0,0,0,0,0,0,0,0,0,1.3862943611198906,0.6931471805599453,0.6931471805599453
https://openalex.org/W3012217783,2019,0,1,0,0,0,0,0,0,0,0,0,0,0,0.6931471805599453,0.0,0.0
https://openalex.org/W2969099900,2019,2,2,0,0,0,0,0,0,0,0,1,1,0,1.0986122886681098,0.0,0.0
https://openalex.org/W3000676611,2019,6,4,1,1,0,0,0,0,0,0,0,0,0,1.6094379124341003,0.6931471805599453,0.6931471805599453
https://openalex.org/W3197597187,2019,0,2,0,0,0,0,0,0,0,0,0,0,0,1.0986122886681098,0.0,0.0
https://openalex.org/W2917412613,2019,1,5,0,0,0,0,0,0,0,0,0,1,0,1.791759469228055,0.0,0.0
https://openalex.org/W4229654085,2019,0,3,6,1,1,0,0,1,1,0,1,0,0,1.3862943611198906,1.9459101490553132,0.6931471805599453
https://openalex.org/W2994754244,2019,3,2,1,1,0,0,0,0,0,0,0,1,0,1.0986122886681098,0.6931471805599453,0.6931471805599453
https://openalex.org/W3088821853,2019,1,1,1,1,0,0,0,0,0,0,1,1,0,0.6931471805599453,0.6931471805599453,0.6931471805599453
https://openalex.org/W2941903628,2019,0,3,1,1,0,0,0,0,0,0,1,1,0,1.3862943611198906,0.6931471805599453,0.6931471805599453
https://openalex.org/W3185080629,2019,0,2,0,0,0,0,0,0,0,0,0,1,0,1.0986122886681098,0.0,0.0
https://openalex.org/W2964494787,2019,23,6,2,1,1,0,0,0,0,0,0,0,1,1.9459101490553132,1.0986122886681098,0.6931471805599453
https://openalex.org/W2989961226,2019,0,7,0,0,0,0,0,0,0,0,0,1,0,2.0794415416798357,0.0,0.0
https://openalex.org/W2971195368,2019,4,3,1,1,0,0,0,0,0,0,1,1,0,1.3862943611198906,0.6931471805599453,0.6931471805599453
https://openalex.org/W2918316070,2019,76,4,1,1,0,0,0,0,0,0,1,1,1,1.6094379124341003,0.6931471805599453,0.6931471805599453
https://openalex.org/W3004648556,2019,0,5,3,1,1,0,0,1,0,0,0,0,0,1.791759469228055,1.3862943611198906,0.6931471805599453
https://openalex.org/W4235318485,2019,0,1,1,1,0,0,0,0,0,0,1,1,0,0.6931471805599453,0.6931471805599453,0.6931471805599453
https://openalex.org/W3032687559,2019,0,1,0,0,0,0,0,0,0,0,0,0,0,0.6931471805599453,0.0,0.0
https://openalex.org/W2995444589,2019,0,2,0,0,0,0,0,0,0,0,1,1,0,1.0986122886681098,0.0,0.0
https://openalex.org/W2947445559,2019,0,4,0,0,0,0,0,0,0,0,1,1,0,1.6094379124341003,0.0,0.0
https://openalex.org/W3093188943,2019,0,1,0,0,0,0,0,0,0,0,0,0,0,0.6931471805599453,0.0,0.0
https://openalex.org/W2916919294,2019,92,5,1,1,0,0,0,0,0,0,0,1,1,1.791759469228055,0.6931471805599453,0.6931471805599453
https://openalex.org/W3184395157,2019,3,3,0,0,0,0,0,0,0,0,1,1,0,1.3862943611198906,0.0,0.0
https://openalex.org/W3011946875,2019,3,2,2,2,1,1,0,0,0,0,0,0,0,1.0986122886681098,1.0986122886681098,1.0986122886681098
https://openalex.org/W7135654798,2019,0,5,0,0,0,0,0,0,0,0,0,0,0,1.791759469228055,0.0,0.0
https://openalex.org/W3004005574,2019,1,2,1,1,0,0,0,0,0,0,1,1,0,1.0986122886681098,0.6931471805599453,0.6931471805599453
https://openalex.org/W2981972935,2019,4,2,1,0,0,0,0,0,0,0,1,1,0,1.0986122886681098,0.6931471805599453,0.0
https://openalex.org/W3009719943,2019,1,3,2,1,1,0,1,0,0,1,0,0,0,1.3862943611198906,1.0986122886681098,0.6931471805599453
https://openalex.org/W2953810481,2019,22,5,0,0,0,0,0,0,0,0,0,1,1,1.791759469228055,0.0,0.0
https://openalex.org/W2984637064,2019,0,2,1,1,0,0,0,0,0,0,1,1,0,1.0986122886681098,0.6931471805599453,0.6931471805599453
https://openalex.org/W2990018050,2019,1,2,1,1,0,0,0,0,0,0,0,0,0,1.0986122886681098,0.6931471805599453,0.6931471805599453
https://openalex.org/W7145935768,2019,0,2,0,0,0,0,0,0,0,0,0,0,0,1.0986122886681098,0.0,0.0
https://openalex.org/W3006289248,2019,7,3,1,1,0,0,0,0,0,0,0,0,0,1.3862943611198906,0.6931471805599453,0.6931471805599453
https://openalex.org/W2955431250,2019,0,1,0,0,0,0,0,0,0,0,1,1,0,0.6931471805599453,0.0,0.0
https://openalex.org/W4389440902,2019,0,7,2,1,1,0,0,0,0,1,0,1,0,2.0794415416798357,1.0986122886681098,0.6931471805599453
https://openalex.org/W2975170425,2019,0,1,1,1,0,0,0,0,0,0,0,1,0,0.6931471805599453,0.6931471805599453,0.6931471805599453
https://openalex.org/W2964949066,2019,61,2,1,1,0,0,0,0,0,1,1,1,1,1.0986122886681098,0.6931471805599453,0.6931471805599453
https://openalex.org/W3034365539,2019,0,1,0,0,0,0,0,0,0,0,0,0,0,0.6931471805599453,0.0,0.0
https://openalex.org/W3013038669,2019,0,4,0,0,0,0,0,0,0,0,0,1,0,1.6094379124341003,0.0,0.0
https://openalex.org/W2992301373,2019,21,6,1,1,0,0,0,0,0,0,1,1,0,1.9459101490553132,0.6931471805599453,0.6931471805599453
https://openalex.org/W2965757127,2019,2,6,1,1,0,0,0,0,0,0,0,0,0,1.9459101490553132,0.6931471805599453,0.6931471805599453
https://openalex.org/W3002199320,2019,10,2,2,1,1,0,1,0,0,1,0,0,0,1.0986122886681098,1.0986122886681098,0.6931471805599453
https://openalex.org/W2982055638,2019,0,3,1,1,0,0,0,0,0,0,0,0,0,1.3862943611198906,0.6931471805599453,0.6931471805599453
https://openalex.org/W2951026571,2019,0,1,0,0,0,0,0,0,0,0,0,1,0,0.6931471805599453,0.0,0.0
https://openalex.org/W2986876373,2019,9,4,1,1,0,0,0,0,0,0,0,0,0,1.6094379124341003,0.6931471805599453,0.6931471805599453
https://openalex.org/W7118171686,2019,0,1,0,0,0,0,0,0,0,0,1,0,0,0.6931471805599453,0.0,0.0
https://openalex.org/W2979290631,2019,4,4,3,1,1,0,0,0,0,0,1,1,0,1.6094379124341003,1.3862943611198906,0.6931471805599453
https://openalex.org/W4211195851,2019,0,3,0,0,0,0,0,0,0,0,0,0,0,1.3862943611198906,0.0,0.0
https://openalex.org/W2769794532,2019,43,3,3,3,1,1,0,0,0,0,1,1,1,1.3862943611198906,1.3862943611198906,1.3862943611198906
https://openalex.org/W3041369351,2019,0,1,0,0,0,0,0,0,0,0,1,1,0,0.6931471805599453,0.0,0.0
https://openalex.org/W2957455531,2019,0,8,0,0,0,0,0,0,0,0,1,0,0,2.1972245773362196,0.0,0.0
https://openalex.org/W2971541268,2019,0,1,0,0,0,0,0,0,0,0,0,0,0,0.6931471805599453,0.0,0.0
https://openalex.org/W2966112207,2019,7,2,1,1,0,0,0,0,0,0,0,1,0,1.0986122886681098,0.6931471805599453,0.6931471805599453
https://openalex.org/W2968617886,2019,0,6,4,2,1,1,0,0,1,0,0,1,0,1.9459101490553132,1.6094379124341003,1.0986122886681098
https://openalex.org/W3015011824,2019,0,3,0,0,0,0,0,0,0,0,1,1,0,1.3862943611198906,0.0,0.0
https://openalex.org/W2921095985,2019,0,3,0,0,0,0,0,0,0,0,1,1,0,1.3862943611198906,0.0,0.0
https://openalex.org/W2983850436,2019,0,2,0,0,0,0,0,0,0,0,1,1,0,1.0986122886681098,0.0,0.0
https://openalex.org/W3185206593,2019,2,3,0,0,0,0,0,0,0,0,0,0,0,1.3862943611198906,0.0,0.0
https://openalex.org/W3012335124,2019,6,3,3,1,1,0,0,1,0,0,0,0,0,1.3862943611198906,1.3862943611198906,0.6931471805599453
https://openalex.org/W4288021923,2019,0,5,2,1,1,0,0,0,1,0,1,0,0,1.791759469228055,1.0986122886681098,0.6931471805599453
https://openalex.org/W2937470892,2019,4,2,2,1,1,0,0,0,0,0,1,1,0,1.0986122886681098,1.0986122886681098,0.6931471805599453
https://openalex.org/W3005588957,2019,3,5,1,1,0,0,0,0,0,0,0,0,0,1.791759469228055,0.6931471805599453,0.6931471805599453
https://openalex.org/W2992418526,2019,0,3,1,1,0,0,0,0,0,0,1,1,0,1.3862943611198906,0.6931471805599453,0.6931471805599453
https://openalex.org/W2965470253,2019,1,1,0,0,0,0,0,0,0,0,0,1,0,0.6931471805599453,0.0,0.0
https://openalex.org/W3041829875,2019,0,1,0,0,0,0,0,0,0,0,0,0,0,0.6931471805599453,0.0,0.0
https://openalex.org/W2946808246,2019,23,3,1,1,0,0,0,0,0,0,0,1,1,1.3862943611198906,0.6931471805599453,0.6931471805599453
https://openalex.org/W2972877891,2019,0,2,0,0,0,0,0,0,0,0,1,1,0,1.0986122886681098,0.0,0.0
https://openalex.org/W2997257798,2019,0,2,1,1,0,0,0,0,0,0,1,1,0,1.0986122886681098,0.6931471805599453,0.6931471805599453
https://openalex.org/W3010903955,2019,22,4,2,1,1,0,0,0,0,0,0,0,1,1.6094379124341003,1.0986122886681098,0.6931471805599453
https://openalex.org/W2998326069,2019,0,4,2,1,1,0,0,0,0,0,1,1,0,1.6094379124341003,1.0986122886681098,0.6931471805599453
https://openalex.org/W2900269667,2019,15,3,2,1,1,0,0,0,0,0,0,1,0,1.3862943611198906,1.0986122886681098,0.6931471805599453
https://openalex.org/W3133190143,2019,0,3,0,0,0,0,0,0,0,0,1,1,0,1.3862943611198906,0.0,0.0
https://openalex.org/W2999599650,2019,0,3,4,1,1,0,0,0,1,0,0,1,0,1.3862943611198906,1.6094379124341003,0.6931471805599453
https://openalex.org/W2951915407,2019,1,2,1,1,0,0,0,0,0,0,0,1,0,1.0986122886681098,0.6931471805599453,0.6931471805599453
https://openalex.org/W2947669855,2019,6,1,3,2,1,1,0,0,0,0,1,1,0,0.6931471805599453,1.3862943611198906,1.0986122886681098
https://openalex.org/W3006270774,2019,2,4,0,0,0,0,0,0,0,0,1,1,0,1.6094379124341003,0.0,0.0
https://openalex.org/W3094341078,2019,2,6,2,1,1,0,0,0,0,0,0,0,0,1.9459101490553132,1.0986122886681098,0.6931471805599453
https://openalex.org/W2967073395,2019,0,1,0,0,0,0,0,0,0,0,1,1,0,0.6931471805599453,0.0,0.0
https://openalex.org/W3111248718,2019,0,1,0,0,0,0,0,0,0,0,0,1,0,0.6931471805599453,0.0,0.0
https://openalex.org/W3176405817,2019,0,1,0,0,0,0,0,0,0,0,0,1,0,0.6931471805599453,0.0,0.0
https://openalex.org/W2910325270,2019,7,1,1,1,0,0,0,0,0,1,1,1,0,0.6931471805599453,0.6931471805599453,0.6931471805599453
https://openalex.org/W4242577902,2019,3,4,4,1,1,0,0,0,0,0,0,1,0,1.6094379124341003,1.6094379124341003,0.6931471805599453
https://openalex.org/W7115080197,2019,0,1,0,0,0,0,0,0,0,0,0,1,0,0.6931471805599453,0.0,0.0
https://openalex.org/W3010209308,2019,0,3,1,1,0,0,0,0,0,0,0,0,0,1.3862943611198906,0.6931471805599453,0.6931471805599453
https://openalex.org/W2950638029,2019,1,3,1,1,0,0,0,0,0,0,0,1,0,1.3862943611198906,0.6931471805599453,0.6931471805599453
https://openalex.org/W2986566619,2019,0,4,0,0,0,0,0,0,0,0,0,0,0,1.6094379124341003,0.0,0.0
https://openalex.org/W2999779009,2019,0,1,1,1,0,0,0,0,0,0,1,1,0,0.6931471805599453,0.6931471805599453,0.6931471805599453
https://openalex.org/W3016501676,2019,0,1,0,0,0,0,0,0,0,0,1,0,0,0.6931471805599453,0.0,0.0
https://openalex.org/W2991056644,2019,0,1,1,1,0,0,0,0,0,0,0,1,0,0.6931471805599453,0.6931471805599453,0.6931471805599453
https://openalex.org/W3035450225,2019,0,1,0,0,0,0,0,0,0,0,0,1,0,0.6931471805599453,0.0,0.0
https://openalex.org/W2991147987,2019,2,3,0,0,0,0,0,0,0,0,1,0,0,1.3862943611198906,0.0,0.0
https://openalex.org/W2991752417,2019,1,2,1,1,0,0,0,0,0,0,1,1,0,1.0986122886681098,0.6931471805599453,0.6931471805599453
https://openalex.org/W2624796298,2019,0,1,0,0,0,0,0,0,0,0,0,0,0,0.6931471805599453,0.0,0.0
https://openalex.org/W3158185158,2019,0,1,0,0,0,0,0,0,0,0,0,1,0,0.6931471805599453,0.0,0.0
https://openalex.org/W2939558724,2019,2,1,0,0,0,0,0,0,0,0,1,1,0,0.6931471805599453,0.0,0.0
https://openalex.org/W2954570237,2019,0,4,2,1,1,0,0,0,0,0,1,0,0,1.6094379124341003,1.0986122886681098,0.6931471805599453
https://openalex.org/W2958035139,2019,2,4,1,1,0,0,0,0,0,0,0,0,0,1.6094379124341003,0.6931471805599453,0.6931471805599453
https://openalex.org/W3041237025,2019,25,3,1,1,0,0,0,0,0,0,1,1,1,1.3862943611198906,0.6931471805599453,0.6931471805599453
https://openalex.org/W2955762771,2019,0,2,2,1,1,0,0,0,0,0,0,1,0,1.0986122886681098,1.0986122886681098,0.6931471805599453
https://openalex.org/W2944692660,2019,5,1,1,1,0,0,0,0,0,0,1,1,0,0.6931471805599453,0.6931471805599453,0.6931471805599453
https://openalex.org/W3014807704,2019,0,1,0,0,0,0,0,0,0,0,0,0,0,0.6931471805599453,0.0,0.0
https://openalex.org/W2979611370,2019,0,3,0,0,0,0,0,0,0,0,1,1,0,1.3862943611198906,0.0,0.0
https://openalex.org/W4205583515,2019,1,3,0,0,0,0,0,0,0,0,1,1,0,1.3862943611198906,0.0,0.0
https://openalex.org/W2964434995,2019,1,1,0,0,0,0,0,0,0,0,0,1,0,0.6931471805599453,0.0,0.0
https://openalex.org/W2945848547,2019,1,2,1,1,0,0,0,0,0,0,0,1,0,1.0986122886681098,0.6931471805599453,0.6931471805599453
https://openalex.org/W2977822667,2019,1,2,1,1,0,0,0,0,0,1,0,1,0,1.0986122886681098,0.6931471805599453,0.6931471805599453
https://openalex.org/W2962876126,2019,1,1,1,1,0,0,0,0,0,0,1,1,0,0.6931471805599453,0.6931471805599453,0.6931471805599453
https://openalex.org/W2978445663,2019,9,3,2,2,1,1,0,0,1,0,1,1,0,1.3862943611198906,1.0986122886681098,1.0986122886681098
https://openalex.org/W3014141310,2019,1,3,0,0,0,0,0,0,0,0,0,1,0,1.3862943611198906,0.0,0.0
https://openalex.org/W2923891686,2019,7,5,8,4,1,1,1,0,0,1,1,1,0,1.791759469228055,2.1972245773362196,1.6094379124341003
https://openalex.org/W2913709326,2019,1,6,2,1,1,0,0,1,0,0,0,0,0,1.9459101490553132,1.0986122886681098,0.6931471805599453
https://openalex.org/W3003830699,2019,0,2,0,0,0,0,0,0,0,0,0,0,0,1.0986122886681098,0.0,0.0
https://openalex.org/W2971603304,2019,7,11,2,1,1,0,0,0,0,0,0,0,0,2.4849066497880004,1.0986122886681098,0.6931471805599453
https://openalex.org/W2950418012,2019,0,5,1,1,0,0,0,0,0,0,1,1,0,1.791759469228055,0.6931471805599453,0.6931471805599453
https://openalex.org/W2977866127,2019,11,5,2,2,1,1,0,0,0,0,1,1,0,1.791759469228055,1.0986122886681098,1.0986122886681098
https://openalex.org/W4237027305,2019,0,27,0,0,0,0,0,0,0,0,1,0,0,3.332204510175204,0.0,0.0
https://openalex.org/W2997178271,2019,1,2,0,0,0,0,0,0,0,0,1,0,0,1.0986122886681098,0.0,0.0
https://openalex.org/W2944249030,2019,0,6,4,1,1,0,0,1,0,0,0,0,0,1.9459101490553132,1.6094379124341003,0.6931471805599453
https://openalex.org/W3016715539,2019,0,4,0,0,0,0,0,0,0,0,0,0,0,1.6094379124341003,0.0,0.0
https://openalex.org/W3154222049,2019,3,3,0,0,0,0,0,0,0,0,0,0,0,1.3862943611198906,0.0,0.0
https://openalex.org/W2964474231,2019,22,3,5,2,1,1,0,0,0,0,0,1,1,1.3862943611198906,1.791759469228055,1.0986122886681098
https://openalex.org/W2924748587,2019,0,1,1,1,0,0,0,0,1,0,0,1,0,0.6931471805599453,0.6931471805599453,0.6931471805599453
https://openalex.org/W2950703908,2019,10,3,2,1,1,0,0,0,0,0,0,1,0,1.3862943611198906,1.0986122886681098,0.6931471805599453
https://openalex.org/W3178939679,2019,0,11,0,0,0,0,0,0,0,0,0,0,0,2.4849066497880004,0.0,0.0
https://openalex.org/W2970974800,2019,97,8,2,2,1,1,0,0,0,0,1,1,1,2.1972245773362196,1.0986122886681098,1.0986122886681098
https://openalex.org/W2994886759,2019,2,7,0,0,0,0,0,0,0,0,1,0,0,2.0794415416798357,0.0,0.0
https://openalex.org/W2949721657,2019,9,3,1,1,0,0,0,0,0,0,1,1,0,1.3862943611198906,0.6931471805599453,0.6931471805599453
https://openalex.org/W2945166732,2019,19,3,1,1,0,0,0,0,0,0,0,0,0,1.3862943611198906,0.6931471805599453,0.6931471805599453
https://openalex.org/W2979891352,2019,3,2,0,0,0,0,0,0,0,0,1,0,0,1.0986122886681098,0.0,0.0
https://openalex.org/W2979117900,2019,0,1,0,0,0,0,0,0,0,0,0,0,0,0.6931471805599453,0.0,0.0
https://openalex.org/W2983603784,2019,0,2,0,0,0,0,0,0,0,0,1,0,0,1.0986122886681098,0.0,0.0
https://openalex.org/W2912495526,2019,11,4,3,1,1,0,0,0,0,0,0,1,0,1.6094379124341003,1.3862943611198906,0.6931471805599453
https://openalex.org/W3129844134,2019,1,2,1,1,0,0,0,0,0,0,1,1,0,1.0986122886681098,0.6931471805599453,0.6931471805599453
https://openalex.org/W3215103809,2019,0,10,5,3,1,1,0,0,0,0,1,0,0,2.3978952727983707,1.791759469228055,1.3862943611198906
https://openalex.org/W2914090281,2019,18,2,2,2,1,1,0,0,0,0,0,1,0,1.0986122886681098,1.0986122886681098,1.0986122886681098
https://openalex.org/W2921223957,2019,3,1,1,1,0,0,0,0,0,0,1,1,0,0.6931471805599453,0.6931471805599453,0.6931471805599453
https://openalex.org/W2912402214,2019,67,5,4,2,1,1,0,0,0,0,0,1,1,1.791759469228055,1.6094379124341003,1.0986122886681098
https://openalex.org/W3035256981,2019,0,2,0,0,0,0,0,0,0,0,0,1,0,1.0986122886681098,0.0,0.0
https://openalex.org/W2982590986,2019,0,3,1,1,0,0,0,0,0,0,1,1,0,1.3862943611198906,0.6931471805599453,0.6931471805599453
https://openalex.org/W2995101241,2019,1,2,0,0,0,0,0,0,0,0,0,0,0,1.0986122886681098,0.0,0.0
https://openalex.org/W4252430706,2019,0,1,0,0,0,0,0,0,0,0,0,1,0,0.6931471805599453,0.0,0.0
https://openalex.org/W2944469659,2019,15,4,1,1,0,0,0,0,0,0,1,1,0,1.6094379124341003,0.6931471805599453,0.6931471805599453
https://openalex.org/W3114815725,2019,1,1,0,0,0,0,0,0,0,0,0,0,0,0.6931471805599453,0.0,0.0
https://openalex.org/W2971417689,2019,12,4,1,1,0,0,0,0,0,0,0,0,0,1.6094379124341003,0.6931471805599453,0.6931471805599453
https://openalex.org/W2971982538,2019,4,2,2,2,1,1,0,0,0,0,0,0,0,1.0986122886681098,1.0986122886681098,1.0986122886681098
https://openalex.org/W3189258596,2019,0,1,0,0,0,0,0,0,0,0,0,0,0,0.6931471805599453,0.0,0.0
https://openalex.org/W2920216077,2019,22,2,2,1,1,0,0,0,0,0,0,1,1,1.0986122886681098,1.0986122886681098,0.6931471805599453
https://openalex.org/W2922856096,2019,21,3,0,0,0,0,0,0,0,0,1,1,0,1.3862943611198906,0.0,0.0
https://openalex.org/W3011888978,2019,0,1,1,1,0,0,0,0,0,0,0,0,0,0.6931471805599453,0.6931471805599453,0.6931471805599453
https://openalex.org/W7135889080,2019,0,1,1,1,0,0,0,0,0,1,1,0,0,0.6931471805599453,0.6931471805599453,0.6931471805599453
https://openalex.org/W2951120533,2019,0,1,0,0,0,0,0,0,0,0,0,1,0,0.6931471805599453,0.0,0.0
https://openalex.org/W2955162038,2019,19,5,2,1,1,0,0,0,0,1,1,0,0,1.791759469228055,1.0986122886681098,0.6931471805599453
https://openalex.org/W2938063707,2019,38,2,1,1,0,0,0,0,0,0,0,0,1,1.0986122886681098,0.6931471805599453,0.6931471805599453
https://openalex.org/W2980576352,2019,0,3,0,0,0,0,0,0,0,0,1,0,0,1.3862943611198906,0.0,0.0
https://openalex.org/W2921477907,2019,11,9,5,1,1,0,0,0,0,0,0,0,0,2.302585092994046,1.791759469228055,0.6931471805599453
https://openalex.org/W3035598282,2019,0,2,0,0,0,0,0,0,0,0,0,1,0,1.0986122886681098,0.0,0.0
https://openalex.org/W2990821954,2019,40,2,1,1,0,0,0,0,0,0,1,1,1,1.0986122886681098,0.6931471805599453,0.6931471805599453
https://openalex.org/W3003339185,2019,0,2,1,1,0,0,0,0,0,0,0,0,0,1.0986122886681098,0.6931471805599453,0.6931471805599453
https://openalex.org/W2994313502,2019,0,2,0,0,0,0,0,0,0,0,0,0,0,1.0986122886681098,0.0,0.0
https://openalex.org/W2981338056,2019,0,1,0,0,0,0,0,0,0,0,1,1,0,0.6931471805599453,0.0,0.0
https://openalex.org/W3000358418,2019,0,1,0,0,0,0,0,0,0,0,1,1,0,0.6931471805599453,0.0,0.0
https://openalex.org/W2950259380,2019,7,2,2,1,1,0,0,0,0,0,1,1,0,1.0986122886681098,1.0986122886681098,0.6931471805599453
https://openalex.org/W2950189683,2019,0,4,0,0,0,0,0,0,0,0,1,1,0,1.6094379124341003,0.0,0.0
https://openalex.org/W3083788186,2019,1,1,0,0,0,0,0,0,0,0,1,1,0,0.6931471805599453,0.0,0.0
https://openalex.org/W2910783407,2019,61,4,1,1,0,0,0,0,0,0,0,1,1,1.6094379124341003,0.6931471805599453,0.6931471805599453
https://openalex.org/W2969666864,2019,5,5,0,0,0,0,0,0,0,0,1,0,0,1.791759469228055,0.0,0.0
https://openalex.org/W2998939277,2019,0,4,0,0,0,0,0,0,0,0,1,0,0,1.6094379124341003,0.0,0.0
https://openalex.org/W2923363547,2019,0,2,1,1,0,0,0,0,0,0,0,1,0,1.0986122886681098,0.6931471805599453,0.6931471805599453
https://openalex.org/W2949665610,2019,11,5,3,1,1,0,1,0,0,1,0,0,0,1.791759469228055,1.3862943611198906,0.6931471805599453
https://openalex.org/W2917657234,2019,2,1,0,0,0,0,0,0,0,0,1,1,0,0.6931471805599453,0.0,0.0
https://openalex.org/W2980054309,2019,0,2,1,1,0,0,0,0,0,0,0,0,0,1.0986122886681098,0.6931471805599453,0.6931471805599453
https://openalex.org/W2996401134,2019,0,6,0,0,0,0,0,0,0,0,0,1,0,1.9459101490553132,0.0,0.0
https://openalex.org/W3196177340,2019,0,2,0,0,0,0,0,0,0,0,0,1,0,1.0986122886681098,0.0,0.0
https://openalex.org/W2927391381,2019,3,2,2,2,1,1,1,0,0,0,0,0,0,1.0986122886681098,1.0986122886681098,1.0986122886681098
https://openalex.org/W2946075009,2019,0,4,0,0,0,0,0,0,0,0,1,1,0,1.6094379124341003,0.0,0.0
https://openalex.org/W2942578980,2019,17,3,2,1,1,0,0,1,0,0,0,0,0,1.3862943611198906,1.0986122886681098,0.6931471805599453
https://openalex.org/W2969970040,2019,0,2,0,0,0,0,0,0,0,0,1,0,0,1.0986122886681098,0.0,0.0
https://openalex.org/W2967031705,2019,1,3,0,0,0,0,0,0,0,0,0,1,0,1.3862943611198906,0.0,0.0
https://openalex.org/W2952969826,2019,0,10,0,0,0,0,0,0,0,0,0,0,0,2.3978952727983707,0.0,0.0
https://openalex.org/W2802381583,2019,2,4,2,1,1,0,0,0,0,0,0,1,0,1.6094379124341003,1.0986122886681098,0.6931471805599453
https://openalex.org/W2972885291,2019,11,9,2,1,1,0,0,0,0,1,0,1,0,2.302585092994046,1.0986122886681098,0.6931471805599453
https://openalex.org/W2961364035,2019,6,3,2,1,1,0,0,0,0,0,0,0,0,1.3862943611198906,1.0986122886681098,0.6931471805599453
https://openalex.org/W3007776192,2019,0,4,0,0,0,0,0,0,0,0,0,1,0,1.6094379124341003,0.0,0.0
https://openalex.org/W2928496594,2019,43,2,1,1,0,0,0,0,0,0,0,1,1,1.0986122886681098,0.6931471805599453,0.6931471805599453
https://openalex.org/W2953898014,2019,3,2,1,1,0,0,0,0,0,0,1,0,0,1.0986122886681098,0.6931471805599453,0.6931471805599453
https://openalex.org/W2980487166,2019,28,4,2,1,1,0,0,0,0,0,1,1,1,1.6094379124341003,1.0986122886681098,0.6931471805599453
https://openalex.org/W2982868404,2019,30,5,3,2,1,1,0,0,0,0,0,1,1,1.791759469228055,1.3862943611198906,1.0986122886681098
https://openalex.org/W2980248357,2019,1,1,1,1,0,0,0,0,0,0,1,1,0,0.6931471805599453,0.6931471805599453,0.6931471805599453
https://openalex.org/W2970991557,2019,0,1,0,0,0,0,0,0,0,0,1,1,0,0.6931471805599453,0.0,0.0
https://openalex.org/W3177144032,2019,0,6,1,1,0,0,0,0,0,0,0,1,0,1.9459101490553132,0.6931471805599453,0.6931471805599453
https://openalex.org/W2989641949,2019,52,38,37,8,1,1,1,0,1,1,1,1,1,3.6635616461296463,3.6375861597263857,2.1972245773362196
https://openalex.org/W2952589919,2019,2,1,1,1,0,0,0,0,0,0,1,1,0,0.6931471805599453,0.6931471805599453,0.6931471805599453
https://openalex.org/W2947229803,2019,0,1,0,0,0,0,0,0,0,0,0,0,0,0.6931471805599453,0.0,0.0
https://openalex.org/W2940367677,2019,6,5,1,1,0,0,0,0,0,0,0,0,0,1.791759469228055,0.6931471805599453,0.6931471805599453
https://openalex.org/W2962764444,2019,17,9,1,1,0,0,0,1,0,0,0,0,0,2.302585092994046,0.6931471805599453,0.6931471805599453
https://openalex.org/W3000702728,2019,0,4,2,1,1,0,0,0,0,0,1,1,0,1.6094379124341003,1.0986122886681098,0.6931471805599453
https://openalex.org/W2953854632,2019,0,3,2,1,1,0,0,0,0,1,0,1,0,1.3862943611198906,1.0986122886681098,0.6931471805599453
https://openalex.org/W2991414661,2019,127,6,4,3,1,1,0,1,0,0,0,1,1,1.9459101490553132,1.6094379124341003,1.3862943611198906
https://openalex.org/W2971215800,2019,7,2,2,1,1,0,0,0,0,0,0,0,0,1.0986122886681098,1.0986122886681098,0.6931471805599453
https://openalex.org/W2923092252,2019,4,5,3,1,1,0,1,0,0,0,1,0,0,1.791759469228055,1.3862943611198906,0.6931471805599453
https://openalex.org/W2946893178,2019,1,3,2,2,1,1,0,0,0,0,0,1,0,1.3862943611198906,1.0986122886681098,1.0986122886681098
https://openalex.org/W2962798326,2019,70,3,2,2,1,1,0,0,0,0,0,1,1,1.3862943611198906,1.0986122886681098,1.0986122886681098
https://openalex.org/W2969264086,2019,9,6,3,1,1,0,0,0,0,0,0,1,0,1.9459101490553132,1.3862943611198906,0.6931471805599453
https://openalex.org/W4386039852,2019,0,6,1,1,0,0,0,0,0,0,1,1,0,1.9459101490553132,0.6931471805599453,0.6931471805599453
https://openalex.org/W2523131546,2019,0,4,0,0,0,0,0,0,0,0,1,0,0,1.6094379124341003,0.0,0.0
https://openalex.org/W3036750344,2019,5,2,1,1,0,0,0,0,0,0,0,0,0,1.0986122886681098,0.6931471805599453,0.6931471805599453
https://openalex.org/W2917485031,2019,0,6,1,1,0,0,0,0,1,0,1,1,0,1.9459101490553132,0.6931471805599453,0.6931471805599453
https://openalex.org/W2953795684,2019,0,2,0,0,0,0,0,0,0,0,1,1,0,1.0986122886681098,0.0,0.0
https://openalex.org/W2948940578,2019,0,1,0,0,0,0,0,0,0,0,0,0,0,0.6931471805599453,0.0,0.0
https://openalex.org/W2999631180,2019,1,3,1,1,0,0,0,0,0,0,0,1,0,1.3862943611198906,0.6931471805599453,0.6931471805599453
https://openalex.org/W2995341591,2019,0,3,1,1,0,0,0,0,0,0,0,1,0,1.3862943611198906,0.6931471805599453,0.6931471805599453
https://openalex.org/W2990351010,2019,2,2,2,2,1,1,0,0,0,0,0,0,0,1.0986122886681098,1.0986122886681098,1.0986122886681098
https://openalex.org/W4253083327,2019,2,100,1,1,0,0,0,0,0,0,1,1,0,4.61512051684126,0.6931471805599453,0.6931471805599453
https://openalex.org/W2944007830,2019,22,2,1,1,0,0,0,0,0,0,1,1,1,1.0986122886681098,0.6931471805599453,0.6931471805599453
https://openalex.org/W3106960632,2019,0,4,0,0,0,0,0,0,0,0,0,0,0,1.6094379124341003,0.0,0.0
https://openalex.org/W3082820339,2019,0,3,1,1,0,0,0,0,0,0,0,1,0,1.3862943611198906,0.6931471805599453,0.6931471805599453
https://openalex.org/W3092062663,2019,0,1,1,1,0,0,0,0,0,0,1,1,0,0.6931471805599453,0.6931471805599453,0.6931471805599453
https://openalex.org/W2999375937,2019,12,7,5,2,1,1,1,0,0,1,0,0,0,2.0794415416798357,1.791759469228055,1.0986122886681098
https://openalex.org/W2962775059,2019,3,5,3,2,1,1,0,1,0,0,1,1,0,1.791759469228055,1.3862943611198906,1.0986122886681098
https://openalex.org/W2982377787,2019,0,2,0,0,0,0,0,0,0,0,1,1,0,1.0986122886681098,0.0,0.0
https://openalex.org/W4406623336,2019,3,3,0,0,0,0,0,0,0,0,1,1,0,1.3862943611198906,0.0,0.0
https://openalex.org/W2936378539,2019,28,4,2,1,1,0,0,1,0,0,0,0,1,1.6094379124341003,1.0986122886681098,0.6931471805599453
https://openalex.org/W3015118755,2019,5,3,2,1,1,0,0,0,0,0,0,0,0,1.3862943611198906,1.0986122886681098,0.6931471805599453
https://openalex.org/W3114895737,2019,4,4,0,0,0,0,0,0,0,0,0,0,0,1.6094379124341003,0.0,0.0
https://openalex.org/W2956831702,2019,0,3,0,0,0,0,0,0,0,0,0,1,0,1.3862943611198906,0.0,0.0
https://openalex.org/W3200282510,2019,1,4,0,0,0,0,0,0,0,0,0,1,0,1.6094379124341003,0.0,0.0
https://openalex.org/W2798132286,2019,15,3,2,2,1,1,0,0,0,0,1,1,0,1.3862943611198906,1.0986122886681098,1.0986122886681098
https://openalex.org/W2995695068,2019,1,3,1,1,0,0,0,0,0,0,0,0,0,1.3862943611198906,0.6931471805599453,0.6931471805599453
https://openalex.org/W2995500391,2019,0,4,2,1,1,0,0,0,0,0,1,1,0,1.6094379124341003,1.0986122886681098,0.6931471805599453
https://openalex.org/W2947854725,2019,3,3,2,1,1,0,0,0,0,0,1,1,0,1.3862943611198906,1.0986122886681098,0.6931471805599453
https://openalex.org/W2997843358,2019,0,1,0,0,0,0,0,0,0,0,0,0,0,0.6931471805599453,0.0,0.0
https://openalex.org/W2969692166,2019,0,5,2,2,1,1,0,0,0,0,0,1,0,1.791759469228055,1.0986122886681098,1.0986122886681098
https://openalex.org/W3003080857,2019,0,1,0,0,0,0,0,0,0,0,0,0,0,0.6931471805599453,0.0,0.0
https://openalex.org/W2605756732,2019,0,1,0,0,0,0,0,0,0,0,1,0,0,0.6931471805599453,0.0,0.0
https://openalex.org/W2979885019,2019,0,1,0,0,0,0,0,0,0,0,1,0,0,0.6931471805599453,0.0,0.0
https://openalex.org/W2986150028,2019,3,4,2,1,1,0,0,0,0,0,1,1,0,1.6094379124341003,1.0986122886681098,0.6931471805599453
https://openalex.org/W3003445117,2019,0,1,1,1,0,0,0,0,1,1,1,1,0,0.6931471805599453,0.6931471805599453,0.6931471805599453
https://openalex.org/W4417060442,2019,0,1,0,0,0,0,0,0,0,0,1,1,0,0.6931471805599453,0.0,0.0
https://openalex.org/W2945607588,2019,0,5,2,2,1,1,0,1,0,0,1,1,0,1.791759469228055,1.0986122886681098,1.0986122886681098
https://openalex.org/W3011985084,2019,0,9,0,0,0,0,0,0,0,0,1,0,0,2.302585092994046,0.0,0.0
https://openalex.org/W2942384028,2019,0,3,0,0,0,0,0,0,0,0,1,1,0,1.3862943611198906,0.0,0.0
https://openalex.org/W2923731871,2019,1,3,0,0,0,0,0,0,0,0,0,1,0,1.3862943611198906,0.0,0.0
https://openalex.org/W2990066212,2019,7,6,2,2,1,1,0,0,0,0,0,0,0,1.9459101490553132,1.0986122886681098,1.0986122886681098
https://openalex.org/W2995196108,2019,0,1,0,0,0,0,0,0,0,0,1,1,0,0.6931471805599453,0.0,0.0
https://openalex.org/W2970679313,2019,14,4,4,2,1,1,0,0,1,1,1,1,0,1.6094379124341003,1.6094379124341003,1.0986122886681098
https://openalex.org/W2975396907,2019,4,2,0,0,0,0,0,0,0,0,1,1,0,1.0986122886681098,0.0,0.0
https://openalex.org/W3014518203,2019,0,1,0,0,0,0,0,0,0,0,1,1,0,0.6931471805599453,0.0,0.0
https://openalex.org/W4244249255,2019,1,2,1,1,0,0,0,0,0,0,1,1,0,1.0986122886681098,0.6931471805599453,0.6931471805599453
https://openalex.org/W4381187848,2019,0,1,1,1,0,0,0,0,0,0,1,1,0,0.6931471805599453,0.6931471805599453,0.6931471805599453
https://openalex.org/W2967473233,2019,59,3,1,1,0,0,0,0,0,0,0,1,1,1.3862943611198906,0.6931471805599453,0.6931471805599453
https://openalex.org/W2953368721,2019,0,1,0,0,0,0,0,0,0,0,1,1,0,0.6931471805599453,0.0,0.0
https://openalex.org/W3012371361,2019,3,4,1,1,0,0,0,0,0,0,0,0,0,1.6094379124341003,0.6931471805599453,0.6931471805599453
https://openalex.org/W3080396333,2019,0,1,0,0,0,0,0,0,0,0,1,1,0,0.6931471805599453,0.0,0.0
https://openalex.org/W2995129715,2019,1,4,1,1,0,0,0,0,0,0,1,1,0,1.6094379124341003,0.6931471805599453,0.6931471805599453
https://openalex.org/W4243185929,2019,1,31,1,1,0,0,0,0,0,0,1,1,0,3.4657359027997265,0.6931471805599453,0.6931471805599453
https://openalex.org/W2959917627,2019,39,4,2,1,1,0,0,0,0,0,0,1,1,1.6094379124341003,1.0986122886681098,0.6931471805599453
https://openalex.org/W2962900984,2019,14,4,0,0,0,0,0,0,0,0,1,0,0,1.6094379124341003,0.0,0.0
https://openalex.org/W2973959780,2019,12,4,2,1,1,0,0,0,0,0,0,1,0,1.6094379124341003,1.0986122886681098,0.6931471805599453
https://openalex.org/W2989241203,2019,19,8,2,1,1,0,0,0,0,0,0,0,0,2.1972245773362196,1.0986122886681098,0.6931471805599453
https://openalex.org/W2980857872,2019,4,3,2,2,1,1,0,0,0,0,1,1,0,1.3862943611198906,1.0986122886681098,1.0986122886681098
https://openalex.org/W2946073031,2019,25,5,2,2,1,1,1,0,0,1,0,1,1,1.791759469228055,1.0986122886681098,1.0986122886681098
https://openalex.org/W3026459158,2019,0,1,0,0,0,0,0,0,0,0,0,0,0,0.6931471805599453,0.0,0.0
https://openalex.org/W2961371122,2019,0,1,2,2,1,1,0,1,0,1,1,1,0,0.6931471805599453,1.0986122886681098,1.0986122886681098
https://openalex.org/W2912539828,2019,18,2,1,1,0,0,0,0,0,0,1,1,0,1.0986122886681098,0.6931471805599453,0.6931471805599453
https://openalex.org/W3045642279,2019,0,3,0,0,0,0,0,0,0,0,0,0,0,1.3862943611198906,0.0,0.0
https://openalex.org/W2945214686,2019,0,2,0,0,0,0,0,0,0,0,1,0,0,1.0986122886681098,0.0,0.0
https://openalex.org/W3021423035,2019,3,5,0,0,0,0,0,0,0,0,0,1,0,1.791759469228055,0.0,0.0
https://openalex.org/W3036193162,2019,0,2,0,0,0,0,0,0,0,0,1,0,0,1.0986122886681098,0.0,0.0
https://openalex.org/W2948180708,2019,17,7,0,0,0,0,0,0,0,0,1,1,0,2.0794415416798357,0.0,0.0
https://openalex.org/W3012040108,2019,1,2,1,1,0,0,0,0,0,0,0,0,0,1.0986122886681098,0.6931471805599453,0.6931471805599453
https://openalex.org/W2969268528,2019,0,2,0,0,0,0,0,0,0,0,1,1,0,1.0986122886681098,0.0,0.0
https://openalex.org/W4231079854,2019,0,56,0,0,0,0,0,0,0,0,1,0,0,4.04305126783455,0.0,0.0
https://openalex.org/W2941333136,2019,0,3,1,1,0,0,0,0,0,0,1,1,0,1.3862943611198906,0.6931471805599453,0.6931471805599453
https://openalex.org/W2947192857,2019,40,2,2,2,1,1,0,0,0,1,1,1,1,1.0986122886681098,1.0986122886681098,1.0986122886681098
https://openalex.org/W2973062336,2019,6,4,3,1,1,0,0,0,0,1,1,1,0,1.6094379124341003,1.3862943611198906,0.6931471805599453
https://openalex.org/W3013099993,2019,16,4,0,0,0,0,0,0,0,0,0,0,0,1.6094379124341003,0.0,0.0
https://openalex.org/W4235646161,2019,11,1,0,0,0,0,0,0,0,0,1,1,0,0.6931471805599453,0.0,0.0
https://openalex.org/W3110852602,2019,48,1,0,0,0,0,0,0,0,0,0,0,1,0.6931471805599453,0.0,0.0
https://openalex.org/W2971079754,2019,54,4,1,1,0,0,0,1,0,0,1,0,1,1.6094379124341003,0.6931471805599453,0.6931471805599453
https://openalex.org/W7145833852,2019,0,2,0,0,0,0,0,0,0,0,1,0,0,1.0986122886681098,0.0,0.0
https://openalex.org/W2944797789,2019,0,1,0,0,0,0,0,0,0,0,0,1,0,0.6931471805599453,0.0,0.0
https://openalex.org/W2807445571,2019,0,1,2,1,1,0,0,0,0,0,1,1,0,0.6931471805599453,1.0986122886681098,0.6931471805599453
https://openalex.org/W2960707513,2019,0,1,0,0,0,0,0,0,0,0,1,0,0,0.6931471805599453,0.0,0.0
https://openalex.org/W4247786849,2019,1,2,2,1,1,0,1,0,0,1,0,0,0,1.0986122886681098,1.0986122886681098,0.6931471805599453
https://openalex.org/W3155130578,2019,8,4,1,1,0,0,0,0,0,0,1,0,0,1.6094379124341003,0.6931471805599453,0.6931471805599453
https://openalex.org/W2915128308,2019,191,4,1,1,0,0,0,0,0,0,1,0,1,1.6094379124341003,0.6931471805599453,0.6931471805599453
https://openalex.org/W2909680570,2019,94,3,1,1,0,0,0,0,0,1,0,1,1,1.3862943611198906,0.6931471805599453,0.6931471805599453
https://openalex.org/W2914778501,2019,5,4,2,2,1,1,1,0,0,0,0,1,0,1.6094379124341003,1.0986122886681098,1.0986122886681098
https://openalex.org/W2996144174,2019,132,7,6,4,1,1,0,0,1,0,1,1,1,2.0794415416798357,1.9459101490553132,1.6094379124341003
https://openalex.org/W3003155626,2019,3,2,1,1,0,0,0,0,0,0,0,0,0,1.0986122886681098,0.6931471805599453,0.6931471805599453
https://openalex.org/W4239120301,2019,0,7,0,0,0,0,0,0,0,0,1,0,0,2.0794415416798357,0.0,0.0
https://openalex.org/W3011716566,2019,1,1,1,1,0,0,0,0,0,0,1,1,0,0.6931471805599453,0.6931471805599453,0.6931471805599453
https://openalex.org/W3014802890,2019,1,1,0,0,0,0,0,0,0,0,1,1,0,0.6931471805599453,0.0,0.0
https://openalex.org/W2996053519,2019,0,1,0,0,0,0,0,0,0,0,0,1,0,0.6931471805599453,0.0,0.0
https://openalex.org/W2885219692,2019,314,2,3,1,1,0,0,0,0,0,0,1,1,1.0986122886681098,1.3862943611198906,0.6931471805599453
https://openalex.org/W2975969914,2019,5,3,1,1,0,0,0,0,0,0,0,1,0,1.3862943611198906,0.6931471805599453,0.6931471805599453
https://openalex.org/W2998689569,2019,7,3,1,1,0,0,0,0,0,0,0,0,0,1.3862943611198906,0.6931471805599453,0.6931471805599453
https://openalex.org/W2946221492,2019,0,1,1,1,0,0,0,0,0,0,1,1,0,0.6931471805599453,0.6931471805599453,0.6931471805599453
https://openalex.org/W2922008250,2019,19,2,2,2,1,1,0,0,0,0,0,1,0,1.0986122886681098,1.0986122886681098,1.0986122886681098
https://openalex.org/W2954272593,2019,0,1,1,1,0,0,0,0,0,1,1,0,0,0.6931471805599453,0.6931471805599453,0.6931471805599453
https://openalex.org/W2963893748,2019,1,1,0,0,0,0,0,0,0,0,0,1,0,0.6931471805599453,0.0,0.0
https://openalex.org/W3092352754,2019,0,2,0,0,0,0,0,0,0,0,0,0,0,1.0986122886681098,0.0,0.0
https://openalex.org/W3005927046,2019,1,1,1,1,0,0,0,0,0,0,0,0,0,0.6931471805599453,0.6931471805599453,0.6931471805599453
https://openalex.org/W2972066369,2019,0,2,1,1,0,0,0,0,0,0,1,1,0,1.0986122886681098,0.6931471805599453,0.6931471805599453
https://openalex.org/W2998908796,2019,4,3,1,1,0,0,0,0,0,0,1,0,0,1.3862943611198906,0.6931471805599453,0.6931471805599453
https://openalex.org/W2981695904,2019,105,1,0,0,0,0,0,0,0,0,1,1,1,0.6931471805599453,0.0,0.0
https://openalex.org/W2955857546,2019,10,4,3,1,1,0,0,0,0,0,1,1,0,1.6094379124341003,1.3862943611198906,0.6931471805599453
https://openalex.org/W2980417867,2019,1,4,0,0,0,0,0,0,0,0,1,1,0,1.6094379124341003,0.0,0.0
https://openalex.org/W2996336557,2019,0,2,0,0,0,0,0,0,0,0,0,0,0,1.0986122886681098,0.0,0.0
https://openalex.org/W3003630583,2019,33,6,5,1,1,0,1,1,0,1,0,0,1,1.9459101490553132,1.791759469228055,0.6931471805599453
https://openalex.org/W2973510517,2019,3,2,3,2,1,1,0,0,0,0,0,1,0,1.0986122886681098,1.3862943611198906,1.0986122886681098
https://openalex.org/W2910985966,2019,2,4,1,1,0,0,0,0,0,0,1,1,0,1.6094379124341003,0.6931471805599453,0.6931471805599453
https://openalex.org/W2943885009,2019,0,1,1,1,0,0,0,0,0,0,1,1,0,0.6931471805599453,0.6931471805599453,0.6931471805599453
https://openalex.org/W2995390166,2019,1,1,0,0,0,0,0,0,0,0,1,1,0,0.6931471805599453,0.0,0.0
https://openalex.org/W3005342139,2019,3,6,1,1,0,0,0,0,0,0,0,0,0,1.9459101490553132,0.6931471805599453,0.6931471805599453
https://openalex.org/W2922284911,2019,11,4,2,1,1,0,0,0,0,0,1,1,0,1.6094379124341003,1.0986122886681098,0.6931471805599453
https://openalex.org/W2972516576,2019,43,58,51,5,1,1,0,1,1,1,1,1,1,4.07753744390572,3.9512437185814275,1.791759469228055
https://openalex.org/W2975068045,2019,1,14,8,3,1,1,0,0,1,1,0,1,0,2.70805020110221,2.1972245773362196,1.3862943611198906
https://openalex.org/W3012377491,2019,3,4,3,1,1,0,0,0,0,1,0,0,0,1.6094379124341003,1.3862943611198906,0.6931471805599453
https://openalex.org/W2971822345,2019,0,1,0,0,0,0,0,0,0,0,1,0,0,0.6931471805599453,0.0,0.0
https://openalex.org/W2995742105,2019,9,1,1,1,0,0,0,0,0,0,1,1,0,0.6931471805599453,0.6931471805599453,0.6931471805599453
https://openalex.org/W2987241703,2019,5,4,2,1,1,0,0,0,0,0,0,0,0,1.6094379124341003,1.0986122886681098,0.6931471805599453
https://openalex.org/W2970102819,2019,0,2,1,1,0,0,0,0,0,0,1,1,0,1.0986122886681098,0.6931471805599453,0.6931471805599453
https://openalex.org/W2990763401,2019,0,2,1,1,0,0,0,0,0,0,0,0,0,1.0986122886681098,0.6931471805599453,0.6931471805599453
https://openalex.org/W7104179393,2019,0,1,0,0,0,0,0,0,0,0,1,1,0,0.6931471805599453,0.0,0.0
https://openalex.org/W2974657091,2019,0,5,3,2,1,1,0,0,0,0,0,1,0,1.791759469228055,1.3862943611198906,1.0986122886681098
https://openalex.org/W2956055096,2019,17,5,1,1,0,0,0,0,0,0,0,0,0,1.791759469228055,0.6931471805599453,0.6931471805599453
https://openalex.org/W2984532088,2019,7,2,2,1,1,0,0,0,0,0,0,1,0,1.0986122886681098,1.0986122886681098,0.6931471805599453
https://openalex.org/W2948195378,2019,11,1,1,1,0,0,0,0,0,0,1,1,0,0.6931471805599453,0.6931471805599453,0.6931471805599453
https://openalex.org/W2908477901,2019,4,5,0,0,0,0,0,0,0,0,1,1,0,1.791759469228055,0.0,0.0
https://openalex.org/W3120468821,2019,0,2,0,0,0,0,0,0,0,0,0,0,0,1.0986122886681098,0.0,0.0
https://openalex.org/W3042228442,2019,0,2,1,1,0,0,0,0,0,0,1,1,0,1.0986122886681098,0.6931471805599453,0.6931471805599453
https://openalex.org/W3005231329,2019,13,2,1,1,0,0,0,0,0,0,0,0,0,1.0986122886681098,0.6931471805599453,0.6931471805599453
https://openalex.org/W2970294138,2019,0,1,0,0,0,0,0,0,0,0,0,0,0,0.6931471805599453,0.0,0.0
https://openalex.org/W2931944561,2019,4,3,1,1,0,0,0,0,0,0,0,0,0,1.3862943611198906,0.6931471805599453,0.6931471805599453
https://openalex.org/W4391458121,2019,2,2,1,1,0,0,0,0,0,0,1,1,0,1.0986122886681098,0.6931471805599453,0.6931471805599453
https://openalex.org/W2980714911,2019,0,1,0,0,0,0,0,0,0,0,0,0,0,0.6931471805599453,0.0,0.0
https://openalex.org/W2914721205,2019,12,3,1,1,0,0,0,0,0,0,0,1,0,1.3862943611198906,0.6931471805599453,0.6931471805599453
https://openalex.org/W2996544392,2019,80,6,1,1,0,0,0,0,0,0,1,1,1,1.9459101490553132,0.6931471805599453,0.6931471805599453
https://openalex.org/W3155800345,2019,0,1,0,0,0,0,0,0,0,0,0,0,0,0.6931471805599453,0.0,0.0
https://openalex.org/W3026822136,2019,10,3,1,1,0,0,0,0,0,0,0,0,0,1.3862943611198906,0.6931471805599453,0.6931471805599453
https://openalex.org/W2954289390,2019,2,1,1,1,0,0,0,0,0,0,1,1,0,0.6931471805599453,0.6931471805599453,0.6931471805599453
https://openalex.org/W2974354676,2019,0,4,4,1,1,0,0,0,1,0,1,1,0,1.6094379124341003,1.6094379124341003,0.6931471805599453
https://openalex.org/W3190891180,2019,0,1,0,0,0,0,0,0,0,0,0,0,0,0.6931471805599453,0.0,0.0
https://openalex.org/W2980907194,2019,9,7,1,1,0,0,0,0,0,0,1,1,0,2.0794415416798357,0.6931471805599453,0.6931471805599453
https://openalex.org/W2982396289,2019,6,4,2,2,1,1,0,0,0,0,0,0,0,1.6094379124341003,1.0986122886681098,1.0986122886681098
https://openalex.org/W2977714786,2019,2,2,1,1,0,0,0,0,0,0,1,1,0,1.0986122886681098,0.6931471805599453,0.6931471805599453
https://openalex.org/W3013100651,2019,2,4,1,1,0,0,0,0,0,0,0,1,0,1.6094379124341003,0.6931471805599453,0.6931471805599453
https://openalex.org/W2980508931,2019,2,4,2,1,1,0,0,0,0,0,0,0,0,1.6094379124341003,1.0986122886681098,0.6931471805599453
https://openalex.org/W2909036465,2019,2,1,4,2,1,1,0,0,0,0,0,1,0,0.6931471805599453,1.6094379124341003,1.0986122886681098
https://openalex.org/W3000987856,2019,1,1,0,0,0,0,0,0,0,0,1,0,0,0.6931471805599453,0.0,0.0
https://openalex.org/W2946559657,2019,24,2,1,1,0,0,1,0,0,1,1,0,1,1.0986122886681098,0.6931471805599453,0.6931471805599453
https://openalex.org/W2947656526,2019,26,7,3,1,1,0,1,1,0,0,0,0,1,2.0794415416798357,1.3862943611198906,0.6931471805599453
https://openalex.org/W3153615053,2019,0,1,0,0,0,0,0,0,0,0,0,0,0,0.6931471805599453,0.0,0.0
https://openalex.org/W2982384553,2019,3,5,1,1,0,0,0,0,0,0,1,1,0,1.791759469228055,0.6931471805599453,0.6931471805599453
https://openalex.org/W4231320366,2019,0,3,0,0,0,0,0,0,0,0,1,1,0,1.3862943611198906,0.0,0.0
https://openalex.org/W2995618890,2019,2,4,0,0,0,0,0,0,0,0,0,1,0,1.6094379124341003,0.0,0.0
https://openalex.org/W3085079041,2019,0,1,1,1,0,0,0,0,0,0,0,1,0,0.6931471805599453,0.6931471805599453,0.6931471805599453
https://openalex.org/W2995276689,2019,9,2,1,1,0,0,0,0,0,0,0,0,0,1.0986122886681098,0.6931471805599453,0.6931471805599453
https://openalex.org/W2907155816,2019,6,1,0,0,0,0,0,0,0,0,0,0,0,0.6931471805599453,0.0,0.0
https://openalex.org/W2966174041,2019,0,1,0,0,0,0,0,0,0,0,0,1,0,0.6931471805599453,0.0,0.0
https://openalex.org/W2998440189,2019,14,3,2,2,1,1,0,0,0,0,1,1,0,1.3862943611198906,1.0986122886681098,1.0986122886681098
https://openalex.org/W2950244880,2019,4,4,1,1,0,0,0,0,0,0,0,0,0,1.6094379124341003,0.6931471805599453,0.6931471805599453
https://openalex.org/W2943522608,2019,78,3,1,1,0,0,0,0,0,0,0,1,1,1.3862943611198906,0.6931471805599453,0.6931471805599453
https://openalex.org/W2984646965,2019,2,4,1,1,0,0,0,0,0,0,0,1,0,1.6094379124341003,0.6931471805599453,0.6931471805599453
https://openalex.org/W3032896505,2019,0,1,0,0,0,0,0,0,0,0,1,1,0,0.6931471805599453,0.0,0.0
https://openalex.org/W3027877458,2019,0,1,0,0,0,0,0,0,0,0,0,0,0,0.6931471805599453,0.0,0.0
https://openalex.org/W2983571153,2019,4,1,3,1,1,0,0,0,0,0,1,1,0,0.6931471805599453,1.3862943611198906,0.6931471805599453
https://openalex.org/W7145120155,2019,0,1,1,1,0,0,0,0,0,0,1,0,0,0.6931471805599453,0.6931471805599453,0.6931471805599453
https://openalex.org/W2972813786,2019,0,1,0,0,0,0,0,0,0,0,0,0,0,0.6931471805599453,0.0,0.0
https://openalex.org/W2989835371,2019,0,3,2,2,1,1,0,0,0,1,1,1,0,1.3862943611198906,1.0986122886681098,1.0986122886681098
https://openalex.org/W2913140724,2019,0,1,1,1,0,0,0,0,0,1,1,1,0,0.6931471805599453,0.6931471805599453,0.6931471805599453
https://openalex.org/W2941546056,2019,0,8,2,1,1,0,0,0,0,0,0,0,0,2.1972245773362196,1.0986122886681098,0.6931471805599453
https://openalex.org/W2982251290,2019,5,1,0,0,0,0,0,0,0,0,0,0,0,0.6931471805599453,0.0,0.0
https://openalex.org/W2953790846,2019,0,6,0,0,0,0,0,0,0,0,0,0,0,1.9459101490553132,0.0,0.0
https://openalex.org/W2967219371,2019,11,5,0,0,0,0,0,0,0,0,1,0,0,1.791759469228055,0.0,0.0
https://openalex.org/W2962752966,2019,20,1,1,1,0,0,0,0,0,0,0,0,0,0.6931471805599453,0.6931471805599453,0.6931471805599453
https://openalex.org/W3016433474,2019,0,2,1,1,0,0,0,0,0,0,0,0,0,1.0986122886681098,0.6931471805599453,0.6931471805599453
https://openalex.org/W3081979839,2019,0,3,0,0,0,0,0,0,0,0,1,0,0,1.3862943611198906,0.0,0.0
https://openalex.org/W3042434546,2019,0,5,0,0,0,0,0,0,0,0,0,1,0,1.791759469228055,0.0,0.0
https://openalex.org/W3193742007,2019,0,1,0,0,0,0,0,0,0,0,0,1,0,0.6931471805599453,0.0,0.0
https://openalex.org/W3015832988,2020,1,5,2,1,1,0,0,0,0,0,1,1,0,1.791759469228055,1.0986122886681098,0.6931471805599453
https://openalex.org/W3008521770,2020,0,3,2,1,1,0,0,0,0,0,0,0,0,1.3862943611198906,1.0986122886681098,0.6931471805599453
https://openalex.org/W3156530917,2020,0,3,0,0,0,0,0,0,0,0,0,0,0,1.3862943611198906,0.0,0.0
https://openalex.org/W3120763539,2020,6,3,0,0,0,0,0,0,0,0,0,0,0,1.3862943611198906,0.0,0.0
https://openalex.org/W3047222771,2020,3,1,1,1,0,0,0,0,0,0,1,1,0,0.6931471805599453,0.6931471805599453,0.6931471805599453
https://openalex.org/W3198129570,2020,5,3,2,1,1,0,0,0,0,0,1,1,0,1.3862943611198906,1.0986122886681098,0.6931471805599453
https://openalex.org/W3004595655,2020,0,4,1,1,0,0,0,0,0,0,0,1,0,1.6094379124341003,0.6931471805599453,0.6931471805599453
https://openalex.org/W3095079501,2020,0,2,1,1,0,0,0,0,0,0,1,1,0,1.0986122886681098,0.6931471805599453,0.6931471805599453
https://openalex.org/W3106937203,2020,0,1,1,1,0,0,0,0,0,1,1,1,0,0.6931471805599453,0.6931471805599453,0.6931471805599453
https://openalex.org/W3044523192,2020,0,1,1,1,0,0,0,0,0,0,0,1,0,0.6931471805599453,0.6931471805599453,0.6931471805599453
https://openalex.org/W3132837157,2020,0,1,0,0,0,0,0,0,0,0,0,0,0,0.6931471805599453,0.0,0.0
https://openalex.org/W3126317966,2020,0,4,0,0,0,0,0,0,0,0,0,0,0,1.6094379124341003,0.0,0.0
https://openalex.org/W3156972785,2020,6,1,0,0,0,0,0,0,0,0,1,0,0,0.6931471805599453,0.0,0.0
https://openalex.org/W3127665958,2020,2,4,1,1,0,0,0,0,0,0,0,0,0,1.6094379124341003,0.6931471805599453,0.6931471805599453
https://openalex.org/W3169965477,2020,4,5,1,1,0,0,0,0,0,1,0,0,0,1.791759469228055,0.6931471805599453,0.6931471805599453
https://openalex.org/W2979765918,2020,0,1,0,0,0,0,0,0,0,0,0,0,0,0.6931471805599453,0.0,0.0
https://openalex.org/W3118456511,2020,1,1,0,0,0,0,0,0,0,0,0,1,0,0.6931471805599453,0.0,0.0
https://openalex.org/W3163116975,2020,0,1,0,0,0,0,0,0,0,0,0,1,0,0.6931471805599453,0.0,0.0
https://openalex.org/W3015659020,2020,1,1,1,1,0,0,0,0,0,0,0,1,0,0.6931471805599453,0.6931471805599453,0.6931471805599453
https://openalex.org/W2485957088,2020,4,6,0,0,0,0,0,0,0,0,0,0,0,1.9459101490553132,0.0,0.0
https://openalex.org/W3091377934,2020,0,6,3,1,1,0,0,0,0,0,0,0,0,1.9459101490553132,1.3862943611198906,0.6931471805599453
https://openalex.org/W3035587888,2020,46,2,3,2,1,1,0,0,1,0,0,1,1,1.0986122886681098,1.3862943611198906,1.0986122886681098
https://openalex.org/W3048219402,2020,3,3,0,0,0,0,0,0,0,0,0,1,0,1.3862943611198906,0.0,0.0
https://openalex.org/W3116524386,2020,0,6,2,1,1,0,0,0,0,0,1,0,0,1.9459101490553132,1.0986122886681098,0.6931471805599453
https://openalex.org/W3049445450,2020,6,3,0,0,0,0,0,0,0,0,0,1,0,1.3862943611198906,0.0,0.0
https://openalex.org/W3104405908,2020,1,4,3,2,1,1,0,0,0,1,1,1,0,1.6094379124341003,1.3862943611198906,1.0986122886681098
https://openalex.org/W3137149197,2020,1,2,1,1,0,0,0,0,0,0,0,0,0,1.0986122886681098,0.6931471805599453,0.6931471805599453
https://openalex.org/W4248122321,2020,0,5,2,1,1,0,0,0,0,0,1,1,0,1.791759469228055,1.0986122886681098,0.6931471805599453
https://openalex.org/W3112110832,2020,0,3,3,1,1,0,0,0,0,0,0,1,0,1.3862943611198906,1.3862943611198906,0.6931471805599453
https://openalex.org/W3000719163,2020,7,2,1,1,0,0,0,0,0,0,0,0,0,1.0986122886681098,0.6931471805599453,0.6931471805599453
https://openalex.org/W3076103167,2020,10,4,4,1,1,0,0,1,0,0,0,1,0,1.6094379124341003,1.6094379124341003,0.6931471805599453
https://openalex.org/W3214641652,2020,1,2,1,1,0,0,0,0,0,0,0,0,0,1.0986122886681098,0.6931471805599453,0.6931471805599453
https://openalex.org/W3111279926,2020,0,1,0,0,0,0,0,0,0,0,1,1,0,0.6931471805599453,0.0,0.0
https://openalex.org/W3010807162,2020,0,2,0,0,0,0,0,0,0,0,1,1,0,1.0986122886681098,0.0,0.0
https://openalex.org/W3133423475,2020,1,2,0,0,0,0,0,0,0,0,1,1,0,1.0986122886681098,0.0,0.0
https://openalex.org/W3006145453,2020,0,2,0,0,0,0,0,0,0,0,0,0,0,1.0986122886681098,0.0,0.0
https://openalex.org/W4230036535,2020,78,6,1,1,0,0,0,0,0,0,0,1,1,1.9459101490553132,0.6931471805599453,0.6931471805599453
https://openalex.org/W3024394154,2020,19,5,2,1,1,0,0,0,0,0,0,1,0,1.791759469228055,1.0986122886681098,0.6931471805599453
https://openalex.org/W3037979863,2020,26,5,5,1,1,0,0,0,0,0,0,1,1,1.791759469228055,1.791759469228055,0.6931471805599453
https://openalex.org/W3190091006,2020,0,4,0,0,0,0,0,0,0,0,1,1,0,1.6094379124341003,0.0,0.0
https://openalex.org/W3143884215,2020,0,2,0,0,0,0,0,0,0,0,0,0,0,1.0986122886681098,0.0,0.0
https://openalex.org/W3115416325,2020,0,1,1,1,0,0,0,0,0,0,0,1,0,0.6931471805599453,0.6931471805599453,0.6931471805599453
https://openalex.org/W3080894421,2020,0,1,0,0,0,0,0,0,0,0,0,1,0,0.6931471805599453,0.0,0.0
https://openalex.org/W7134699254,2020,0,1,0,0,0,0,0,0,0,0,0,0,0,0.6931471805599453,0.0,0.0
https://openalex.org/W3029369909,2020,10,1,1,1,0,0,0,0,0,0,1,1,0,0.6931471805599453,0.6931471805599453,0.6931471805599453
https://openalex.org/W2955809060,2020,20,2,1,1,0,0,0,0,0,0,0,1,0,1.0986122886681098,0.6931471805599453,0.6931471805599453
https://openalex.org/W4306858784,2020,0,5,2,2,1,1,0,0,0,0,0,0,0,1.791759469228055,1.0986122886681098,1.0986122886681098
https://openalex.org/W3105927661,2020,3,1,1,1,0,0,0,0,0,0,0,1,0,0.6931471805599453,0.6931471805599453,0.6931471805599453
https://openalex.org/W3046614989,2020,0,1,1,1,0,0,0,0,0,1,0,1,0,0.6931471805599453,0.6931471805599453,0.6931471805599453
https://openalex.org/W3044783369,2020,7,5,2,1,1,0,0,0,0,0,0,1,0,1.791759469228055,1.0986122886681098,0.6931471805599453
https://openalex.org/W3117766858,2020,3,2,2,2,1,1,0,1,0,1,1,1,0,1.0986122886681098,1.0986122886681098,1.0986122886681098
https://openalex.org/W3045826193,2020,22,11,8,5,1,1,0,0,0,0,1,1,0,2.4849066497880004,2.1972245773362196,1.791759469228055
https://openalex.org/W3108826424,2020,1,4,1,1,0,0,0,0,0,0,1,1,0,1.6094379124341003,0.6931471805599453,0.6931471805599453
https://openalex.org/W3046757908,2020,9,4,2,1,1,0,0,0,0,0,1,1,0,1.6094379124341003,1.0986122886681098,0.6931471805599453
https://openalex.org/W3010610207,2020,12,3,4,2,1,1,1,0,0,0,1,1,0,1.3862943611198906,1.6094379124341003,1.0986122886681098
https://openalex.org/W3086271110,2020,7,1,1,1,0,0,0,0,0,0,0,1,0,0.6931471805599453,0.6931471805599453,0.6931471805599453
https://openalex.org/W3015596755,2020,18,1,1,1,0,0,0,0,0,0,1,1,0,0.6931471805599453,0.6931471805599453,0.6931471805599453
https://openalex.org/W3120673103,2020,0,1,0,0,0,0,0,0,0,0,0,0,0,0.6931471805599453,0.0,0.0
https://openalex.org/W3089888936,2020,0,6,2,2,1,1,0,1,0,0,1,1,0,1.9459101490553132,1.0986122886681098,1.0986122886681098
https://openalex.org/W3034152274,2020,7,4,0,0,0,0,0,0,0,0,0,0,0,1.6094379124341003,0.0,0.0
https://openalex.org/W3048972572,2020,3,4,1,1,0,0,0,0,0,0,1,1,0,1.6094379124341003,0.6931471805599453,0.6931471805599453
https://openalex.org/W3046425585,2020,1,2,1,1,0,0,0,0,0,0,1,1,0,1.0986122886681098,0.6931471805599453,0.6931471805599453
https://openalex.org/W3011134616,2020,2,3,3,3,1,1,0,0,0,0,0,0,0,1.3862943611198906,1.3862943611198906,1.3862943611198906
https://openalex.org/W3014467203,2020,0,2,2,2,1,1,0,0,0,1,0,0,0,1.0986122886681098,1.0986122886681098,1.0986122886681098
https://openalex.org/W3098664465,2020,1,8,1,1,0,0,0,0,0,1,0,0,0,2.1972245773362196,0.6931471805599453,0.6931471805599453
https://openalex.org/W3037454317,2020,0,1,2,1,1,0,0,0,0,0,1,1,0,0.6931471805599453,1.0986122886681098,0.6931471805599453
https://openalex.org/W3095259706,2020,62,4,2,2,1,1,1,0,0,0,0,0,1,1.6094379124341003,1.0986122886681098,1.0986122886681098
https://openalex.org/W3113819339,2020,32,2,2,2,1,1,0,0,0,0,1,1,1,1.0986122886681098,1.0986122886681098,1.0986122886681098
https://openalex.org/W3096995697,2020,0,1,0,0,0,0,0,0,0,0,0,0,0,0.6931471805599453,0.0,0.0
https://openalex.org/W2999333480,2020,3,1,0,0,0,0,0,0,0,0,1,0,0,0.6931471805599453,0.0,0.0
https://openalex.org/W3095934385,2020,1,2,0,0,0,0,0,0,0,0,1,1,0,1.0986122886681098,0.0,0.0
https://openalex.org/W3089399051,2020,15,5,0,0,0,0,0,0,0,0,0,1,0,1.791759469228055,0.0,0.0
https://openalex.org/W3114009036,2020,2,8,4,1,1,0,1,0,1,0,0,0,0,2.1972245773362196,1.6094379124341003,0.6931471805599453
https://openalex.org/W3140092938,2020,1,2,5,4,1,1,0,0,0,0,1,1,0,1.0986122886681098,1.791759469228055,1.6094379124341003
https://openalex.org/W3114484506,2020,0,1,0,0,0,0,0,0,0,0,0,1,0,0.6931471805599453,0.0,0.0
https://openalex.org/W3115526700,2020,0,3,2,1,1,0,0,0,0,0,1,1,0,1.3862943611198906,1.0986122886681098,0.6931471805599453
https://openalex.org/W3003506736,2020,0,14,0,0,0,0,0,0,0,0,0,1,0,2.70805020110221,0.0,0.0
https://openalex.org/W7139339806,2020,0,2,0,0,0,0,0,0,0,0,0,0,0,1.0986122886681098,0.0,0.0
https://openalex.org/W3025186824,2020,3,4,2,2,1,1,0,0,0,1,0,0,0,1.6094379124341003,1.0986122886681098,1.0986122886681098
https://openalex.org/W3024215990,2020,0,1,0,0,0,0,0,0,0,0,0,0,0,0.6931471805599453,0.0,0.0
https://openalex.org/W3005053075,2020,58,1,1,1,0,0,0,0,0,0,1,1,1,0.6931471805599453,0.6931471805599453,0.6931471805599453
https://openalex.org/W4242001378,2020,1,3,0,0,0,0,0,0,0,0,1,1,0,1.3862943611198906,0.0,0.0
https://openalex.org/W3043606417,2020,1,5,0,0,0,0,0,0,0,0,0,0,0,1.791759469228055,0.0,0.0
https://openalex.org/W3092877267,2020,1,1,1,1,0,0,0,0,0,0,0,1,0,0.6931471805599453,0.6931471805599453,0.6931471805599453
https://openalex.org/W3001686302,2020,33,2,1,1,0,0,0,0,0,1,0,1,1,1.0986122886681098,0.6931471805599453,0.6931471805599453
https://openalex.org/W3001603089,2020,41,4,1,1,0,0,0,0,0,0,1,1,1,1.6094379124341003,0.6931471805599453,0.6931471805599453
https://openalex.org/W3101584757,2020,0,2,0,0,0,0,0,0,0,0,0,1,0,1.0986122886681098,0.0,0.0
https://openalex.org/W3093906170,2020,9,3,2,1,1,0,0,0,0,0,0,1,0,1.3862943611198906,1.0986122886681098,0.6931471805599453
https://openalex.org/W3109006712,2020,0,2,0,0,0,0,0,0,0,0,0,1,0,1.0986122886681098,0.0,0.0
https://openalex.org/W3046347842,2020,6,1,0,0,0,0,0,0,0,0,0,0,0,0.6931471805599453,0.0,0.0
https://openalex.org/W2980654682,2020,0,3,0,0,0,0,0,0,0,0,0,0,0,1.3862943611198906,0.0,0.0
https://openalex.org/W3117271442,2020,0,2,1,1,0,0,0,0,0,0,1,1,0,1.0986122886681098,0.6931471805599453,0.6931471805599453
https://openalex.org/W3176987828,2020,0,2,0,0,0,0,0,0,0,0,0,0,0,1.0986122886681098,0.0,0.0
https://openalex.org/W3111112137,2020,0,1,1,1,0,0,0,0,0,0,0,0,0,0.6931471805599453,0.6931471805599453,0.6931471805599453
https://openalex.org/W3016915678,2020,4,2,0,0,0,0,0,0,0,0,0,0,0,1.0986122886681098,0.0,0.0
https://openalex.org/W4298372800,2020,0,3,0,0,0,0,0,0,0,0,1,0,0,1.3862943611198906,0.0,0.0
https://openalex.org/W3093009018,2020,2,2,1,1,0,0,0,0,0,1,1,0,0,1.0986122886681098,0.6931471805599453,0.6931471805599453
https://openalex.org/W3046887253,2020,0,1,0,0,0,0,0,0,0,0,1,1,0,0.6931471805599453,0.0,0.0
https://openalex.org/W2898805782,2020,0,5,0,0,0,0,0,0,0,0,1,0,0,1.791759469228055,0.0,0.0
https://openalex.org/W3088899995,2020,14,1,1,1,0,0,0,0,0,0,1,1,0,0.6931471805599453,0.6931471805599453,0.6931471805599453
https://openalex.org/W3088909405,2020,8,3,1,1,0,0,0,0,0,1,0,1,0,1.3862943611198906,0.6931471805599453,0.6931471805599453
https://openalex.org/W3213360074,2020,1,5,1,1,0,0,0,0,0,0,1,1,0,1.791759469228055,0.6931471805599453,0.6931471805599453
https://openalex.org/W4246191130,2020,0,3,1,1,0,0,0,0,0,0,0,1,0,1.3862943611198906,0.6931471805599453,0.6931471805599453
https://openalex.org/W3182753745,2020,0,1,0,0,0,0,0,0,0,0,0,0,0,0.6931471805599453,0.0,0.0
https://openalex.org/W3107551599,2020,9,4,1,1,0,0,0,0,0,1,0,0,0,1.6094379124341003,0.6931471805599453,0.6931471805599453
https://openalex.org/W3083389411,2020,5,5,0,0,0,0,0,0,0,0,1,1,0,1.791759469228055,0.0,0.0
https://openalex.org/W3005372859,2020,15,2,1,1,0,0,0,0,0,0,0,1,0,1.0986122886681098,0.6931471805599453,0.6931471805599453
https://openalex.org/W3014275448,2020,23,3,2,2,1,1,0,0,0,1,0,1,0,1.3862943611198906,1.0986122886681098,1.0986122886681098
https://openalex.org/W3096886574,2020,0,3,3,1,1,0,0,0,0,0,1,1,0,1.3862943611198906,1.3862943611198906,0.6931471805599453
https://openalex.org/W3083707969,2020,0,1,0,0,0,0,0,0,0,0,1,0,0,0.6931471805599453,0.0,0.0
https://openalex.org/W3099478124,2020,1,4,2,1,1,0,0,0,0,0,0,1,0,1.6094379124341003,1.0986122886681098,0.6931471805599453
https://openalex.org/W3038609473,2020,16,5,2,2,1,1,0,0,0,0,1,1,0,1.791759469228055,1.0986122886681098,1.0986122886681098
https://openalex.org/W3088044915,2020,9,2,2,1,1,0,0,0,0,0,1,1,0,1.0986122886681098,1.0986122886681098,0.6931471805599453
https://openalex.org/W3111419317,2020,329,4,1,1,0,0,0,0,0,0,0,1,1,1.6094379124341003,0.6931471805599453,0.6931471805599453
https://openalex.org/W3117069581,2020,25,4,3,2,1,1,0,0,0,0,0,1,1,1.6094379124341003,1.3862943611198906,1.0986122886681098
https://openalex.org/W7134460946,2020,0,1,0,0,0,0,0,0,0,0,0,0,0,0.6931471805599453,0.0,0.0
https://openalex.org/W3005987222,2020,4,3,3,1,1,0,0,0,1,0,0,1,0,1.3862943611198906,1.3862943611198906,0.6931471805599453
https://openalex.org/W3008778374,2020,0,1,0,0,0,0,0,0,0,0,0,0,0,0.6931471805599453,0.0,0.0
https://openalex.org/W3094648222,2020,0,5,1,1,0,0,0,0,0,0,1,0,0,1.791759469228055,0.6931471805599453,0.6931471805599453
https://openalex.org/W3087804963,2020,3,1,1,1,0,0,0,0,0,0,0,1,0,0.6931471805599453,0.6931471805599453,0.6931471805599453
https://openalex.org/W3112509565,2020,0,1,0,0,0,0,0,0,0,0,1,1,0,0.6931471805599453,0.0,0.0
https://openalex.org/W3112438137,2020,5,3,1,1,0,0,0,0,0,0,0,0,0,1.3862943611198906,0.6931471805599453,0.6931471805599453
https://openalex.org/W3015629669,2020,15,5,1,1,0,0,1,0,0,0,0,0,0,1.791759469228055,0.6931471805599453,0.6931471805599453
https://openalex.org/W3082555467,2020,30,8,6,3,1,1,0,0,0,0,1,1,1,2.1972245773362196,1.9459101490553132,1.3862943611198906
https://openalex.org/W3107512407,2020,0,1,1,1,0,0,0,0,0,0,0,0,0,0.6931471805599453,0.6931471805599453,0.6931471805599453
https://openalex.org/W3103549992,2020,0,1,0,0,0,0,0,0,0,0,0,1,0,0.6931471805599453,0.0,0.0
https://openalex.org/W3083344452,2020,0,2,2,1,1,0,0,0,0,1,0,1,0,1.0986122886681098,1.0986122886681098,0.6931471805599453
https://openalex.org/W3013669562,2020,2,5,1,1,0,0,0,0,0,0,0,0,0,1.791759469228055,0.6931471805599453,0.6931471805599453
https://openalex.org/W3179404458,2020,0,2,2,1,1,0,0,0,0,0,0,1,0,1.0986122886681098,1.0986122886681098,0.6931471805599453
https://openalex.org/W3108632821,2020,63,6,2,2,1,1,0,0,0,0,1,1,1,1.9459101490553132,1.0986122886681098,1.0986122886681098
https://openalex.org/W3021952903,2020,12,4,1,1,0,0,0,0,0,0,0,0,0,1.6094379124341003,0.6931471805599453,0.6931471805599453
https://openalex.org/W3037185294,2020,4,4,1,1,0,0,0,0,0,0,0,0,0,1.6094379124341003,0.6931471805599453,0.6931471805599453
https://openalex.org/W3094094149,2020,1,1,1,1,0,0,0,0,0,0,1,1,0,0.6931471805599453,0.6931471805599453,0.6931471805599453
https://openalex.org/W3032350540,2020,20,7,4,2,1,1,0,0,1,1,1,1,0,2.0794415416798357,1.6094379124341003,1.0986122886681098
https://openalex.org/W3120276248,2020,1,5,0,0,0,0,0,0,0,0,1,0,0,1.791759469228055,0.0,0.0
https://openalex.org/W3133398938,2020,0,2,0,0,0,0,0,0,0,0,0,0,0,1.0986122886681098,0.0,0.0
https://openalex.org/W3060328935,2020,18,3,1,1,0,0,0,0,0,0,0,1,0,1.3862943611198906,0.6931471805599453,0.6931471805599453
https://openalex.org/W3004572173,2020,1,3,1,1,0,0,0,0,0,0,0,1,0,1.3862943611198906,0.6931471805599453,0.6931471805599453
https://openalex.org/W3038381883,2020,0,4,0,0,0,0,0,0,0,0,0,1,0,1.6094379124341003,0.0,0.0
https://openalex.org/W3091906466,2020,11,5,2,1,1,0,0,0,0,0,0,1,0,1.791759469228055,1.0986122886681098,0.6931471805599453
https://openalex.org/W4250641072,2020,0,1,0,0,0,0,0,0,0,0,0,1,0,0.6931471805599453,0.0,0.0
https://openalex.org/W3037538821,2020,0,3,3,2,1,1,0,0,1,0,0,1,0,1.3862943611198906,1.3862943611198906,1.0986122886681098
https://openalex.org/W3010273698,2020,0,1,0,0,0,0,0,0,0,0,1,0,0,0.6931471805599453,0.0,0.0
https://openalex.org/W3036859605,2020,2,5,1,1,0,0,0,0,0,0,1,1,0,1.791759469228055,0.6931471805599453,0.6931471805599453
https://openalex.org/W3115719880,2020,0,3,1,1,0,0,0,0,0,0,0,1,0,1.3862943611198906,0.6931471805599453,0.6931471805599453
https://openalex.org/W3007270564,2020,2,2,1,1,0,0,0,0,0,0,1,1,0,1.0986122886681098,0.6931471805599453,0.6931471805599453
https://openalex.org/W3027899206,2020,23,5,4,2,1,1,0,0,0,0,1,1,0,1.791759469228055,1.6094379124341003,1.0986122886681098
https://openalex.org/W3035528052,2020,2,7,8,6,1,1,0,1,0,1,1,1,0,2.0794415416798357,2.1972245773362196,1.9459101490553132
https://openalex.org/W3088252515,2020,2,5,2,1,1,0,0,1,0,0,0,0,0,1.791759469228055,1.0986122886681098,0.6931471805599453
https://openalex.org/W3207957660,2020,0,1,1,1,0,0,0,0,0,0,1,0,0,0.6931471805599453,0.6931471805599453,0.6931471805599453
https://openalex.org/W3096473395,2020,5,2,0,0,0,0,0,0,0,0,1,0,0,1.0986122886681098,0.0,0.0
https://openalex.org/W3044904217,2020,0,3,2,2,1,1,0,0,0,0,1,1,0,1.3862943611198906,1.0986122886681098,1.0986122886681098
https://openalex.org/W3114507833,2020,1,2,2,1,1,0,0,0,0,0,1,1,0,1.0986122886681098,1.0986122886681098,0.6931471805599453
https://openalex.org/W3010522581,2020,45,1,1,1,0,0,0,0,0,0,1,1,1,0.6931471805599453,0.6931471805599453,0.6931471805599453
https://openalex.org/W3097411828,2020,121,3,2,2,1,1,0,0,0,1,1,0,1,1.3862943611198906,1.0986122886681098,1.0986122886681098
https://openalex.org/W3041631164,2020,10,4,1,1,0,0,0,0,0,0,1,1,0,1.6094379124341003,0.6931471805599453,0.6931471805599453
https://openalex.org/W3006367959,2020,1,3,1,1,0,0,0,0,0,0,1,1,0,1.3862943611198906,0.6931471805599453,0.6931471805599453
https://openalex.org/W3046607732,2020,0,3,2,2,1,1,0,0,0,1,0,1,0,1.3862943611198906,1.0986122886681098,1.0986122886681098
https://openalex.org/W3049363902,2020,5,5,4,1,1,0,0,1,0,0,0,1,0,1.791759469228055,1.6094379124341003,0.6931471805599453
https://openalex.org/W3086819449,2020,2,1,1,1,0,0,0,0,0,0,0,1,0,0.6931471805599453,0.6931471805599453,0.6931471805599453
https://openalex.org/W7128519295,2020,0,1,0,0,0,0,0,0,0,0,1,1,0,0.6931471805599453,0.0,0.0
https://openalex.org/W3046284196,2020,1,5,3,1,1,0,0,1,0,0,0,0,0,1.791759469228055,1.3862943611198906,0.6931471805599453
https://openalex.org/W3042040942,2020,1,4,3,1,1,0,0,0,0,0,1,1,0,1.6094379124341003,1.3862943611198906,0.6931471805599453
https://openalex.org/W4205259370,2020,0,3,3,1,1,0,0,0,0,0,1,1,0,1.3862943611198906,1.3862943611198906,0.6931471805599453
https://openalex.org/W3133781295,2020,0,2,0,0,0,0,0,0,0,0,0,1,0,1.0986122886681098,0.0,0.0
https://openalex.org/W3016078353,2020,3,5,0,0,0,0,0,0,0,0,0,1,0,1.791759469228055,0.0,0.0
https://openalex.org/W3104762444,2020,27,4,3,2,1,1,0,0,0,0,1,1,1,1.6094379124341003,1.3862943611198906,1.0986122886681098
https://openalex.org/W3088117662,2020,0,2,0,0,0,0,0,0,0,0,0,0,0,1.0986122886681098,0.0,0.0
https://openalex.org/W3020684785,2020,0,1,0,0,0,0,0,0,0,0,0,0,0,0.6931471805599453,0.0,0.0
https://openalex.org/W3097965910,2020,1,2,1,1,0,0,0,0,0,0,1,0,0,1.0986122886681098,0.6931471805599453,0.6931471805599453
https://openalex.org/W3046256519,2020,51,2,1,1,0,0,0,0,0,1,0,1,1,1.0986122886681098,0.6931471805599453,0.6931471805599453
https://openalex.org/W3130323772,2020,0,1,0,0,0,0,0,0,0,0,1,0,0,0.6931471805599453,0.0,0.0
https://openalex.org/W2999240301,2020,5,2,1,1,0,0,0,0,0,0,0,1,0,1.0986122886681098,0.6931471805599453,0.6931471805599453
https://openalex.org/W3115858937,2020,5,2,4,1,1,0,0,0,1,0,0,1,0,1.0986122886681098,1.6094379124341003,0.6931471805599453
https://openalex.org/W3134165027,2020,4,2,1,1,0,0,0,0,0,0,0,0,0,1.0986122886681098,0.6931471805599453,0.6931471805599453
https://openalex.org/W3112431971,2020,0,1,1,1,0,0,0,0,0,0,1,1,0,0.6931471805599453,0.6931471805599453,0.6931471805599453
https://openalex.org/W3138421918,2020,1,3,0,0,0,0,0,0,0,0,0,0,0,1.3862943611198906,0.0,0.0
https://openalex.org/W3040409953,2020,1,2,2,1,1,0,0,0,0,0,1,1,0,1.0986122886681098,1.0986122886681098,0.6931471805599453
https://openalex.org/W3202521649,2020,0,1,0,0,0,0,0,0,0,0,1,0,0,0.6931471805599453,0.0,0.0
https://openalex.org/W3160811723,2020,5,4,1,1,0,0,0,0,0,0,0,0,0,1.6094379124341003,0.6931471805599453,0.6931471805599453
https://openalex.org/W3117307549,2020,29,4,2,1,1,0,0,1,0,0,0,0,1,1.6094379124341003,1.0986122886681098,0.6931471805599453
https://openalex.org/W3096257445,2020,32,6,2,1,1,0,0,0,0,0,0,1,1,1.9459101490553132,1.0986122886681098,0.6931471805599453
https://openalex.org/W3017995847,2020,75,3,1,1,0,0,0,0,0,0,0,1,1,1.3862943611198906,0.6931471805599453,0.6931471805599453
https://openalex.org/W3105111501,2020,0,3,3,1,1,0,0,0,0,0,1,1,0,1.3862943611198906,1.3862943611198906,0.6931471805599453
https://openalex.org/W3024227252,2020,0,1,0,0,0,0,0,0,0,0,0,0,0,0.6931471805599453,0.0,0.0
https://openalex.org/W3088269239,2020,0,1,0,0,0,0,0,0,0,0,0,0,0,0.6931471805599453,0.0,0.0
https://openalex.org/W3034983999,2020,3,7,2,1,1,0,0,0,0,0,0,1,0,2.0794415416798357,1.0986122886681098,0.6931471805599453
https://openalex.org/W3034854756,2020,142,9,1,1,0,0,0,0,0,0,0,0,1,2.302585092994046,0.6931471805599453,0.6931471805599453
https://openalex.org/W3155011104,2020,2,2,0,0,0,0,0,0,0,0,1,1,0,1.0986122886681098,0.0,0.0
https://openalex.org/W4205089722,2020,5,5,0,0,0,0,0,0,0,0,1,1,0,1.791759469228055,0.0,0.0
https://openalex.org/W3099963728,2020,5,5,4,1,1,0,0,0,0,0,0,1,0,1.791759469228055,1.6094379124341003,0.6931471805599453
https://openalex.org/W4286400098,2020,10,1,1,1,0,0,0,0,0,0,1,1,0,0.6931471805599453,0.6931471805599453,0.6931471805599453
https://openalex.org/W3123991164,2020,6,4,1,1,0,0,0,0,0,0,0,0,0,1.6094379124341003,0.6931471805599453,0.6931471805599453
https://openalex.org/W2890363229,2020,0,3,1,1,0,0,0,0,0,0,0,0,0,1.3862943611198906,0.6931471805599453,0.6931471805599453
https://openalex.org/W3033702947,2020,0,1,0,0,0,0,0,0,0,0,1,1,0,0.6931471805599453,0.0,0.0
https://openalex.org/W2920781572,2020,4,2,2,2,1,1,0,0,0,0,1,1,0,1.0986122886681098,1.0986122886681098,1.0986122886681098
https://openalex.org/W3028938728,2020,0,5,1,1,0,0,0,0,0,0,1,1,0,1.791759469228055,0.6931471805599453,0.6931471805599453
https://openalex.org/W4321348200,2020,0,3,1,1,0,0,0,0,0,0,1,0,0,1.3862943611198906,0.6931471805599453,0.6931471805599453
https://openalex.org/W3112054684,2020,3,3,1,1,0,0,0,0,0,0,0,0,0,1.3862943611198906,0.6931471805599453,0.6931471805599453
https://openalex.org/W3092632978,2020,0,8,5,3,1,1,0,0,0,1,0,1,0,2.1972245773362196,1.791759469228055,1.3862943611198906
https://openalex.org/W3093424068,2020,0,6,0,0,0,0,0,0,0,0,0,0,0,1.9459101490553132,0.0,0.0
https://openalex.org/W3117037481,2020,3,3,3,1,1,0,0,0,0,1,1,1,0,1.3862943611198906,1.3862943611198906,0.6931471805599453
https://openalex.org/W3087960797,2020,25,3,2,1,1,0,1,0,1,1,1,1,1,1.3862943611198906,1.0986122886681098,0.6931471805599453
https://openalex.org/W7132895335,2020,0,1,0,0,0,0,0,0,0,0,1,0,0,0.6931471805599453,0.0,0.0
https://openalex.org/W3123768479,2020,0,4,2,1,1,0,0,0,0,0,0,1,0,1.6094379124341003,1.0986122886681098,0.6931471805599453
https://openalex.org/W3205486148,2020,0,1,0,0,0,0,0,0,0,0,0,0,0,0.6931471805599453,0.0,0.0
https://openalex.org/W3119508328,2020,2,1,0,0,0,0,0,0,0,0,1,1,0,0.6931471805599453,0.0,0.0
https://openalex.org/W3035709586,2020,1,2,4,2,1,1,1,0,1,1,0,1,0,1.0986122886681098,1.6094379124341003,1.0986122886681098
https://openalex.org/W3013492316,2020,0,1,1,1,0,0,0,0,0,0,1,0,0,0.6931471805599453,0.6931471805599453,0.6931471805599453
https://openalex.org/W3116209155,2020,3,4,1,1,0,0,0,0,0,0,1,1,0,1.6094379124341003,0.6931471805599453,0.6931471805599453
https://openalex.org/W4287765122,2020,0,1,0,0,0,0,0,0,0,0,1,0,0,0.6931471805599453,0.0,0.0
https://openalex.org/W3048206931,2020,4,3,1,1,0,0,0,0,0,0,1,0,0,1.3862943611198906,0.6931471805599453,0.6931471805599453
https://openalex.org/W4287545611,2020,8,1,0,0,0,0,0,0,0,0,1,1,0,0.6931471805599453,0.0,0.0
https://openalex.org/W3032155796,2020,7,3,1,1,0,0,0,0,0,0,1,0,0,1.3862943611198906,0.6931471805599453,0.6931471805599453
https://openalex.org/W2971487032,2020,105,5,2,1,1,0,1,1,0,1,1,1,1,1.791759469228055,1.0986122886681098,0.6931471805599453
https://openalex.org/W3041001363,2020,0,1,1,1,0,0,0,0,0,0,0,1,0,0.6931471805599453,0.6931471805599453,0.6931471805599453
https://openalex.org/W3090550431,2020,0,4,0,0,0,0,0,0,0,0,0,0,0,1.6094379124341003,0.0,0.0
https://openalex.org/W3056029072,2020,0,2,0,0,0,0,0,0,0,0,0,1,0,1.0986122886681098,0.0,0.0
https://openalex.org/W3033470184,2020,3,4,1,1,0,0,0,0,0,0,1,1,0,1.6094379124341003,0.6931471805599453,0.6931471805599453
https://openalex.org/W3117123592,2020,1,2,1,1,0,0,0,0,0,1,1,1,0,1.0986122886681098,0.6931471805599453,0.6931471805599453
https://openalex.org/W3087909741,2020,6,2,1,1,0,0,0,0,0,0,0,0,0,1.0986122886681098,0.6931471805599453,0.6931471805599453
https://openalex.org/W3112404385,2020,54,3,2,1,1,0,0,0,0,0,0,1,1,1.3862943611198906,1.0986122886681098,0.6931471805599453
https://openalex.org/W3001607558,2020,0,1,0,0,0,0,0,0,0,0,0,0,0,0.6931471805599453,0.0,0.0
https://openalex.org/W3214601611,2020,0,1,0,0,0,0,0,0,0,0,0,1,0,0.6931471805599453,0.0,0.0
https://openalex.org/W3185673521,2020,3,3,1,1,0,0,0,0,0,0,1,0,0,1.3862943611198906,0.6931471805599453,0.6931471805599453
https://openalex.org/W3024637799,2020,0,2,0,0,0,0,0,0,0,0,0,0,0,1.0986122886681098,0.0,0.0
https://openalex.org/W3000492309,2020,11,5,1,1,0,0,0,0,1,1,0,0,0,1.791759469228055,0.6931471805599453,0.6931471805599453
https://openalex.org/W3130204555,2020,0,1,0,0,0,0,0,0,0,0,1,1,0,0.6931471805599453,0.0,0.0
https://openalex.org/W3014999708,2020,14,3,1,1,0,0,0,0,0,0,1,1,0,1.3862943611198906,0.6931471805599453,0.6931471805599453
https://openalex.org/W3046218135,2020,0,1,0,0,0,0,0,0,0,0,1,0,0,0.6931471805599453,0.0,0.0
https://openalex.org/W3204107204,2020,0,1,0,0,0,0,0,0,0,0,0,0,0,0.6931471805599453,0.0,0.0
https://openalex.org/W3006504108,2020,19,8,0,0,0,0,0,0,0,0,1,1,0,2.1972245773362196,0.0,0.0
https://openalex.org/W3015538921,2020,3,2,1,1,0,0,0,0,0,0,0,1,0,1.0986122886681098,0.6931471805599453,0.6931471805599453
https://openalex.org/W2941378341,2020,0,2,0,0,0,0,0,0,0,0,0,0,0,1.0986122886681098,0.0,0.0
https://openalex.org/W4287633437,2020,0,2,1,1,0,0,0,0,0,0,1,0,0,1.0986122886681098,0.6931471805599453,0.6931471805599453
https://openalex.org/W3102315106,2020,62,5,2,2,1,1,0,1,0,0,1,0,1,1.791759469228055,1.0986122886681098,1.0986122886681098
https://openalex.org/W3199141352,2020,0,5,5,3,1,1,0,0,0,1,1,0,0,1.791759469228055,1.791759469228055,1.3862943611198906
https://openalex.org/W4387216757,2020,5,2,1,1,0,0,0,0,0,0,1,1,0,1.0986122886681098,0.6931471805599453,0.6931471805599453
https://openalex.org/W3007323336,2020,2,5,2,1,1,0,0,0,0,0,1,1,0,1.791759469228055,1.0986122886681098,0.6931471805599453
https://openalex.org/W3044701447,2020,0,1,0,0,0,0,0,0,0,0,0,0,0,0.6931471805599453,0.0,0.0
https://openalex.org/W3107377287,2020,2,1,1,1,0,0,0,0,0,1,1,0,0,0.6931471805599453,0.6931471805599453,0.6931471805599453
https://openalex.org/W3215250815,2020,0,3,0,0,0,0,0,0,0,0,1,1,0,1.3862943611198906,0.0,0.0
https://openalex.org/W4327785521,2020,0,2,0,0,0,0,0,0,0,0,1,1,0,1.0986122886681098,0.0,0.0
https://openalex.org/W3094768050,2020,8,4,1,1,0,0,0,0,1,1,0,0,0,1.6094379124341003,0.6931471805599453,0.6931471805599453
https://openalex.org/W3040593192,2020,0,2,0,0,0,0,0,0,0,0,1,1,0,1.0986122886681098,0.0,0.0
https://openalex.org/W3105573724,2020,0,3,0,0,0,0,0,0,0,0,0,1,0,1.3862943611198906,0.0,0.0
https://openalex.org/W3093844547,2020,85,3,1,1,0,0,0,0,0,0,1,1,1,1.3862943611198906,0.6931471805599453,0.6931471805599453
https://openalex.org/W755366852,2020,0,1,1,1,0,0,0,0,0,0,1,1,0,0.6931471805599453,0.6931471805599453,0.6931471805599453
https://openalex.org/W3188254330,2020,0,3,1,1,0,0,0,0,0,0,1,0,0,1.3862943611198906,0.6931471805599453,0.6931471805599453
https://openalex.org/W3176135071,2020,3,2,1,1,0,0,0,0,0,0,1,1,0,1.0986122886681098,0.6931471805599453,0.6931471805599453
https://openalex.org/W3033508047,2020,9,1,1,1,0,0,0,0,0,0,1,1,0,0.6931471805599453,0.6931471805599453,0.6931471805599453
https://openalex.org/W2966806350,2020,6,2,1,1,0,0,0,0,0,0,1,1,0,1.0986122886681098,0.6931471805599453,0.6931471805599453
https://openalex.org/W4245924219,2020,0,9,0,0,0,0,0,0,0,0,1,1,0,2.302585092994046,0.0,0.0
https://openalex.org/W3007831503,2020,0,2,0,0,0,0,0,0,0,0,1,1,0,1.0986122886681098,0.0,0.0
https://openalex.org/W3083198059,2020,0,4,0,0,0,0,0,0,0,0,0,0,0,1.6094379124341003,0.0,0.0
https://openalex.org/W3110044578,2020,6,4,1,1,0,0,0,0,0,0,1,1,0,1.6094379124341003,0.6931471805599453,0.6931471805599453
https://openalex.org/W2105209039,2020,0,3,2,2,1,1,0,0,0,0,1,0,0,1.3862943611198906,1.0986122886681098,1.0986122886681098
https://openalex.org/W3097920988,2020,0,1,1,1,0,0,0,0,0,0,1,1,0,0.6931471805599453,0.6931471805599453,0.6931471805599453
https://openalex.org/W7143370176,2020,0,1,0,0,0,0,0,0,0,0,1,1,0,0.6931471805599453,0.0,0.0
https://openalex.org/W3097129410,2020,0,1,0,0,0,0,0,0,0,0,0,0,0,0.6931471805599453,0.0,0.0
https://openalex.org/W3018388102,2020,51,4,3,1,1,0,0,0,0,0,0,1,1,1.6094379124341003,1.3862943611198906,0.6931471805599453
https://openalex.org/W3108286853,2020,0,3,1,1,0,0,1,0,0,0,0,1,0,1.3862943611198906,0.6931471805599453,0.6931471805599453
https://openalex.org/W3043263600,2020,1,2,1,1,0,0,0,0,0,0,0,0,0,1.0986122886681098,0.6931471805599453,0.6931471805599453
https://openalex.org/W3134162628,2020,1,2,2,1,1,0,0,0,0,0,1,1,0,1.0986122886681098,1.0986122886681098,0.6931471805599453
https://openalex.org/W3112179090,2020,0,1,0,0,0,0,0,0,0,0,0,0,0,0.6931471805599453,0.0,0.0
https://openalex.org/W3045840245,2020,1,3,1,1,0,0,0,1,0,1,0,0,0,1.3862943611198906,0.6931471805599453,0.6931471805599453
https://openalex.org/W3111355027,2020,5,2,0,0,0,0,0,0,0,0,1,1,0,1.0986122886681098,0.0,0.0
https://openalex.org/W3088147449,2020,17,7,3,1,1,0,0,0,0,0,1,1,0,2.0794415416798357,1.3862943611198906,0.6931471805599453
https://openalex.org/W3034040535,2020,15,4,2,1,1,0,0,0,0,0,0,1,0,1.6094379124341003,1.0986122886681098,0.6931471805599453
https://openalex.org/W3128964195,2020,0,3,2,1,1,0,1,0,0,0,0,0,0,1.3862943611198906,1.0986122886681098,0.6931471805599453
https://openalex.org/W3127581265,2020,0,5,1,1,0,0,0,0,0,0,0,0,0,1.791759469228055,0.6931471805599453,0.6931471805599453
https://openalex.org/W3138324099,2020,0,2,1,1,0,0,0,0,0,0,0,0,0,1.0986122886681098,0.6931471805599453,0.6931471805599453
https://openalex.org/W4244244281,2020,0,1,0,0,0,0,0,0,0,0,0,0,0,0.6931471805599453,0.0,0.0
https://openalex.org/W3110526973,2020,9,5,4,2,1,1,0,0,0,0,0,0,0,1.791759469228055,1.6094379124341003,1.0986122886681098
https://openalex.org/W3002397808,2020,35,5,2,1,1,0,0,0,0,0,0,1,1,1.791759469228055,1.0986122886681098,0.6931471805599453
https://openalex.org/W3185265579,2020,0,4,3,1,1,0,0,0,0,0,0,0,0,1.6094379124341003,1.3862943611198906,0.6931471805599453
https://openalex.org/W3133651585,2020,0,2,0,0,0,0,0,0,0,0,0,0,0,1.0986122886681098,0.0,0.0
https://openalex.org/W3209207680,2020,0,1,0,0,0,0,0,0,0,0,1,0,0,0.6931471805599453,0.0,0.0
https://openalex.org/W3044103721,2020,0,1,0,0,0,0,0,0,0,0,1,0,0,0.6931471805599453,0.0,0.0
https://openalex.org/W3049362180,2020,5,3,1,1,0,0,0,0,0,0,0,0,0,1.3862943611198906,0.6931471805599453,0.6931471805599453
https://openalex.org/W3128112195,2020,0,1,0,0,0,0,0,0,0,0,0,0,0,0.6931471805599453,0.0,0.0
https://openalex.org/W3116835482,2020,0,5,1,1,0,0,0,0,0,0,0,1,0,1.791759469228055,0.6931471805599453,0.6931471805599453
https://openalex.org/W3214124522,2020,0,3,0,0,0,0,0,0,0,0,0,1,0,1.3862943611198906,0.0,0.0
https://openalex.org/W2997671755,2020,2,3,1,1,0,0,0,0,0,0,1,1,0,1.3862943611198906,0.6931471805599453,0.6931471805599453
https://openalex.org/W3085793556,2020,0,4,0,0,0,0,0,0,0,0,0,0,0,1.6094379124341003,0.0,0.0
https://openalex.org/W3089560065,2020,2,2,1,1,0,0,0,0,0,0,1,1,0,1.0986122886681098,0.6931471805599453,0.6931471805599453
https://openalex.org/W3107093981,2020,4,3,3,1,1,0,0,0,0,0,0,0,0,1.3862943611198906,1.3862943611198906,0.6931471805599453
https://openalex.org/W3024987034,2020,1,3,0,0,0,0,0,0,0,0,0,1,0,1.3862943611198906,0.0,0.0
https://openalex.org/W3012032321,2020,11,5,1,1,0,0,0,0,0,0,1,1,0,1.791759469228055,0.6931471805599453,0.6931471805599453
https://openalex.org/W3164148712,2020,18,4,0,0,0,0,0,0,0,0,0,1,0,1.6094379124341003,0.0,0.0
https://openalex.org/W3091817629,2020,3,4,2,1,1,0,0,0,0,0,0,0,0,1.6094379124341003,1.0986122886681098,0.6931471805599453
https://openalex.org/W3126493477,2020,0,1,0,0,0,0,0,0,0,0,0,1,0,0.6931471805599453,0.0,0.0
https://openalex.org/W2999491312,2020,1,1,1,1,0,0,0,0,0,0,1,1,0,0.6931471805599453,0.6931471805599453,0.6931471805599453
https://openalex.org/W3092084923,2020,1,1,0,0,0,0,0,0,0,0,1,1,0,0.6931471805599453,0.0,0.0
https://openalex.org/W2619608854,2020,0,1,1,1,0,0,0,0,0,0,1,0,0,0.6931471805599453,0.6931471805599453,0.6931471805599453
https://openalex.org/W3205725216,2020,0,6,0,0,0,0,0,0,0,0,0,0,0,1.9459101490553132,0.0,0.0
https://openalex.org/W3087131353,2020,14,5,1,1,0,0,0,0,0,0,1,1,0,1.791759469228055,0.6931471805599453,0.6931471805599453
https://openalex.org/W2999348527,2020,8,6,2,2,1,1,0,0,0,0,0,1,0,1.9459101490553132,1.0986122886681098,1.0986122886681098
https://openalex.org/W3112928023,2020,0,1,0,0,0,0,0,0,0,0,0,0,0,0.6931471805599453,0.0,0.0
https://openalex.org/W3082881700,2020,0,1,0,0,0,0,0,0,0,0,0,1,0,0.6931471805599453,0.0,0.0
https://openalex.org/W3092797786,2020,6,3,2,2,1,1,1,0,0,1,0,0,0,1.3862943611198906,1.0986122886681098,1.0986122886681098
https://openalex.org/W3095752071,2020,0,3,2,1,1,0,0,0,0,0,0,1,0,1.3862943611198906,1.0986122886681098,0.6931471805599453
https://openalex.org/W3003853236,2020,0,1,0,0,0,0,0,0,0,0,0,1,0,0.6931471805599453,0.0,0.0
https://openalex.org/W3145817958,2020,1,1,0,0,0,0,0,0,0,0,0,1,0,0.6931471805599453,0.0,0.0
https://openalex.org/W3107870337,2020,0,1,1,1,0,0,0,1,0,0,0,1,0,0.6931471805599453,0.6931471805599453,0.6931471805599453
https://openalex.org/W3044477028,2020,94,5,3,2,1,1,0,0,0,0,0,1,1,1.791759469228055,1.3862943611198906,1.0986122886681098
https://openalex.org/W3019239952,2020,1,4,0,0,0,0,0,0,0,0,0,1,0,1.6094379124341003,0.0,0.0
https://openalex.org/W3082596869,2020,0,3,0,0,0,0,0,0,0,0,1,1,0,1.3862943611198906,0.0,0.0
https://openalex.org/W3039188367,2020,0,1,0,0,0,0,0,0,0,0,0,0,0,0.6931471805599453,0.0,0.0
https://openalex.org/W3022397649,2020,3,6,2,1,1,0,1,0,0,0,0,0,0,1.9459101490553132,1.0986122886681098,0.6931471805599453
https://openalex.org/W3041526775,2020,0,2,0,0,0,0,0,0,0,0,0,1,0,1.0986122886681098,0.0,0.0
https://openalex.org/W3096026468,2020,10,3,2,2,1,1,0,0,0,0,1,1,0,1.3862943611198906,1.0986122886681098,1.0986122886681098
https://openalex.org/W3054751105,2020,0,1,0,0,0,0,0,0,0,0,1,0,0,0.6931471805599453,0.0,0.0
https://openalex.org/W3085376850,2020,0,2,0,0,0,0,0,0,0,0,1,1,0,1.0986122886681098,0.0,0.0
https://openalex.org/W3027102319,2020,15,3,1,1,0,0,0,0,0,0,0,1,0,1.3862943611198906,0.6931471805599453,0.6931471805599453
https://openalex.org/W3013390956,2020,10,4,1,1,0,0,0,0,0,0,1,1,0,1.6094379124341003,0.6931471805599453,0.6931471805599453
https://openalex.org/W3033079225,2020,0,4,0,0,0,0,0,0,0,0,0,1,0,1.6094379124341003,0.0,0.0
https://openalex.org/W3045382180,2020,6,2,1,1,0,0,0,0,0,0,1,1,0,1.0986122886681098,0.6931471805599453,0.6931471805599453
https://openalex.org/W2998894759,2020,7,4,4,4,1,1,0,0,0,0,0,1,0,1.6094379124341003,1.6094379124341003,1.6094379124341003
https://openalex.org/W3008816522,2020,2,2,1,1,0,0,0,0,0,0,1,1,0,1.0986122886681098,0.6931471805599453,0.6931471805599453
https://openalex.org/W3039728588,2020,17,2,1,1,0,0,0,0,0,0,1,1,0,1.0986122886681098,0.6931471805599453,0.6931471805599453
https://openalex.org/W3088231778,2020,1,2,0,0,0,0,0,0,0,0,0,0,0,1.0986122886681098,0.0,0.0
https://openalex.org/W3023494945,2020,26,3,1,1,0,0,0,0,0,0,1,1,1,1.3862943611198906,0.6931471805599453,0.6931471805599453
https://openalex.org/W3095696140,2020,0,1,1,1,0,0,0,0,0,0,1,1,0,0.6931471805599453,0.6931471805599453,0.6931471805599453
https://openalex.org/W3032900654,2020,1,2,1,1,0,0,0,0,0,0,0,0,0,1.0986122886681098,0.6931471805599453,0.6931471805599453
https://openalex.org/W4235946121,2020,37,6,0,0,0,0,0,0,0,0,1,1,1,1.9459101490553132,0.0,0.0
https://openalex.org/W3049095768,2020,1,2,1,1,0,0,0,0,0,0,0,0,0,1.0986122886681098,0.6931471805599453,0.6931471805599453
https://openalex.org/W3049698553,2020,2,4,1,1,0,0,0,0,0,0,0,0,0,1.6094379124341003,0.6931471805599453,0.6931471805599453
https://openalex.org/W3199778529,2020,0,5,0,0,0,0,0,0,0,0,0,1,0,1.791759469228055,0.0,0.0
https://openalex.org/W4254121636,2020,0,1,0,0,0,0,0,0,0,0,1,1,0,0.6931471805599453,0.0,0.0
https://openalex.org/W2953675788,2020,5,2,1,1,0,0,0,0,0,0,1,1,0,1.0986122886681098,0.6931471805599453,0.6931471805599453
https://openalex.org/W3020378562,2020,37,1,1,1,0,0,0,0,0,0,0,1,1,0.6931471805599453,0.6931471805599453,0.6931471805599453
https://openalex.org/W3093796438,2020,0,1,1,1,0,0,0,0,0,0,1,1,0,0.6931471805599453,0.6931471805599453,0.6931471805599453
https://openalex.org/W3112997659,2020,1,1,0,0,0,0,0,0,0,0,1,1,0,0.6931471805599453,0.0,0.0
https://openalex.org/W3090417721,2020,0,1,0,0,0,0,0,0,0,0,0,0,0,0.6931471805599453,0.0,0.0
https://openalex.org/W3045171440,2020,106,3,1,1,0,0,0,0,0,0,0,1,1,1.3862943611198906,0.6931471805599453,0.6931471805599453
https://openalex.org/W3014790545,2020,12,3,2,2,1,1,0,0,0,0,1,1,0,1.3862943611198906,1.0986122886681098,1.0986122886681098
https://openalex.org/W2978038996,2020,3,2,2,1,1,0,0,0,0,1,0,0,0,1.0986122886681098,1.0986122886681098,0.6931471805599453
https://openalex.org/W3107607461,2020,11,2,1,1,0,0,0,0,0,0,0,1,0,1.0986122886681098,0.6931471805599453,0.6931471805599453
https://openalex.org/W3046871913,2020,2,2,1,1,0,0,0,0,0,0,0,0,0,1.0986122886681098,0.6931471805599453,0.6931471805599453
https://openalex.org/W2971367496,2020,2,4,3,3,1,1,0,0,0,0,0,1,0,1.6094379124341003,1.3862943611198906,1.3862943611198906
https://openalex.org/W3110518842,2020,0,3,1,1,0,0,0,0,0,0,1,1,0,1.3862943611198906,0.6931471805599453,0.6931471805599453
https://openalex.org/W3014622414,2020,1,2,1,1,0,0,0,0,0,0,0,0,0,1.0986122886681098,0.6931471805599453,0.6931471805599453
https://openalex.org/W7144360150,2020,0,1,0,0,0,0,0,0,0,0,1,0,0,0.6931471805599453,0.0,0.0
https://openalex.org/W3117781370,2020,1,5,2,2,1,1,0,0,0,0,0,0,0,1.791759469228055,1.0986122886681098,1.0986122886681098
https://openalex.org/W3173043080,2020,1,2,0,0,0,0,0,0,0,0,0,1,0,1.0986122886681098,0.0,0.0
https://openalex.org/W3184805986,2020,6,2,2,1,1,0,0,0,0,0,1,0,0,1.0986122886681098,1.0986122886681098,0.6931471805599453
https://openalex.org/W3038712955,2020,1,2,2,2,1,1,0,0,0,0,1,1,0,1.0986122886681098,1.0986122886681098,1.0986122886681098
https://openalex.org/W3119076808,2020,0,2,1,1,0,0,0,0,0,0,0,1,0,1.0986122886681098,0.6931471805599453,0.6931471805599453
https://openalex.org/W3000147031,2020,139,3,2,1,1,0,1,0,0,1,1,1,1,1.3862943611198906,1.0986122886681098,0.6931471805599453
https://openalex.org/W3022291517,2020,276,5,4,3,1,1,1,0,0,0,0,1,1,1.791759469228055,1.6094379124341003,1.3862943611198906
https://openalex.org/W3113746780,2020,3,3,0,0,0,0,0,0,0,0,0,0,0,1.3862943611198906,0.0,0.0
https://openalex.org/W3045734638,2020,91,3,3,2,1,1,0,0,0,0,0,1,1,1.3862943611198906,1.3862943611198906,1.0986122886681098
https://openalex.org/W3082895222,2020,10,5,3,3,1,1,0,0,0,0,1,0,0,1.791759469228055,1.3862943611198906,1.3862943611198906
https://openalex.org/W3113206588,2020,0,3,1,1,0,0,0,0,1,0,0,0,0,1.3862943611198906,0.6931471805599453,0.6931471805599453
https://openalex.org/W3010611756,2020,0,2,0,0,0,0,0,0,0,0,1,0,0,1.0986122886681098,0.0,0.0
https://openalex.org/W3139099555,2020,0,1,0,0,0,0,0,0,0,0,0,1,0,0.6931471805599453,0.0,0.0
https://openalex.org/W3016665445,2020,0,1,0,0,0,0,0,0,0,0,0,0,0,0.6931471805599453,0.0,0.0
https://openalex.org/W3112036956,2020,2,2,1,1,0,0,0,0,0,0,1,1,0,1.0986122886681098,0.6931471805599453,0.6931471805599453
https://openalex.org/W3117753934,2020,9,8,4,3,1,1,0,1,0,1,1,0,0,2.1972245773362196,1.6094379124341003,1.3862943611198906
https://openalex.org/W3093809838,2020,0,4,2,1,1,0,0,0,1,0,0,0,0,1.6094379124341003,1.0986122886681098,0.6931471805599453
https://openalex.org/W3014383398,2020,0,1,0,0,0,0,0,0,0,0,0,0,0,0.6931471805599453,0.0,0.0
https://openalex.org/W3163718301,2020,0,1,0,0,0,0,0,0,0,0,0,0,0,0.6931471805599453,0.0,0.0
https://openalex.org/W3087452674,2020,1,1,1,1,0,0,0,0,0,0,0,0,0,0.6931471805599453,0.6931471805599453,0.6931471805599453
https://openalex.org/W3141765600,2020,0,5,3,2,1,1,0,0,0,0,1,1,0,1.791759469228055,1.3862943611198906,1.0986122886681098
https://openalex.org/W3108792090,2020,1,2,1,1,0,0,0,0,0,0,0,0,0,1.0986122886681098,0.6931471805599453,0.6931471805599453
https://openalex.org/W3168046486,2020,0,1,1,1,0,0,0,0,0,0,0,0,0,0.6931471805599453,0.6931471805599453,0.6931471805599453
https://openalex.org/W3093578209,2020,0,1,0,0,0,0,0,0,0,0,0,0,0,0.6931471805599453,0.0,0.0
https://openalex.org/W3163133252,2020,0,1,0,0,0,0,0,0,0,0,0,0,0,0.6931471805599453,0.0,0.0
https://openalex.org/W4367060365,2020,3,10,3,1,1,0,0,0,0,0,1,1,0,2.3978952727983707,1.3862943611198906,0.6931471805599453
https://openalex.org/W3166860966,2020,0,4,0,0,0,0,0,0,0,0,1,1,0,1.6094379124341003,0.0,0.0
https://openalex.org/W3121033413,2020,2,1,1,1,0,0,0,0,0,0,1,1,0,0.6931471805599453,0.6931471805599453,0.6931471805599453
https://openalex.org/W3172082530,2020,5,7,1,1,0,0,0,0,0,0,1,1,0,2.0794415416798357,0.6931471805599453,0.6931471805599453
https://openalex.org/W3013688972,2020,27,2,1,1,0,0,0,0,0,0,1,0,1,1.0986122886681098,0.6931471805599453,0.6931471805599453
https://openalex.org/W3088572811,2020,0,2,0,0,0,0,0,0,0,0,0,0,0,1.0986122886681098,0.0,0.0
https://openalex.org/W3045575949,2020,7,3,2,1,1,0,0,0,0,1,1,1,0,1.3862943611198906,1.0986122886681098,0.6931471805599453
https://openalex.org/W3015147551,2020,0,1,0,0,0,0,0,0,0,0,0,0,0,0.6931471805599453,0.0,0.0
https://openalex.org/W3004508574,2020,10,4,3,1,1,0,0,0,0,0,1,1,0,1.6094379124341003,1.3862943611198906,0.6931471805599453
https://openalex.org/W3132822721,2020,3,1,0,0,0,0,0,0,0,0,1,1,0,0.6931471805599453,0.0,0.0
https://openalex.org/W3127526964,2020,2,3,2,2,1,1,0,1,0,0,0,0,0,1.3862943611198906,1.0986122886681098,1.0986122886681098
https://openalex.org/W4285687633,2020,2,1,0,0,0,0,0,0,0,0,1,1,0,0.6931471805599453,0.0,0.0
https://openalex.org/W2121225344,2020,25,1,1,1,0,0,0,0,0,0,1,0,1,0.6931471805599453,0.6931471805599453,0.6931471805599453
https://openalex.org/W3196416409,2020,0,1,0,0,0,0,0,0,0,0,0,0,0,0.6931471805599453,0.0,0.0
https://openalex.org/W3134647531,2020,7,4,2,2,1,1,0,0,0,0,0,0,0,1.6094379124341003,1.0986122886681098,1.0986122886681098
https://openalex.org/W3090156053,2020,1,3,2,1,1,0,0,0,0,0,0,1,0,1.3862943611198906,1.0986122886681098,0.6931471805599453
https://openalex.org/W3087974246,2020,58,2,1,1,0,0,0,0,0,0,1,1,1,1.0986122886681098,0.6931471805599453,0.6931471805599453
https://openalex.org/W4300718818,2020,0,29,0,0,0,0,0,0,0,0,1,0,0,3.4011973816621555,0.0,0.0
https://openalex.org/W3203039829,2020,2,1,1,1,0,0,0,0,0,0,1,1,0,0.6931471805599453,0.6931471805599453,0.6931471805599453
https://openalex.org/W3014988168,2020,1,3,0,0,0,0,0,0,0,0,1,1,0,1.3862943611198906,0.0,0.0
https://openalex.org/W3123964971,2020,2,3,2,1,1,0,0,0,0,0,0,0,0,1.3862943611198906,1.0986122886681098,0.6931471805599453
https://openalex.org/W3008654888,2020,11,6,1,1,0,0,0,0,0,0,1,1,0,1.9459101490553132,0.6931471805599453,0.6931471805599453
https://openalex.org/W4236656421,2020,0,3,1,1,0,0,0,0,0,0,1,1,0,1.3862943611198906,0.6931471805599453,0.6931471805599453
https://openalex.org/W3044669253,2020,0,1,0,0,0,0,0,0,0,0,0,0,0,0.6931471805599453,0.0,0.0
https://openalex.org/W3044868425,2020,10,6,4,4,1,1,0,0,1,0,0,0,0,1.9459101490553132,1.6094379124341003,1.6094379124341003
https://openalex.org/W3046715404,2020,0,2,0,0,0,0,0,0,0,0,0,0,0,1.0986122886681098,0.0,0.0
https://openalex.org/W3092360108,2020,0,1,0,0,0,0,0,0,0,0,1,0,0,0.6931471805599453,0.0,0.0
https://openalex.org/W3082675762,2020,1,7,5,2,1,1,1,0,1,0,0,0,0,2.0794415416798357,1.791759469228055,1.0986122886681098
https://openalex.org/W4285710638,2020,8,2,1,1,0,0,0,0,0,0,1,1,0,1.0986122886681098,0.6931471805599453,0.6931471805599453
https://openalex.org/W2984878547,2020,4,5,2,1,1,0,0,0,0,1,0,0,0,1.791759469228055,1.0986122886681098,0.6931471805599453
https://openalex.org/W3089785600,2020,4,4,3,1,1,0,0,0,0,0,1,1,0,1.6094379124341003,1.3862943611198906,0.6931471805599453
https://openalex.org/W3000197169,2020,18,6,3,1,1,0,0,0,0,0,0,1,0,1.9459101490553132,1.3862943611198906,0.6931471805599453
https://openalex.org/W3003915678,2020,2,2,1,1,0,0,0,0,0,0,1,1,0,1.0986122886681098,0.6931471805599453,0.6931471805599453
https://openalex.org/W4246813182,2020,0,100,1,1,0,0,0,0,0,0,1,0,0,4.61512051684126,0.6931471805599453,0.6931471805599453
https://openalex.org/W3110284833,2020,0,1,0,0,0,0,0,0,0,0,0,0,0,0.6931471805599453,0.0,0.0
https://openalex.org/W3210637894,2020,0,1,0,0,0,0,0,0,0,0,1,0,0,0.6931471805599453,0.0,0.0
https://openalex.org/W4242546249,2020,0,4,1,1,0,0,0,0,0,0,1,0,0,1.6094379124341003,0.6931471805599453,0.6931471805599453
https://openalex.org/W3016183074,2020,8,1,5,3,1,1,1,1,1,1,1,1,0,0.6931471805599453,1.791759469228055,1.3862943611198906
https://openalex.org/W3161633843,2020,0,5,3,2,1,1,0,0,0,0,0,0,0,1.791759469228055,1.3862943611198906,1.0986122886681098
https://openalex.org/W3158920930,2020,0,1,0,0,0,0,0,0,0,0,0,0,0,0.6931471805599453,0.0,0.0
https://openalex.org/W3088665717,2020,0,1,1,1,0,0,0,0,0,1,1,1,0,0.6931471805599453,0.6931471805599453,0.6931471805599453
https://openalex.org/W3133860560,2020,0,3,0,0,0,0,0,0,0,0,0,0,0,1.3862943611198906,0.0,0.0
https://openalex.org/W3084270375,2020,0,1,0,0,0,0,0,0,0,0,0,0,0,0.6931471805599453,0.0,0.0
https://openalex.org/W3134665633,2020,0,1,0,0,0,0,0,0,0,0,0,0,0,0.6931471805599453,0.0,0.0
https://openalex.org/W3110935005,2020,0,1,0,0,0,0,0,0,0,0,1,0,0,0.6931471805599453,0.0,0.0
https://openalex.org/W3138316516,2020,3,3,1,1,0,0,0,0,0,0,0,0,0,1.3862943611198906,0.6931471805599453,0.6931471805599453
https://openalex.org/W3118596029,2020,0,3,0,0,0,0,0,0,0,0,0,1,0,1.3862943611198906,0.0,0.0
https://openalex.org/W3091290905,2020,0,3,1,1,0,0,0,0,0,0,0,0,0,1.3862943611198906,0.6931471805599453,0.6931471805599453
https://openalex.org/W3109419789,2020,13,1,1,1,0,0,0,0,0,0,0,1,0,0.6931471805599453,0.6931471805599453,0.6931471805599453
https://openalex.org/W4254939369,2020,0,2,1,1,0,0,0,0,0,0,1,1,0,1.0986122886681098,0.6931471805599453,0.6931471805599453
https://openalex.org/W2999592893,2020,0,1,0,0,0,0,0,0,0,0,0,1,0,0.6931471805599453,0.0,0.0
https://openalex.org/W4235535181,2020,9,3,2,1,1,0,0,0,0,0,1,1,0,1.3862943611198906,1.0986122886681098,0.6931471805599453
https://openalex.org/W3116865993,2020,1,3,1,1,0,0,0,0,0,0,0,0,0,1.3862943611198906,0.6931471805599453,0.6931471805599453
https://openalex.org/W4401638462,2020,0,2,0,0,0,0,0,0,0,0,0,1,0,1.0986122886681098,0.0,0.0
https://openalex.org/W3023093870,2020,0,1,1,1,0,0,0,0,0,0,1,1,0,0.6931471805599453,0.6931471805599453,0.6931471805599453
https://openalex.org/W3081349959,2020,16,4,3,2,1,1,0,0,0,0,0,1,0,1.6094379124341003,1.3862943611198906,1.0986122886681098
https://openalex.org/W3048365286,2020,1,2,1,1,0,0,0,0,0,0,1,1,0,1.0986122886681098,0.6931471805599453,0.6931471805599453
https://openalex.org/W3022329998,2020,11,1,0,0,0,0,0,0,0,0,1,1,0,0.6931471805599453,0.0,0.0
https://openalex.org/W3014116190,2020,0,1,0,0,0,0,0,0,0,0,0,0,0,0.6931471805599453,0.0,0.0
https://openalex.org/W3032041147,2020,0,1,0,0,0,0,0,0,0,0,0,1,0,0.6931471805599453,0.0,0.0
https://openalex.org/W3005218976,2020,2,6,1,1,0,0,0,0,0,0,0,1,0,1.9459101490553132,0.6931471805599453,0.6931471805599453
https://openalex.org/W3035962305,2020,0,2,1,1,0,0,0,0,0,0,1,1,0,1.0986122886681098,0.6931471805599453,0.6931471805599453
https://openalex.org/W3034202715,2020,18,4,1,1,0,0,0,0,0,0,1,1,0,1.6094379124341003,0.6931471805599453,0.6931471805599453
https://openalex.org/W3092213085,2020,2,1,0,0,0,0,0,0,0,0,0,1,0,0.6931471805599453,0.0,0.0
https://openalex.org/W3023249323,2020,3,2,1,1,0,0,0,0,0,0,0,1,0,1.0986122886681098,0.6931471805599453,0.6931471805599453
https://openalex.org/W3097534024,2020,0,13,0,0,0,0,0,0,0,0,0,1,0,2.6390573296152584,0.0,0.0
https://openalex.org/W3093636527,2020,0,1,0,0,0,0,0,0,0,0,1,0,0,0.6931471805599453,0.0,0.0
https://openalex.org/W3090655038,2020,34,2,2,1,1,0,0,0,0,0,0,1,1,1.0986122886681098,1.0986122886681098,0.6931471805599453
https://openalex.org/W3033390360,2020,10,1,0,0,0,0,0,0,0,0,1,1,0,0.6931471805599453,0.0,0.0
https://openalex.org/W3006579565,2020,3,1,1,1,0,0,0,0,0,0,0,1,0,0.6931471805599453,0.6931471805599453,0.6931471805599453
https://openalex.org/W3088582240,2020,20,3,1,1,0,0,0,0,0,1,0,0,0,1.3862943611198906,0.6931471805599453,0.6931471805599453
https://openalex.org/W3018909211,2020,15,3,1,1,0,0,0,0,0,0,0,1,0,1.3862943611198906,0.6931471805599453,0.6931471805599453
https://openalex.org/W3013045896,2020,5,9,2,1,1,0,0,1,0,0,0,0,0,2.302585092994046,1.0986122886681098,0.6931471805599453
https://openalex.org/W3119189880,2020,1,3,2,1,1,0,0,0,0,0,0,0,0,1.3862943611198906,1.0986122886681098,0.6931471805599453
https://openalex.org/W3134478055,2020,0,1,0,0,0,0,0,0,0,0,0,1,0,0.6931471805599453,0.0,0.0
https://openalex.org/W3121339405,2020,1,4,3,1,1,0,0,0,0,0,0,0,0,1.6094379124341003,1.3862943611198906,0.6931471805599453
https://openalex.org/W3023944690,2020,10,7,2,1,1,0,1,0,0,1,1,1,0,2.0794415416798357,1.0986122886681098,0.6931471805599453
https://openalex.org/W3096086823,2020,1,1,1,1,0,0,0,0,0,0,1,1,0,0.6931471805599453,0.6931471805599453,0.6931471805599453
https://openalex.org/W4400596788,2020,2,1,0,0,0,0,0,0,0,0,1,1,0,0.6931471805599453,0.0,0.0
https://openalex.org/W3117979801,2020,26,10,8,7,1,1,0,0,1,0,1,1,1,2.3978952727983707,2.1972245773362196,2.0794415416798357
https://openalex.org/W3043491516,2020,0,2,2,2,1,1,0,0,0,0,1,1,0,1.0986122886681098,1.0986122886681098,1.0986122886681098
https://openalex.org/W3139874616,2020,8,3,2,1,1,0,0,0,0,0,0,1,0,1.3862943611198906,1.0986122886681098,0.6931471805599453
https://openalex.org/W3119901088,2020,0,2,0,0,0,0,0,0,0,0,0,1,0,1.0986122886681098,0.0,0.0
https://openalex.org/W4252681683,2020,0,1,1,1,0,0,0,0,0,0,1,1,0,0.6931471805599453,0.6931471805599453,0.6931471805599453
https://openalex.org/W3015979195,2020,0,1,0,0,0,0,0,0,0,0,1,0,0,0.6931471805599453,0.0,0.0
https://openalex.org/W3118666800,2020,1,3,1,1,0,0,0,0,0,0,0,0,0,1.3862943611198906,0.6931471805599453,0.6931471805599453
https://openalex.org/W3045422526,2020,1,1,0,0,0,0,0,0,0,0,1,1,0,0.6931471805599453,0.0,0.0
https://openalex.org/W3091674698,2020,1,2,1,1,0,0,0,0,0,0,1,1,0,1.0986122886681098,0.6931471805599453,0.6931471805599453
https://openalex.org/W3004876139,2020,5,4,2,1,1,0,0,0,0,0,1,1,0,1.6094379124341003,1.0986122886681098,0.6931471805599453
https://openalex.org/W4210803823,2020,1,1,0,0,0,0,0,0,0,0,1,1,0,0.6931471805599453,0.0,0.0
https://openalex.org/W3032940879,2020,2,1,1,1,0,0,0,0,0,0,0,1,0,0.6931471805599453,0.6931471805599453,0.6931471805599453
https://openalex.org/W3098577621,2020,0,3,2,2,1,1,0,1,0,1,0,0,0,1.3862943611198906,1.0986122886681098,1.0986122886681098
https://openalex.org/W3097774592,2020,5,3,2,1,1,0,0,0,0,0,0,0,0,1.3862943611198906,1.0986122886681098,0.6931471805599453
https://openalex.org/W3036732206,2020,48,6,6,3,1,1,0,0,1,0,0,1,1,1.9459101490553132,1.9459101490553132,1.3862943611198906
https://openalex.org/W3034116694,2020,26,1,1,1,0,0,0,1,0,0,0,1,1,0.6931471805599453,0.6931471805599453,0.6931471805599453
https://openalex.org/W3105527350,2020,14,3,2,1,1,0,0,0,1,1,0,1,0,1.3862943611198906,1.0986122886681098,0.6931471805599453
https://openalex.org/W3101278268,2020,49,4,0,0,0,0,0,0,0,0,0,0,1,1.6094379124341003,0.0,0.0
https://openalex.org/W3036568251,2020,144,6,5,3,1,1,0,0,0,0,0,1,1,1.9459101490553132,1.791759469228055,1.3862943611198906
https://openalex.org/W3033149158,2020,0,1,1,1,0,0,0,0,0,0,0,0,0,0.6931471805599453,0.6931471805599453,0.6931471805599453
https://openalex.org/W3126219741,2020,1,2,1,1,0,0,0,0,0,0,1,1,0,1.0986122886681098,0.6931471805599453,0.6931471805599453
https://openalex.org/W4237793403,2020,0,5,2,1,1,0,0,0,0,0,1,1,0,1.791759469228055,1.0986122886681098,0.6931471805599453
https://openalex.org/W3034758533,2020,7,5,3,3,1,1,0,0,1,0,1,1,0,1.791759469228055,1.3862943611198906,1.3862943611198906
https://openalex.org/W3091994629,2020,0,2,1,1,0,0,0,0,0,0,0,0,0,1.0986122886681098,0.6931471805599453,0.6931471805599453
https://openalex.org/W3200342235,2020,0,3,1,1,0,0,0,0,0,0,1,0,0,1.3862943611198906,0.6931471805599453,0.6931471805599453
https://openalex.org/W3047066970,2020,17,1,1,1,0,0,1,0,0,0,1,1,0,0.6931471805599453,0.6931471805599453,0.6931471805599453
https://openalex.org/W3094989652,2020,5,4,0,0,0,0,0,0,0,0,0,0,0,1.6094379124341003,0.0,0.0
https://openalex.org/W4207034726,2020,1,3,2,2,1,1,0,1,0,0,1,1,0,1.3862943611198906,1.0986122886681098,1.0986122886681098
https://openalex.org/W4384081947,2020,0,1,0,0,0,0,0,0,0,0,1,1,0,0.6931471805599453,0.0,0.0
https://openalex.org/W3134669713,2020,1,4,1,1,0,0,0,0,0,0,0,0,0,1.6094379124341003,0.6931471805599453,0.6931471805599453
https://openalex.org/W4252810664,2020,0,3,0,0,0,0,0,0,0,0,1,1,0,1.3862943611198906,0.0,0.0
https://openalex.org/W3035826441,2020,1,2,1,1,0,0,0,0,0,0,1,1,0,1.0986122886681098,0.6931471805599453,0.6931471805599453
https://openalex.org/W3120014339,2020,0,1,0,0,0,0,0,0,0,0,0,0,0,0.6931471805599453,0.0,0.0
https://openalex.org/W4233189223,2020,3,100,1,1,0,0,0,0,0,0,1,1,0,4.61512051684126,0.6931471805599453,0.6931471805599453
https://openalex.org/W7139524078,2020,0,1,0,0,0,0,0,0,0,0,1,0,0,0.6931471805599453,0.0,0.0
https://openalex.org/W2298035749,2020,4,3,1,1,0,0,0,0,0,1,1,0,0,1.3862943611198906,0.6931471805599453,0.6931471805599453
https://openalex.org/W3012573800,2020,4,8,2,1,1,0,0,0,0,0,1,1,0,2.1972245773362196,1.0986122886681098,0.6931471805599453
https://openalex.org/W3118056943,2020,0,3,5,3,1,1,0,1,1,1,1,1,0,1.3862943611198906,1.791759469228055,1.3862943611198906
https://openalex.org/W4206345300,2020,6,2,2,2,1,1,1,0,0,0,0,1,0,1.0986122886681098,1.0986122886681098,1.0986122886681098
https://openalex.org/W3083997989,2020,3,3,2,1,1,0,0,0,0,0,0,1,0,1.3862943611198906,1.0986122886681098,0.6931471805599453
https://openalex.org/W4245453988,2020,1,2,0,0,0,0,0,0,0,0,1,1,0,1.0986122886681098,0.0,0.0
https://openalex.org/W3155523389,2020,3,5,1,1,0,0,0,0,0,0,1,1,0,1.791759469228055,0.6931471805599453,0.6931471805599453
https://openalex.org/W3014716359,2020,5,4,1,1,0,0,0,0,0,0,1,0,0,1.6094379124341003,0.6931471805599453,0.6931471805599453
https://openalex.org/W7139224892,2020,0,1,0,0,0,0,0,0,0,0,0,0,0,0.6931471805599453,0.0,0.0
https://openalex.org/W3015632863,2020,6,10,2,1,1,0,0,0,0,0,1,1,0,2.3978952727983707,1.0986122886681098,0.6931471805599453
https://openalex.org/W3108083329,2020,0,2,1,1,0,0,0,0,0,0,1,1,0,1.0986122886681098,0.6931471805599453,0.6931471805599453
https://openalex.org/W7139224020,2020,0,1,0,0,0,0,0,0,0,0,1,0,0,0.6931471805599453,0.0,0.0
https://openalex.org/W3131572015,2020,4,7,3,1,1,0,0,0,1,0,0,0,0,2.0794415416798357,1.3862943611198906,0.6931471805599453
https://openalex.org/W3095278952,2020,33,3,2,1,1,0,0,0,0,0,1,1,1,1.3862943611198906,1.0986122886681098,0.6931471805599453
https://openalex.org/W3039550739,2020,7,4,5,4,1,1,0,0,0,1,0,0,0,1.6094379124341003,1.791759469228055,1.6094379124341003
https://openalex.org/W3154206490,2020,0,2,0,0,0,0,0,0,0,0,0,0,0,1.0986122886681098,0.0,0.0
https://openalex.org/W3014857842,2020,0,1,1,1,0,0,0,0,0,0,1,1,0,0.6931471805599453,0.6931471805599453,0.6931471805599453
https://openalex.org/W3094495453,2020,3,3,2,2,1,1,0,0,0,0,0,0,0,1.3862943611198906,1.0986122886681098,1.0986122886681098
https://openalex.org/W3120202911,2020,0,2,0,0,0,0,0,0,0,0,0,0,0,1.0986122886681098,0.0,0.0
https://openalex.org/W3010872985,2020,0,1,0,0,0,0,0,0,0,0,0,0,0,0.6931471805599453,0.0,0.0
https://openalex.org/W3135147069,2020,6,3,2,2,1,1,0,0,0,0,1,1,0,1.3862943611198906,1.0986122886681098,1.0986122886681098
https://openalex.org/W3047996053,2020,23,2,2,1,1,0,0,0,0,0,0,1,0,1.0986122886681098,1.0986122886681098,0.6931471805599453
https://openalex.org/W3097317905,2020,1,2,1,0,0,0,0,0,0,0,1,1,0,1.0986122886681098,0.6931471805599453,0.0
https://openalex.org/W3003924203,2020,3,1,0,0,0,0,0,0,0,0,0,1,0,0.6931471805599453,0.0,0.0
https://openalex.org/W3045351299,2020,8,6,1,1,0,0,0,0,0,0,1,1,0,1.9459101490553132,0.6931471805599453,0.6931471805599453
https://openalex.org/W3009817668,2020,106,5,3,3,1,1,0,0,0,1,0,1,1,1.791759469228055,1.3862943611198906,1.3862943611198906
https://openalex.org/W2990945534,2020,1,4,5,3,1,1,1,0,0,1,1,1,0,1.6094379124341003,1.791759469228055,1.3862943611198906
https://openalex.org/W3100556893,2020,4,5,2,2,1,1,0,0,0,0,1,0,0,1.791759469228055,1.0986122886681098,1.0986122886681098
https://openalex.org/W3046124450,2020,2,1,1,1,0,0,0,0,0,0,1,0,0,0.6931471805599453,0.6931471805599453,0.6931471805599453
https://openalex.org/W3092972659,2020,0,10,0,0,0,0,0,0,0,0,1,0,0,2.3978952727983707,0.0,0.0
https://openalex.org/W4246955912,2020,0,61,0,0,0,0,0,0,0,0,1,1,0,4.127134385045092,0.0,0.0
https://openalex.org/W3007469168,2020,30,3,2,1,1,0,0,0,0,0,0,1,1,1.3862943611198906,1.0986122886681098,0.6931471805599453
https://openalex.org/W3011780324,2020,211,9,6,2,1,1,0,0,1,0,1,1,1,2.302585092994046,1.9459101490553132,1.0986122886681098
https://openalex.org/W3042548172,2020,6,2,1,1,0,0,0,0,0,0,1,1,0,1.0986122886681098,0.6931471805599453,0.6931471805599453
https://openalex.org/W3035752546,2020,7,6,3,2,1,1,0,0,0,0,0,0,0,1.9459101490553132,1.3862943611198906,1.0986122886681098
https://openalex.org/W4248827789,2020,0,1,0,0,0,0,0,0,0,0,1,1,0,0.6931471805599453,0.0,0.0
https://openalex.org/W3137658641,2020,0,2,1,1,0,0,0,0,0,0,0,0,0,1.0986122886681098,0.6931471805599453,0.6931471805599453
https://openalex.org/W3022413839,2020,33,3,2,1,1,0,0,0,0,0,0,1,1,1.3862943611198906,1.0986122886681098,0.6931471805599453
https://openalex.org/W3004567587,2020,23,5,2,2,1,1,0,0,0,0,1,1,0,1.791759469228055,1.0986122886681098,1.0986122886681098
https://openalex.org/W3093816491,2020,1,4,1,1,0,0,0,0,0,0,0,0,0,1.6094379124341003,0.6931471805599453,0.6931471805599453
https://openalex.org/W3089658336,2020,6,3,2,2,1,1,1,0,0,0,0,0,0,1.3862943611198906,1.0986122886681098,1.0986122886681098
https://openalex.org/W3208085327,2020,0,2,0,0,0,0,0,0,0,0,1,0,0,1.0986122886681098,0.0,0.0
https://openalex.org/W2999930427,2020,0,1,0,0,0,0,0,0,0,0,1,1,0,0.6931471805599453,0.0,0.0
https://openalex.org/W3157533639,2020,2,4,2,1,1,0,0,0,0,0,1,1,0,1.6094379124341003,1.0986122886681098,0.6931471805599453
https://openalex.org/W3089866772,2020,0,1,0,0,0,0,0,0,0,0,1,1,0,0.6931471805599453,0.0,0.0
https://openalex.org/W3019112445,2020,0,1,0,0,0,0,0,0,0,0,0,1,0,0.6931471805599453,0.0,0.0
https://openalex.org/W3096075746,2020,0,1,0,0,0,0,0,0,0,0,0,1,0,0.6931471805599453,0.0,0.0
https://openalex.org/W2564365534,2020,0,1,0,0,0,0,0,0,0,0,0,0,0,0.6931471805599453,0.0,0.0
https://openalex.org/W3094654898,2020,0,2,0,0,0,0,0,0,0,0,0,1,0,1.0986122886681098,0.0,0.0
https://openalex.org/W3165699084,2020,0,1,0,0,0,0,0,0,0,0,0,1,0,0.6931471805599453,0.0,0.0
https://openalex.org/W3036889073,2020,48,6,5,3,1,1,0,0,0,1,0,1,1,1.9459101490553132,1.791759469228055,1.3862943611198906
https://openalex.org/W3148539555,2020,0,1,0,0,0,0,0,0,0,0,0,0,0,0.6931471805599453,0.0,0.0
https://openalex.org/W3095496423,2020,0,1,0,0,0,0,0,0,0,0,1,0,0,0.6931471805599453,0.0,0.0
https://openalex.org/W3093937844,2020,28,4,2,2,1,1,0,0,0,0,1,0,1,1.6094379124341003,1.0986122886681098,1.0986122886681098
https://openalex.org/W3047256373,2020,1,2,1,1,0,0,0,0,0,0,0,0,0,1.0986122886681098,0.6931471805599453,0.6931471805599453
https://openalex.org/W4237395725,2020,2,4,0,0,0,0,0,0,0,0,1,1,0,1.6094379124341003,0.0,0.0
https://openalex.org/W3088881036,2020,1,1,0,0,0,0,0,0,0,0,1,0,0,0.6931471805599453,0.0,0.0
https://openalex.org/W3132443447,2020,0,1,1,1,0,0,0,0,0,0,0,1,0,0.6931471805599453,0.6931471805599453,0.6931471805599453
https://openalex.org/W3162408678,2020,0,3,1,1,0,0,0,0,0,0,1,1,0,1.3862943611198906,0.6931471805599453,0.6931471805599453
https://openalex.org/W3017079584,2020,0,8,0,0,0,0,0,0,0,0,0,1,0,2.1972245773362196,0.0,0.0
https://openalex.org/W3138848489,2020,0,2,0,0,0,0,0,0,0,0,0,1,0,1.0986122886681098,0.0,0.0
https://openalex.org/W3018288946,2020,6,2,1,1,0,0,0,1,0,0,0,0,0,1.0986122886681098,0.6931471805599453,0.6931471805599453
https://openalex.org/W3029631973,2020,34,1,1,1,0,0,0,0,0,0,1,1,1,0.6931471805599453,0.6931471805599453,0.6931471805599453
https://openalex.org/W3108202134,2020,0,1,0,0,0,0,0,0,0,0,0,0,0,0.6931471805599453,0.0,0.0
https://openalex.org/W3202397324,2020,0,1,0,0,0,0,0,0,0,0,0,0,0,0.6931471805599453,0.0,0.0
https://openalex.org/W3045899622,2020,0,1,0,0,0,0,0,0,0,0,0,1,0,0.6931471805599453,0.0,0.0
https://openalex.org/W3089095368,2020,0,4,2,1,1,0,0,0,0,0,1,0,0,1.6094379124341003,1.0986122886681098,0.6931471805599453
https://openalex.org/W4253000170,2020,0,4,3,3,1,1,1,0,0,1,1,1,0,1.6094379124341003,1.3862943611198906,1.3862943611198906
https://openalex.org/W3163955184,2020,0,1,0,0,0,0,0,0,0,0,0,0,0,0.6931471805599453,0.0,0.0
https://openalex.org/W3152408942,2020,3,3,0,0,0,0,0,0,0,0,1,1,0,1.3862943611198906,0.0,0.0
https://openalex.org/W3090938295,2020,1,4,2,2,1,1,0,0,0,1,1,1,0,1.6094379124341003,1.0986122886681098,1.0986122886681098
https://openalex.org/W3104075271,2020,14,5,3,1,1,0,0,0,1,0,1,1,0,1.791759469228055,1.3862943611198906,0.6931471805599453
https://openalex.org/W3107221154,2020,1,2,1,1,0,0,0,0,0,0,1,1,0,1.0986122886681098,0.6931471805599453,0.6931471805599453
https://openalex.org/W1583458798,2020,14,1,1,1,0,0,0,0,0,0,1,0,0,0.6931471805599453,0.6931471805599453,0.6931471805599453
https://openalex.org/W3008155710,2020,0,1,0,0,0,0,0,0,0,0,0,1,0,0.6931471805599453,0.0,0.0
https://openalex.org/W3091059913,2020,0,2,1,1,0,0,0,0,0,1,0,0,0,1.0986122886681098,0.6931471805599453,0.6931471805599453
https://openalex.org/W3009351492,2020,12,6,4,1,1,0,0,0,0,0,1,1,0,1.9459101490553132,1.6094379124341003,0.6931471805599453
https://openalex.org/W3006026686,2020,10,3,2,1,1,0,0,0,0,0,0,1,0,1.3862943611198906,1.0986122886681098,0.6931471805599453
https://openalex.org/W3001447137,2020,19,6,1,1,0,0,0,1,0,1,0,1,0,1.9459101490553132,0.6931471805599453,0.6931471805599453
https://openalex.org/W3109955146,2020,1,8,2,1,1,0,0,0,0,0,0,1,0,2.1972245773362196,1.0986122886681098,0.6931471805599453
https://openalex.org/W3085679747,2020,0,1,0,0,0,0,0,0,0,0,0,0,0,0.6931471805599453,0.0,0.0
https://openalex.org/W3041941398,2020,16,3,2,1,1,0,0,0,0,0,1,1,0,1.3862943611198906,1.0986122886681098,0.6931471805599453
https://openalex.org/W3032843849,2020,12,6,1,1,0,0,0,0,0,0,0,0,0,1.9459101490553132,0.6931471805599453,0.6931471805599453
https://openalex.org/W3023222887,2020,32,5,2,1,1,0,0,0,0,0,1,1,1,1.791759469228055,1.0986122886681098,0.6931471805599453
https://openalex.org/W2998645105,2020,137,2,1,1,0,0,0,0,0,0,1,0,1,1.0986122886681098,0.6931471805599453,0.6931471805599453
https://openalex.org/W3025077435,2020,11,5,0,0,0,0,0,0,0,0,1,1,0,1.791759469228055,0.0,0.0
https://openalex.org/W2946245075,2020,1,3,0,0,0,0,0,0,0,0,1,1,0,1.3862943611198906,0.0,0.0
https://openalex.org/W3037595207,2020,0,1,0,0,0,0,0,0,0,0,0,1,0,0.6931471805599453,0.0,0.0
https://openalex.org/W3113722881,2020,5,3,1,1,0,0,0,0,0,0,0,0,0,1.3862943611198906,0.6931471805599453,0.6931471805599453
https://openalex.org/W3142606319,2020,5,3,1,1,0,0,0,0,0,0,1,1,0,1.3862943611198906,0.6931471805599453,0.6931471805599453
https://openalex.org/W3118987852,2020,9,1,1,1,0,0,0,0,0,0,1,1,0,0.6931471805599453,0.6931471805599453,0.6931471805599453
https://openalex.org/W3217250173,2020,0,1,0,0,0,0,0,0,0,0,0,1,0,0.6931471805599453,0.0,0.0
https://openalex.org/W3081030622,2020,0,2,0,0,0,0,0,0,0,0,0,1,0,1.0986122886681098,0.0,0.0
https://openalex.org/W3033357866,2020,0,5,1,1,0,0,0,0,0,1,1,0,0,1.791759469228055,0.6931471805599453,0.6931471805599453
https://openalex.org/W3025704751,2020,0,1,1,1,0,0,0,0,0,0,1,1,0,0.6931471805599453,0.6931471805599453,0.6931471805599453
https://openalex.org/W3131093812,2020,0,3,0,0,0,0,0,0,0,0,0,0,0,1.3862943611198906,0.0,0.0
https://openalex.org/W4293038482,2020,4,7,1,1,0,0,0,1,0,1,0,0,0,2.0794415416798357,0.6931471805599453,0.6931471805599453
https://openalex.org/W3044747998,2020,38,4,6,4,1,1,0,0,0,0,0,1,1,1.6094379124341003,1.9459101490553132,1.6094379124341003
https://openalex.org/W4403488969,2020,0,2,0,0,0,0,0,0,0,0,0,1,0,1.0986122886681098,0.0,0.0
https://openalex.org/W3022999216,2020,13,4,1,1,0,0,0,0,0,0,1,1,0,1.6094379124341003,0.6931471805599453,0.6931471805599453
https://openalex.org/W3026174058,2020,16,3,2,2,1,1,0,0,0,1,0,1,0,1.3862943611198906,1.0986122886681098,1.0986122886681098
https://openalex.org/W3215992554,2020,0,2,0,0,0,0,0,0,0,0,0,0,0,1.0986122886681098,0.0,0.0
https://openalex.org/W3165422512,2020,0,1,0,0,0,0,0,0,0,0,1,0,0,0.6931471805599453,0.0,0.0
https://openalex.org/W4247170081,2020,11,63,1,1,0,0,0,0,0,0,1,1,0,4.1588830833596715,0.6931471805599453,0.6931471805599453
https://openalex.org/W3089134429,2020,2,2,2,2,1,1,0,0,0,1,1,1,0,1.0986122886681098,1.0986122886681098,1.0986122886681098
https://openalex.org/W2946696023,2020,2,1,0,0,0,0,0,0,0,0,1,1,0,0.6931471805599453,0.0,0.0
https://openalex.org/W3034548362,2020,3,7,5,1,1,0,0,1,0,0,0,1,0,2.0794415416798357,1.791759469228055,0.6931471805599453
https://openalex.org/W3157657964,2020,5,4,1,1,0,0,0,0,0,0,1,1,0,1.6094379124341003,0.6931471805599453,0.6931471805599453
https://openalex.org/W3089592466,2020,39,4,1,1,0,0,0,0,0,0,0,1,1,1.6094379124341003,0.6931471805599453,0.6931471805599453
https://openalex.org/W3023127832,2020,7,5,3,2,1,1,0,0,0,0,1,0,0,1.791759469228055,1.3862943611198906,1.0986122886681098
https://openalex.org/W3189437877,2020,0,1,0,0,0,0,0,0,0,0,1,0,0,0.6931471805599453,0.0,0.0
https://openalex.org/W3016164434,2020,260,5,3,1,1,0,0,0,0,0,0,1,1,1.791759469228055,1.3862943611198906,0.6931471805599453
https://openalex.org/W7145965384,2020,0,1,0,0,0,0,0,0,0,0,1,0,0,0.6931471805599453,0.0,0.0
https://openalex.org/W3102490297,2020,7,3,3,1,1,0,0,0,0,1,0,1,0,1.3862943611198906,1.3862943611198906,0.6931471805599453
https://openalex.org/W3113393313,2020,2,2,1,1,0,0,0,0,0,0,1,0,0,1.0986122886681098,0.6931471805599453,0.6931471805599453
https://openalex.org/W3113080887,2020,44,5,9,1,1,0,0,0,1,0,0,1,1,1.791759469228055,2.302585092994046,0.6931471805599453
https://openalex.org/W3048802316,2020,0,2,0,0,0,0,0,0,0,0,0,0,0,1.0986122886681098,0.0,0.0
https://openalex.org/W3030228243,2020,25,1,1,1,0,0,0,0,0,0,0,1,1,0.6931471805599453,0.6931471805599453,0.6931471805599453
https://openalex.org/W3184168845,2020,0,1,0,0,0,0,0,0,0,0,1,0,0,0.6931471805599453,0.0,0.0
https://openalex.org/W3011271268,2020,22,4,4,3,1,1,1,0,0,1,1,1,0,1.6094379124341003,1.6094379124341003,1.3862943611198906
https://openalex.org/W3137833188,2020,0,2,2,1,1,0,0,0,0,0,1,1,0,1.0986122886681098,1.0986122886681098,0.6931471805599453
https://openalex.org/W3208584572,2020,1,3,1,1,0,0,0,0,0,0,0,0,0,1.3862943611198906,0.6931471805599453,0.6931471805599453
https://openalex.org/W3010856971,2020,0,1,0,0,0,0,0,0,0,0,1,1,0,0.6931471805599453,0.0,0.0
https://openalex.org/W3044562617,2020,1,4,1,1,0,0,0,0,0,0,0,0,0,1.6094379124341003,0.6931471805599453,0.6931471805599453
https://openalex.org/W3111599295,2020,0,1,0,0,0,0,0,0,0,0,1,1,0,0.6931471805599453,0.0,0.0
https://openalex.org/W3081781729,2020,0,3,0,0,0,0,0,0,0,0,1,1,0,1.3862943611198906,0.0,0.0
https://openalex.org/W3043081335,2020,0,3,0,0,0,0,0,0,0,0,0,0,0,1.3862943611198906,0.0,0.0
https://openalex.org/W3034251010,2020,12,4,1,1,0,0,0,0,0,0,0,1,0,1.6094379124341003,0.6931471805599453,0.6931471805599453
https://openalex.org/W3046707003,2020,1,3,2,1,1,0,0,0,0,0,1,1,0,1.3862943611198906,1.0986122886681098,0.6931471805599453
https://openalex.org/W3112765361,2020,1,2,1,1,0,0,0,0,0,1,0,1,0,1.0986122886681098,0.6931471805599453,0.6931471805599453
https://openalex.org/W3022510828,2020,6,1,1,1,0,0,0,0,1,0,1,1,0,0.6931471805599453,0.6931471805599453,0.6931471805599453
https://openalex.org/W3168680050,2020,5,4,2,1,1,0,0,0,0,0,0,0,0,1.6094379124341003,1.0986122886681098,0.6931471805599453
https://openalex.org/W7104058936,2020,0,1,0,0,0,0,0,0,0,0,1,1,0,0.6931471805599453,0.0,0.0
https://openalex.org/W4206748414,2020,0,1,0,0,0,0,0,0,0,0,1,1,0,0.6931471805599453,0.0,0.0
https://openalex.org/W3036470335,2020,0,2,0,0,0,0,0,0,0,0,1,0,0,1.0986122886681098,0.0,0.0
https://openalex.org/W3143258648,2020,0,3,0,0,0,0,0,0,0,0,0,0,0,1.3862943611198906,0.0,0.0
https://openalex.org/W3092216062,2020,12,4,1,1,0,0,0,0,0,1,0,0,0,1.6094379124341003,0.6931471805599453,0.6931471805599453
https://openalex.org/W3132513798,2020,0,4,4,2,1,1,0,1,0,0,0,0,0,1.6094379124341003,1.6094379124341003,1.0986122886681098
https://openalex.org/W3090359198,2020,24,4,1,1,0,0,0,0,0,1,0,0,1,1.6094379124341003,0.6931471805599453,0.6931471805599453
https://openalex.org/W3177937476,2020,0,1,0,0,0,0,0,0,0,0,1,0,0,0.6931471805599453,0.0,0.0
https://openalex.org/W3101294328,2020,12,4,1,1,0,0,0,0,0,0,1,1,0,1.6094379124341003,0.6931471805599453,0.6931471805599453
https://openalex.org/W3106599657,2020,11,4,1,1,0,0,0,0,0,0,0,0,0,1.6094379124341003,0.6931471805599453,0.6931471805599453
https://openalex.org/W3036480807,2020,0,4,0,0,0,0,0,0,0,0,0,1,0,1.6094379124341003,0.0,0.0
https://openalex.org/W3090669101,2020,7,6,1,1,0,0,0,0,0,0,0,0,0,1.9459101490553132,0.6931471805599453,0.6931471805599453
https://openalex.org/W3008381894,2020,16,3,4,2,1,1,0,1,0,0,0,1,0,1.3862943611198906,1.6094379124341003,1.0986122886681098
https://openalex.org/W3094794888,2020,3,47,1,1,0,0,0,0,0,0,1,0,0,3.871201010907891,0.6931471805599453,0.6931471805599453
https://openalex.org/W3089070299,2020,0,2,0,0,0,0,0,0,0,0,0,0,0,1.0986122886681098,0.0,0.0
https://openalex.org/W3040667974,2020,0,1,0,0,0,0,0,0,0,0,1,1,0,0.6931471805599453,0.0,0.0
https://openalex.org/W3045607140,2020,1,2,1,1,0,0,0,0,0,0,1,1,0,1.0986122886681098,0.6931471805599453,0.6931471805599453
https://openalex.org/W3008501751,2020,108,3,3,2,1,1,1,0,0,0,1,1,1,1.3862943611198906,1.3862943611198906,1.0986122886681098
https://openalex.org/W3009268531,2020,107,3,2,1,1,0,0,0,0,0,1,1,1,1.3862943611198906,1.0986122886681098,0.6931471805599453
https://openalex.org/W3020097327,2020,40,6,2,1,1,0,0,0,0,0,1,1,1,1.9459101490553132,1.0986122886681098,0.6931471805599453
https://openalex.org/W2952618377,2020,3,1,0,0,0,0,0,0,0,0,0,0,0,0.6931471805599453,0.0,0.0
https://openalex.org/W3082187717,2020,10,10,2,1,1,0,0,0,0,0,0,1,0,2.3978952727983707,1.0986122886681098,0.6931471805599453
https://openalex.org/W3133919355,2020,2,2,2,1,1,0,0,0,0,1,1,0,0,1.0986122886681098,1.0986122886681098,0.6931471805599453
https://openalex.org/W3106628537,2020,2,3,1,1,0,0,0,0,0,0,1,1,0,1.3862943611198906,0.6931471805599453,0.6931471805599453
https://openalex.org/W3013628578,2020,3,1,1,1,0,0,0,0,0,0,1,1,0,0.6931471805599453,0.6931471805599453,0.6931471805599453
https://openalex.org/W3043526601,2020,0,2,0,0,0,0,0,0,0,0,0,0,0,1.0986122886681098,0.0,0.0
https://openalex.org/W3105200410,2020,4,2,1,1,0,0,0,0,0,0,0,0,0,1.0986122886681098,0.6931471805599453,0.6931471805599453
https://openalex.org/W3001458527,2020,147,5,2,2,1,1,0,0,0,0,0,1,1,1.791759469228055,1.0986122886681098,1.0986122886681098
https://openalex.org/W3121047033,2020,0,1,1,1,0,0,0,0,0,0,0,0,0,0.6931471805599453,0.6931471805599453,0.6931471805599453
https://openalex.org/W3037810651,2020,10,2,2,1,1,0,0,0,0,0,1,0,0,1.0986122886681098,1.0986122886681098,0.6931471805599453
https://openalex.org/W3112147779,2020,0,2,1,1,0,0,0,0,0,0,1,1,0,1.0986122886681098,0.6931471805599453,0.6931471805599453
https://openalex.org/W3025689517,2020,0,1,1,1,0,0,0,0,0,0,0,0,0,0.6931471805599453,0.6931471805599453,0.6931471805599453
https://openalex.org/W3138373492,2020,0,3,0,0,0,0,0,0,0,0,0,1,0,1.3862943611198906,0.0,0.0
https://openalex.org/W4399063785,2020,0,10,3,2,1,1,0,0,0,1,1,0,0,2.3978952727983707,1.3862943611198906,1.0986122886681098
https://openalex.org/W3048073936,2020,26,4,1,1,0,0,0,0,0,0,1,1,1,1.6094379124341003,0.6931471805599453,0.6931471805599453
https://openalex.org/W3167751083,2020,0,1,1,1,0,0,0,0,0,0,0,1,0,0.6931471805599453,0.6931471805599453,0.6931471805599453
https://openalex.org/W3109508063,2020,12,15,9,6,1,1,1,0,0,1,0,1,0,2.772588722239781,2.302585092994046,1.9459101490553132
https://openalex.org/W3036201149,2020,75,8,2,1,1,0,0,0,0,0,0,1,1,2.1972245773362196,1.0986122886681098,0.6931471805599453
https://openalex.org/W3088668977,2020,1,1,0,0,0,0,0,0,0,0,0,1,0,0.6931471805599453,0.0,0.0
https://openalex.org/W3009469665,2020,1,2,0,0,0,0,0,0,0,0,0,0,0,1.0986122886681098,0.0,0.0
https://openalex.org/W3029201069,2020,9,4,2,1,1,0,0,0,0,0,0,1,0,1.6094379124341003,1.0986122886681098,0.6931471805599453
https://openalex.org/W3081071879,2020,0,3,0,0,0,0,0,0,0,0,0,1,0,1.3862943611198906,0.0,0.0
https://openalex.org/W3000638896,2020,0,1,0,0,0,0,0,0,0,0,0,1,0,0.6931471805599453,0.0,0.0
https://openalex.org/W3034703359,2020,2,2,0,0,0,0,0,0,0,0,0,1,0,1.0986122886681098,0.0,0.0
https://openalex.org/W3085536830,2020,5,5,1,1,0,0,0,0,0,0,0,0,0,1.791759469228055,0.6931471805599453,0.6931471805599453
https://openalex.org/W3150160829,2020,1,1,0,0,0,0,0,0,0,0,0,1,0,0.6931471805599453,0.0,0.0
https://openalex.org/W3093247244,2020,34,10,4,1,1,0,0,0,1,1,1,1,1,2.3978952727983707,1.6094379124341003,0.6931471805599453
https://openalex.org/W3036209119,2020,4,3,2,1,1,0,0,0,0,0,1,1,0,1.3862943611198906,1.0986122886681098,0.6931471805599453
https://openalex.org/W3009039119,2020,35,3,1,1,0,0,0,0,0,1,1,1,1,1.3862943611198906,0.6931471805599453,0.6931471805599453
https://openalex.org/W3091827905,2020,15,5,1,1,0,0,1,0,0,1,0,1,0,1.791759469228055,0.6931471805599453,0.6931471805599453
https://openalex.org/W3171125574,2020,0,1,0,0,0,0,0,0,0,0,1,0,0,0.6931471805599453,0.0,0.0
https://openalex.org/W6891323152,2020,0,2,0,0,0,0,0,0,0,0,0,0,0,1.0986122886681098,0.0,0.0
https://openalex.org/W3084886667,2020,38,5,3,2,1,1,0,0,0,0,0,1,1,1.791759469228055,1.3862943611198906,1.0986122886681098
https://openalex.org/W3110341783,2020,11,5,2,1,1,0,0,0,0,0,0,1,0,1.791759469228055,1.0986122886681098,0.6931471805599453
https://openalex.org/W3007679051,2020,11,2,1,1,0,0,0,0,0,0,1,1,0,1.0986122886681098,0.6931471805599453,0.6931471805599453
https://openalex.org/W3091186228,2020,0,1,1,1,0,0,0,0,0,0,1,1,0,0.6931471805599453,0.6931471805599453,0.6931471805599453
https://openalex.org/W3041670705,2020,0,1,0,0,0,0,0,0,0,0,0,0,0,0.6931471805599453,0.0,0.0
https://openalex.org/W3044242566,2020,1,1,1,1,0,0,0,0,1,0,1,1,0,0.6931471805599453,0.6931471805599453,0.6931471805599453
https://openalex.org/W3037877636,2020,18,2,1,1,0,0,0,0,0,1,0,0,0,1.0986122886681098,0.6931471805599453,0.6931471805599453
https://openalex.org/W3046660089,2020,0,2,0,0,0,0,0,0,0,0,0,1,0,1.0986122886681098,0.0,0.0
https://openalex.org/W3043720152,2020,5,3,1,1,0,0,0,0,0,0,1,0,0,1.3862943611198906,0.6931471805599453,0.6931471805599453
https://openalex.org/W4285073863,2020,2,2,1,1,0,0,0,0,0,0,0,0,0,1.0986122886681098,0.6931471805599453,0.6931471805599453
https://openalex.org/W3090722199,2020,0,1,1,1,0,0,0,0,1,0,0,1,0,0.6931471805599453,0.6931471805599453,0.6931471805599453
https://openalex.org/W3095947653,2020,2,3,1,0,0,0,0,0,0,0,1,1,0,1.3862943611198906,0.6931471805599453,0.0
https://openalex.org/W3083808147,2020,2,2,0,0,0,0,0,0,0,0,1,0,0,1.0986122886681098,0.0,0.0
https://openalex.org/W3173094349,2020,4,4,1,1,0,0,0,0,0,0,0,0,0,1.6094379124341003,0.6931471805599453,0.6931471805599453
https://openalex.org/W3170339612,2020,0,1,1,1,0,0,0,0,0,0,0,1,0,0.6931471805599453,0.6931471805599453,0.6931471805599453
https://openalex.org/W3033313985,2020,8,3,1,1,0,0,0,0,0,0,1,1,0,1.3862943611198906,0.6931471805599453,0.6931471805599453
https://openalex.org/W3125111081,2020,2,2,0,0,0,0,0,0,0,0,0,0,0,1.0986122886681098,0.0,0.0
https://openalex.org/W3110707390,2020,32,5,3,1,1,0,0,0,0,0,0,1,1,1.791759469228055,1.3862943611198906,0.6931471805599453
https://openalex.org/W3115064208,2020,1,3,2,1,1,0,0,0,0,0,0,0,0,1.3862943611198906,1.0986122886681098,0.6931471805599453
https://openalex.org/W3009384416,2020,0,3,1,1,0,0,0,0,0,0,0,1,0,1.3862943611198906,0.6931471805599453,0.6931471805599453
https://openalex.org/W3143171337,2020,0,1,0,0,0,0,0,0,0,0,0,0,0,0.6931471805599453,0.0,0.0
https://openalex.org/W3154877983,2020,0,4,1,1,0,0,0,0,0,0,1,1,0,1.6094379124341003,0.6931471805599453,0.6931471805599453
https://openalex.org/W3103231046,2020,0,3,1,1,0,0,0,0,0,0,0,1,0,1.3862943611198906,0.6931471805599453,0.6931471805599453
https://openalex.org/W4407688188,2020,10,3,0,0,0,0,0,0,0,0,1,1,0,1.3862943611198906,0.0,0.0
https://openalex.org/W3109855078,2020,12,2,0,0,0,0,0,0,0,0,0,1,0,1.0986122886681098,0.0,0.0
https://openalex.org/W3121337723,2020,1,4,0,0,0,0,0,0,0,0,0,0,0,1.6094379124341003,0.0,0.0
https://openalex.org/W3014968779,2020,0,6,0,0,0,0,0,0,0,0,1,0,0,1.9459101490553132,0.0,0.0
https://openalex.org/W3139621753,2020,0,3,0,0,0,0,0,0,0,0,1,1,0,1.3862943611198906,0.0,0.0
https://openalex.org/W3037749970,2020,7,4,3,1,1,0,0,0,1,0,1,1,0,1.6094379124341003,1.3862943611198906,0.6931471805599453
https://openalex.org/W4254315636,2020,0,3,0,0,0,0,0,0,0,0,1,1,0,1.3862943611198906,0.0,0.0
https://openalex.org/W3200553587,2020,0,1,0,0,0,0,0,0,0,0,0,0,0,0.6931471805599453,0.0,0.0
https://openalex.org/W3034548073,2020,12,2,1,1,0,0,0,0,0,0,0,1,0,1.0986122886681098,0.6931471805599453,0.6931471805599453
https://openalex.org/W3201663889,2020,0,1,0,0,0,0,0,0,0,0,0,0,0,0.6931471805599453,0.0,0.0
https://openalex.org/W3162740419,2020,3,3,1,1,0,0,0,0,0,0,1,1,0,1.3862943611198906,0.6931471805599453,0.6931471805599453
https://openalex.org/W3130536425,2020,0,2,1,1,0,0,0,0,0,0,0,1,0,1.0986122886681098,0.6931471805599453,0.6931471805599453
https://openalex.org/W3107674723,2020,0,6,3,3,1,1,0,0,1,1,1,1,0,1.9459101490553132,1.3862943611198906,1.3862943611198906
https://openalex.org/W3045754446,2020,0,1,0,0,0,0,0,0,0,0,0,0,0,0.6931471805599453,0.0,0.0
https://openalex.org/W3034564881,2020,1,4,2,1,1,0,0,0,0,0,1,0,0,1.6094379124341003,1.0986122886681098,0.6931471805599453
https://openalex.org/W3153507476,2020,0,3,1,1,0,0,0,0,0,0,0,1,0,1.3862943611198906,0.6931471805599453,0.6931471805599453
https://openalex.org/W3182436048,2020,0,1,0,0,0,0,0,0,0,0,1,1,0,0.6931471805599453,0.0,0.0
https://openalex.org/W2915447614,2020,0,1,0,0,0,0,0,0,0,0,0,0,0,0.6931471805599453,0.0,0.0
https://openalex.org/W2996905125,2020,22,4,2,1,1,0,1,0,0,0,0,1,0,1.6094379124341003,1.0986122886681098,0.6931471805599453
https://openalex.org/W3048256250,2020,0,7,5,2,1,1,0,0,0,0,1,0,0,2.0794415416798357,1.791759469228055,1.0986122886681098
https://openalex.org/W3109870552,2020,0,1,0,0,0,0,0,0,0,0,0,0,0,0.6931471805599453,0.0,0.0
https://openalex.org/W3022073760,2020,21,4,5,2,1,1,0,0,0,1,1,1,0,1.6094379124341003,1.791759469228055,1.0986122886681098
https://openalex.org/W3133501337,2020,0,1,1,1,0,0,0,0,0,0,0,0,0,0.6931471805599453,0.6931471805599453,0.6931471805599453
https://openalex.org/W3015961239,2020,21,3,1,1,0,0,0,0,0,0,0,1,0,1.3862943611198906,0.6931471805599453,0.6931471805599453
https://openalex.org/W3034760359,2020,34,5,1,1,0,0,0,0,0,1,0,0,1,1.791759469228055,0.6931471805599453,0.6931471805599453
https://openalex.org/W3119454500,2020,3,1,0,0,0,0,0,0,0,0,0,0,0,0.6931471805599453,0.0,0.0
https://openalex.org/W2282381454,2020,0,1,0,0,0,0,0,0,0,0,0,0,0,0.6931471805599453,0.0,0.0
https://openalex.org/W3182796428,2020,0,1,0,0,0,0,0,0,0,0,0,0,0,0.6931471805599453,0.0,0.0
https://openalex.org/W2984265025,2020,0,1,1,1,0,0,0,0,0,0,1,0,0,0.6931471805599453,0.6931471805599453,0.6931471805599453
https://openalex.org/W3084490740,2020,0,1,0,0,0,0,0,0,0,0,0,1,0,0.6931471805599453,0.0,0.0
https://openalex.org/W3049181615,2020,6,5,4,3,1,1,1,1,0,1,0,0,0,1.791759469228055,1.6094379124341003,1.3862943611198906
https://openalex.org/W3163235489,2020,1,1,0,0,0,0,0,0,0,0,0,1,0,0.6931471805599453,0.0,0.0
https://openalex.org/W3096835339,2020,31,4,3,2,1,1,0,0,0,0,0,1,1,1.6094379124341003,1.3862943611198906,1.0986122886681098
https://openalex.org/W3009594886,2020,1,2,1,1,0,0,0,0,0,0,0,1,0,1.0986122886681098,0.6931471805599453,0.6931471805599453
https://openalex.org/W3035993577,2020,0,1,0,0,0,0,0,0,0,0,0,0,0,0.6931471805599453,0.0,0.0
https://openalex.org/W3006964703,2020,33,4,3,1,1,0,0,0,0,0,1,1,1,1.6094379124341003,1.3862943611198906,0.6931471805599453
https://openalex.org/W3121013276,2020,0,1,0,0,0,0,0,0,0,0,0,1,0,0.6931471805599453,0.0,0.0
https://openalex.org/W3006751493,2020,22,3,2,1,1,0,1,0,0,0,1,1,0,1.3862943611198906,1.0986122886681098,0.6931471805599453
https://openalex.org/W3004107650,2020,3,5,2,1,1,0,0,0,0,0,1,1,0,1.791759469228055,1.0986122886681098,0.6931471805599453
https://openalex.org/W3099969762,2020,2,2,0,0,0,0,0,0,0,0,0,0,0,1.0986122886681098,0.0,0.0
https://openalex.org/W3025760672,2020,15,3,1,1,0,0,0,0,0,0,0,0,0,1.3862943611198906,0.6931471805599453,0.6931471805599453
https://openalex.org/W3021330142,2020,36,3,3,3,1,1,0,0,0,0,1,1,1,1.3862943611198906,1.3862943611198906,1.3862943611198906
https://openalex.org/W4205342420,2020,0,3,0,0,0,0,0,0,0,0,1,0,0,1.3862943611198906,0.0,0.0
https://openalex.org/W3046237288,2020,3,5,1,1,0,0,0,0,0,0,0,0,0,1.791759469228055,0.6931471805599453,0.6931471805599453
https://openalex.org/W3083079683,2020,4,3,1,1,0,0,0,0,0,0,0,1,0,1.3862943611198906,0.6931471805599453,0.6931471805599453
https://openalex.org/W3122801949,2020,5,4,1,1,0,0,0,0,0,0,1,0,0,1.6094379124341003,0.6931471805599453,0.6931471805599453
https://openalex.org/W3026889910,2020,0,5,1,1,0,0,0,0,0,0,1,1,0,1.791759469228055,0.6931471805599453,0.6931471805599453
https://openalex.org/W3033899634,2020,1,3,0,0,0,0,0,0,0,0,0,1,0,1.3862943611198906,0.0,0.0
https://openalex.org/W3090663358,2020,15,1,1,1,0,0,0,0,0,0,1,1,0,0.6931471805599453,0.6931471805599453,0.6931471805599453
https://openalex.org/W4285652667,2020,1,1,0,0,0,0,0,0,0,0,0,1,0,0.6931471805599453,0.0,0.0
https://openalex.org/W3114937997,2020,11,3,3,1,1,0,0,0,0,0,1,1,0,1.3862943611198906,1.3862943611198906,0.6931471805599453
https://openalex.org/W3082897829,2020,12,3,0,0,0,0,0,0,0,0,0,1,0,1.3862943611198906,0.0,0.0
https://openalex.org/W4409703426,2020,0,1,0,0,0,0,0,0,0,0,1,1,0,0.6931471805599453,0.0,0.0
https://openalex.org/W3016062474,2020,13,1,2,2,1,1,0,1,0,0,0,1,0,0.6931471805599453,1.0986122886681098,1.0986122886681098
https://openalex.org/W3041950401,2020,8,1,1,1,0,0,0,0,0,0,1,1,0,0.6931471805599453,0.6931471805599453,0.6931471805599453
https://openalex.org/W3039546652,2020,3,1,0,0,0,0,0,0,0,0,1,1,0,0.6931471805599453,0.0,0.0
https://openalex.org/W3197782847,2020,0,1,0,0,0,0,0,0,0,0,0,0,0,0.6931471805599453,0.0,0.0
https://openalex.org/W3127428679,2020,0,3,0,0,0,0,0,0,0,0,0,1,0,1.3862943611198906,0.0,0.0
https://openalex.org/W3106634550,2020,30,2,2,2,1,1,0,0,0,1,0,1,1,1.0986122886681098,1.0986122886681098,1.0986122886681098
https://openalex.org/W4206422339,2020,0,1,0,0,0,0,0,0,0,0,0,0,0,0.6931471805599453,0.0,0.0
https://openalex.org/W3097307425,2020,7,5,1,1,0,0,0,0,0,0,1,1,0,1.791759469228055,0.6931471805599453,0.6931471805599453
https://openalex.org/W3083069244,2020,44,3,2,1,1,0,0,0,0,0,1,1,1,1.3862943611198906,1.0986122886681098,0.6931471805599453
https://openalex.org/W3082879246,2020,0,1,1,1,0,0,0,0,0,0,0,1,0,0.6931471805599453,0.6931471805599453,0.6931471805599453
https://openalex.org/W3098195387,2020,0,1,0,0,0,0,0,0,0,0,0,0,0,0.6931471805599453,0.0,0.0
https://openalex.org/W3113773683,2020,0,2,2,2,1,1,0,1,0,0,1,0,0,1.0986122886681098,1.0986122886681098,1.0986122886681098
https://openalex.org/W3109009704,2020,0,3,1,1,0,0,0,0,0,0,1,1,0,1.3862943611198906,0.6931471805599453,0.6931471805599453
https://openalex.org/W3215573745,2020,0,4,0,0,0,0,0,0,0,0,0,1,0,1.6094379124341003,0.0,0.0
https://openalex.org/W3119594318,2020,0,7,9,5,1,1,0,0,0,0,1,1,0,2.0794415416798357,2.302585092994046,1.791759469228055
https://openalex.org/W4248197058,2020,25,3,0,0,0,0,0,0,0,0,1,1,1,1.3862943611198906,0.0,0.0
https://openalex.org/W3185487167,2020,0,1,0,0,0,0,0,0,0,0,1,0,0,0.6931471805599453,0.0,0.0
https://openalex.org/W3036186666,2020,7,2,1,1,0,0,0,0,0,0,0,1,0,1.0986122886681098,0.6931471805599453,0.6931471805599453
https://openalex.org/W3031224511,2020,1,2,0,0,0,0,0,0,0,0,1,1,0,1.0986122886681098,0.0,0.0
https://openalex.org/W3115571444,2020,6,10,7,5,1,1,0,0,0,1,0,0,0,2.3978952727983707,2.0794415416798357,1.791759469228055
https://openalex.org/W3012320441,2020,5,2,1,1,0,0,0,0,0,0,1,1,0,1.0986122886681098,0.6931471805599453,0.6931471805599453
https://openalex.org/W3160490701,2020,0,1,1,1,0,0,0,0,0,0,0,1,0,0.6931471805599453,0.6931471805599453,0.6931471805599453
https://openalex.org/W3142331400,2020,3,5,5,1,1,0,0,0,0,0,0,0,0,1.791759469228055,1.791759469228055,0.6931471805599453
https://openalex.org/W3011313437,2020,0,3,3,1,1,0,0,0,0,0,1,1,0,1.3862943611198906,1.3862943611198906,0.6931471805599453
https://openalex.org/W3036078449,2020,2,5,1,1,0,0,0,1,0,0,0,0,0,1.791759469228055,0.6931471805599453,0.6931471805599453
https://openalex.org/W3178262799,2020,0,1,1,1,0,0,0,0,0,0,0,0,0,0.6931471805599453,0.6931471805599453,0.6931471805599453
https://openalex.org/W3098861689,2020,1,2,1,1,0,0,0,0,0,0,1,1,0,1.0986122886681098,0.6931471805599453,0.6931471805599453
https://openalex.org/W3035303829,2020,4,2,3,1,1,0,1,0,0,0,1,1,0,1.0986122886681098,1.3862943611198906,0.6931471805599453
https://openalex.org/W3097973206,2020,21,3,2,1,1,0,0,0,0,0,0,1,0,1.3862943611198906,1.0986122886681098,0.6931471805599453
https://openalex.org/W3099427638,2020,0,1,0,0,0,0,0,0,0,0,1,0,0,0.6931471805599453,0.0,0.0
https://openalex.org/W4403238475,2020,1,3,0,0,0,0,0,0,0,0,1,1,0,1.3862943611198906,0.0,0.0
https://openalex.org/W3196423352,2020,4,3,1,1,0,0,0,0,0,0,1,1,0,1.3862943611198906,0.6931471805599453,0.6931471805599453
https://openalex.org/W3127044469,2020,0,3,4,2,1,1,0,0,0,0,1,0,0,1.3862943611198906,1.6094379124341003,1.0986122886681098
https://openalex.org/W4254339607,2020,0,3,0,0,0,0,0,0,0,0,1,1,0,1.3862943611198906,0.0,0.0
https://openalex.org/W3121335569,2020,0,2,0,0,0,0,0,0,0,0,0,1,0,1.0986122886681098,0.0,0.0
https://openalex.org/W3096133939,2020,0,2,0,0,0,0,0,0,0,0,0,1,0,1.0986122886681098,0.0,0.0
https://openalex.org/W3022456330,2020,0,1,1,1,0,0,0,0,0,0,1,0,0,0.6931471805599453,0.6931471805599453,0.6931471805599453
https://openalex.org/W3125635004,2020,21,2,1,1,0,0,0,0,0,0,0,0,0,1.0986122886681098,0.6931471805599453,0.6931471805599453
https://openalex.org/W3080083097,2020,2,8,5,2,1,1,0,0,0,1,0,0,0,2.1972245773362196,1.791759469228055,1.0986122886681098
https://openalex.org/W3041649460,2020,1,3,0,0,0,0,0,0,0,0,1,1,0,1.3862943611198906,0.0,0.0
https://openalex.org/W3029634263,2020,9,4,1,1,0,0,0,0,0,1,1,1,0,1.6094379124341003,0.6931471805599453,0.6931471805599453
https://openalex.org/W4254470196,2020,0,1,0,0,0,0,0,0,0,0,1,1,0,0.6931471805599453,0.0,0.0
https://openalex.org/W3022649143,2020,0,4,4,2,1,1,1,0,0,0,0,1,0,1.6094379124341003,1.6094379124341003,1.0986122886681098
https://openalex.org/W3038568167,2020,2,3,1,1,0,0,0,0,1,0,1,1,0,1.3862943611198906,0.6931471805599453,0.6931471805599453
https://openalex.org/W3081116666,2020,0,2,1,1,0,0,0,0,1,0,1,1,0,1.0986122886681098,0.6931471805599453,0.6931471805599453
https://openalex.org/W3215563409,2020,0,1,0,0,0,0,0,0,0,0,1,0,0,0.6931471805599453,0.0,0.0
https://openalex.org/W3044564304,2020,3,3,1,1,0,0,0,0,0,0,1,1,0,1.3862943611198906,0.6931471805599453,0.6931471805599453
https://openalex.org/W3132583611,2020,40,1,1,1,0,0,0,0,0,0,0,1,1,0.6931471805599453,0.6931471805599453,0.6931471805599453
https://openalex.org/W3189892072,2020,0,1,1,1,0,0,0,0,0,0,1,0,0,0.6931471805599453,0.6931471805599453,0.6931471805599453
https://openalex.org/W3109732399,2020,0,4,1,1,0,0,0,0,0,1,0,0,0,1.6094379124341003,0.6931471805599453,0.6931471805599453
https://openalex.org/W3110907113,2020,0,2,0,0,0,0,0,0,0,0,0,0,0,1.0986122886681098,0.0,0.0
https://openalex.org/W3183668476,2020,5,3,0,0,0,0,0,0,0,0,1,1,0,1.3862943611198906,0.0,0.0
https://openalex.org/W3092018730,2020,0,1,0,0,0,0,0,0,0,0,1,0,0,0.6931471805599453,0.0,0.0
https://openalex.org/W3090567989,2020,58,4,5,3,1,1,0,0,0,0,0,1,1,1.6094379124341003,1.791759469228055,1.3862943611198906
https://openalex.org/W3020927592,2020,2,3,0,0,0,0,0,0,0,0,1,0,0,1.3862943611198906,0.0,0.0
https://openalex.org/W3116806168,2020,13,4,2,2,1,1,1,0,0,1,0,0,0,1.6094379124341003,1.0986122886681098,1.0986122886681098
https://openalex.org/W3003657314,2020,24,3,1,1,0,0,0,0,0,0,1,1,1,1.3862943611198906,0.6931471805599453,0.6931471805599453
https://openalex.org/W3040053406,2020,6,2,1,1,0,0,0,0,0,0,0,0,0,1.0986122886681098,0.6931471805599453,0.6931471805599453
https://openalex.org/W3089540283,2020,1,2,0,0,0,0,0,0,0,0,1,1,0,1.0986122886681098,0.0,0.0
https://openalex.org/W3083401455,2020,12,3,1,1,0,0,0,0,0,0,0,0,0,1.3862943611198906,0.6931471805599453,0.6931471805599453
https://openalex.org/W3047328325,2020,2,2,0,0,0,0,0,0,0,0,1,1,0,1.0986122886681098,0.0,0.0
https://openalex.org/W3095805674,2020,6,4,0,0,0,0,0,0,0,0,1,1,0,1.6094379124341003,0.0,0.0
https://openalex.org/W3181137312,2020,0,7,0,0,0,0,0,0,0,0,1,0,0,2.0794415416798357,0.0,0.0
https://openalex.org/W3197606063,2020,0,1,0,0,0,0,0,0,0,0,0,1,0,0.6931471805599453,0.0,0.0
https://openalex.org/W3048794440,2020,13,4,4,1,1,0,0,1,1,1,1,1,0,1.6094379124341003,1.6094379124341003,0.6931471805599453
https://openalex.org/W3034689216,2020,0,1,0,0,0,0,0,0,0,0,0,0,0,0.6931471805599453,0.0,0.0
https://openalex.org/W3094245078,2020,1,3,1,1,0,0,0,0,0,0,0,1,0,1.3862943611198906,0.6931471805599453,0.6931471805599453
https://openalex.org/W3005115714,2020,138,2,1,1,0,0,0,0,0,0,1,1,1,1.0986122886681098,0.6931471805599453,0.6931471805599453
https://openalex.org/W3040787825,2020,10,7,3,2,1,1,0,0,0,0,0,0,0,2.0794415416798357,1.3862943611198906,1.0986122886681098
https://openalex.org/W3104327541,2020,1,2,1,1,0,0,0,0,0,0,0,1,0,1.0986122886681098,0.6931471805599453,0.6931471805599453
https://openalex.org/W3100683681,2020,8,3,2,2,1,1,0,0,0,0,0,1,0,1.3862943611198906,1.0986122886681098,1.0986122886681098
https://openalex.org/W3008435433,2020,16,6,5,2,1,1,0,0,0,0,0,1,0,1.9459101490553132,1.791759469228055,1.0986122886681098
https://openalex.org/W3107608753,2020,5,2,1,1,0,0,0,0,0,0,1,1,0,1.0986122886681098,0.6931471805599453,0.6931471805599453
https://openalex.org/W3046415183,2020,8,5,5,1,1,0,0,0,0,0,0,1,0,1.791759469228055,1.791759469228055,0.6931471805599453
https://openalex.org/W3000307249,2020,14,2,1,1,0,0,0,0,0,0,0,1,0,1.0986122886681098,0.6931471805599453,0.6931471805599453
https://openalex.org/W3091568973,2020,6,3,1,1,0,0,0,0,0,0,0,0,0,1.3862943611198906,0.6931471805599453,0.6931471805599453
https://openalex.org/W3092361540,2020,14,5,5,3,1,1,1,0,0,1,1,1,0,1.791759469228055,1.791759469228055,1.3862943611198906
https://openalex.org/W3015185905,2020,1,2,2,1,1,0,0,0,0,0,1,1,0,1.0986122886681098,1.0986122886681098,0.6931471805599453
https://openalex.org/W3135826503,2020,0,1,0,0,0,0,0,0,0,0,0,1,0,0.6931471805599453,0.0,0.0
https://openalex.org/W3091844197,2020,16,1,0,0,0,0,0,0,0,0,0,1,0,0.6931471805599453,0.0,0.0
https://openalex.org/W3005519393,2020,1,3,1,1,0,0,0,0,0,0,1,1,0,1.3862943611198906,0.6931471805599453,0.6931471805599453
https://openalex.org/W3102313091,2020,0,1,0,0,0,0,0,0,0,0,0,0,0,0.6931471805599453,0.0,0.0
https://openalex.org/W3110870748,2020,5,3,1,1,0,0,0,0,0,0,1,1,0,1.3862943611198906,0.6931471805599453,0.6931471805599453
https://openalex.org/W3042121989,2020,6,1,1,1,0,0,0,0,0,0,0,0,0,0.6931471805599453,0.6931471805599453,0.6931471805599453
https://openalex.org/W4229819700,2020,0,5,1,1,0,0,0,0,0,1,0,0,0,1.791759469228055,0.6931471805599453,0.6931471805599453
https://openalex.org/W3093265417,2020,6,3,1,1,0,0,0,0,0,0,1,1,0,1.3862943611198906,0.6931471805599453,0.6931471805599453
https://openalex.org/W2406013366,2020,6,4,0,0,0,0,0,0,0,0,1,0,0,1.6094379124341003,0.0,0.0
https://openalex.org/W3008013234,2020,3,5,2,2,1,1,0,0,0,1,1,1,0,1.791759469228055,1.0986122886681098,1.0986122886681098
https://openalex.org/W3205392799,2020,0,2,0,0,0,0,0,0,0,0,0,0,0,1.0986122886681098,0.0,0.0
https://openalex.org/W3103876265,2020,1,3,0,0,0,0,0,0,0,0,0,1,0,1.3862943611198906,0.0,0.0
https://openalex.org/W3081809591,2020,2,4,1,1,0,0,0,0,0,0,0,0,0,1.6094379124341003,0.6931471805599453,0.6931471805599453
https://openalex.org/W3042081312,2020,0,2,1,1,0,0,0,0,0,0,0,1,0,1.0986122886681098,0.6931471805599453,0.6931471805599453
https://openalex.org/W3034577436,2020,8,3,2,1,1,0,0,0,0,0,0,0,0,1.3862943611198906,1.0986122886681098,0.6931471805599453
https://openalex.org/W3014816100,2020,54,3,6,3,1,1,0,0,1,0,1,1,1,1.3862943611198906,1.9459101490553132,1.3862943611198906
https://openalex.org/W3005797371,2020,0,1,0,0,0,0,0,0,0,0,0,1,0,0.6931471805599453,0.0,0.0
https://openalex.org/W3021334119,2020,15,4,2,2,1,1,0,0,0,1,0,1,0,1.6094379124341003,1.0986122886681098,1.0986122886681098
https://openalex.org/W3011711634,2020,21,2,1,1,0,0,0,0,0,0,1,1,0,1.0986122886681098,0.6931471805599453,0.6931471805599453
https://openalex.org/W3118750964,2020,0,4,1,1,0,0,0,0,0,0,1,0,0,1.6094379124341003,0.6931471805599453,0.6931471805599453
https://openalex.org/W3105909918,2020,6,6,2,1,1,0,1,1,0,1,1,0,0,1.9459101490553132,1.0986122886681098,0.6931471805599453
https://openalex.org/W3173327341,2020,0,2,4,1,1,0,1,0,1,1,1,0,0,1.0986122886681098,1.6094379124341003,0.6931471805599453
https://openalex.org/W3022119348,2020,0,2,0,0,0,0,0,0,0,0,0,0,0,1.0986122886681098,0.0,0.0
https://openalex.org/W4377009135,2020,3,2,1,1,0,0,0,0,0,0,1,1,0,1.0986122886681098,0.6931471805599453,0.6931471805599453
https://openalex.org/W3016416781,2020,2,7,0,0,0,0,0,0,0,0,1,1,0,2.0794415416798357,0.0,0.0
https://openalex.org/W3042060569,2020,2,2,1,1,0,0,0,0,0,0,1,1,0,1.0986122886681098,0.6931471805599453,0.6931471805599453
https://openalex.org/W3093732398,2020,34,6,4,4,1,1,0,0,0,0,0,1,1,1.9459101490553132,1.6094379124341003,1.6094379124341003
https://openalex.org/W3160844348,2020,0,8,0,0,0,0,0,0,0,0,0,0,0,2.1972245773362196,0.0,0.0
https://openalex.org/W3083873099,2020,1,4,0,0,0,0,0,0,0,0,0,1,0,1.6094379124341003,0.0,0.0
https://openalex.org/W3082278610,2020,29,7,5,5,1,1,0,0,1,0,0,1,1,2.0794415416798357,1.791759469228055,1.791759469228055
https://openalex.org/W3082598040,2020,87,3,1,1,0,0,0,0,0,0,0,1,1,1.3862943611198906,0.6931471805599453,0.6931471805599453
https://openalex.org/W4244336565,2020,1,4,2,1,1,0,0,0,0,0,1,1,0,1.6094379124341003,1.0986122886681098,0.6931471805599453
https://openalex.org/W3118073799,2020,8,7,4,4,1,1,0,0,0,0,1,1,0,2.0794415416798357,1.6094379124341003,1.6094379124341003
https://openalex.org/W3042697834,2020,2,1,1,1,0,0,0,0,0,0,1,1,0,0.6931471805599453,0.6931471805599453,0.6931471805599453
https://openalex.org/W3137603461,2020,2,3,1,1,0,0,0,0,0,0,0,0,0,1.3862943611198906,0.6931471805599453,0.6931471805599453
https://openalex.org/W3006356141,2020,21,2,1,1,0,0,0,0,0,1,0,1,0,1.0986122886681098,0.6931471805599453,0.6931471805599453
https://openalex.org/W3038118931,2020,0,1,0,0,0,0,0,0,0,0,0,0,0,0.6931471805599453,0.0,0.0
https://openalex.org/W3025914946,2020,0,1,0,0,0,0,0,0,0,0,1,0,0,0.6931471805599453,0.0,0.0
https://openalex.org/W3016327896,2020,0,5,0,0,0,0,0,0,0,0,0,1,0,1.791759469228055,0.0,0.0
https://openalex.org/W3184694384,2020,0,2,0,0,0,0,0,0,0,0,0,1,0,1.0986122886681098,0.0,0.0
https://openalex.org/W3082162937,2020,0,2,1,1,0,0,0,0,0,0,1,1,0,1.0986122886681098,0.6931471805599453,0.6931471805599453
https://openalex.org/W3038520053,2020,3,3,1,1,0,0,0,0,0,0,1,1,0,1.3862943611198906,0.6931471805599453,0.6931471805599453
https://openalex.org/W3128686850,2020,0,1,0,0,0,0,0,0,0,0,0,1,0,0.6931471805599453,0.0,0.0
https://openalex.org/W3008339132,2020,31,4,1,1,0,0,0,0,0,0,1,1,1,1.6094379124341003,0.6931471805599453,0.6931471805599453
https://openalex.org/W3080673786,2020,6,8,2,1,1,0,1,1,0,1,0,0,0,2.1972245773362196,1.0986122886681098,0.6931471805599453
https://openalex.org/W3112090798,2020,0,1,0,0,0,0,0,0,0,0,1,0,0,0.6931471805599453,0.0,0.0
https://openalex.org/W3088745575,2020,12,3,4,1,1,0,0,0,1,0,1,1,0,1.3862943611198906,1.6094379124341003,0.6931471805599453
https://openalex.org/W3025513854,2020,2,4,1,1,0,0,0,0,0,0,1,1,0,1.6094379124341003,0.6931471805599453,0.6931471805599453
https://openalex.org/W3118789217,2020,0,1,0,0,0,0,0,0,0,0,1,1,0,0.6931471805599453,0.0,0.0
https://openalex.org/W3127350617,2020,4,1,0,0,0,0,0,0,0,0,0,0,0,0.6931471805599453,0.0,0.0
https://openalex.org/W3030792156,2020,47,6,3,1,1,0,0,0,0,0,1,1,1,1.9459101490553132,1.3862943611198906,0.6931471805599453
https://openalex.org/W3096074180,2020,0,4,0,0,0,0,0,0,0,0,1,1,0,1.6094379124341003,0.0,0.0
https://openalex.org/W4245534332,2020,0,1,0,0,0,0,0,0,0,0,1,0,0,0.6931471805599453,0.0,0.0
https://openalex.org/W6892351538,2020,0,4,0,0,0,0,0,0,0,0,0,0,0,1.6094379124341003,0.0,0.0
https://openalex.org/W4205718167,2020,1,3,1,1,0,0,0,0,0,0,1,1,0,1.3862943611198906,0.6931471805599453,0.6931471805599453
https://openalex.org/W3018646353,2020,9,3,1,1,0,0,0,0,0,0,0,1,0,1.3862943611198906,0.6931471805599453,0.6931471805599453
https://openalex.org/W3105358227,2020,0,1,0,0,0,0,0,0,0,0,0,0,0,0.6931471805599453,0.0,0.0
https://openalex.org/W3119576485,2020,0,1,0,0,0,0,0,0,0,0,1,1,0,0.6931471805599453,0.0,0.0
https://openalex.org/W4296410695,2020,0,1,0,0,0,0,0,0,0,0,0,0,0,0.6931471805599453,0.0,0.0
https://openalex.org/W3082672112,2020,5,1,1,1,0,0,0,0,0,0,1,1,0,0.6931471805599453,0.6931471805599453,0.6931471805599453
https://openalex.org/W3081435164,2020,0,2,0,0,0,0,0,0,0,0,0,0,0,1.0986122886681098,0.0,0.0
https://openalex.org/W3105019866,2020,0,1,0,0,0,0,0,0,0,0,0,0,0,0.6931471805599453,0.0,0.0
https://openalex.org/W3096407388,2020,5,6,1,1,0,0,0,0,0,0,0,0,0,1.9459101490553132,0.6931471805599453,0.6931471805599453
https://openalex.org/W3137572756,2020,0,2,2,1,1,0,0,0,0,0,0,0,0,1.0986122886681098,1.0986122886681098,0.6931471805599453
https://openalex.org/W3015032583,2020,3,3,3,1,1,0,0,0,0,0,1,1,0,1.3862943611198906,1.3862943611198906,0.6931471805599453
https://openalex.org/W3048447039,2020,7,6,4,2,1,1,0,1,1,0,1,1,0,1.9459101490553132,1.6094379124341003,1.0986122886681098
https://openalex.org/W3083699881,2020,2,1,1,1,0,0,0,0,0,0,1,1,0,0.6931471805599453,0.6931471805599453,0.6931471805599453
https://openalex.org/W3015132465,2020,9,3,1,1,0,0,0,0,0,0,1,1,0,1.3862943611198906,0.6931471805599453,0.6931471805599453
https://openalex.org/W3045628421,2020,11,7,8,3,1,1,1,0,1,1,1,1,0,2.0794415416798357,2.1972245773362196,1.3862943611198906
https://openalex.org/W3031290100,2020,2,10,0,0,0,0,0,0,0,0,0,0,0,2.3978952727983707,0.0,0.0
https://openalex.org/W3114942558,2020,1,4,1,1,0,0,0,0,0,0,0,0,0,1.6094379124341003,0.6931471805599453,0.6931471805599453
https://openalex.org/W3040826614,2020,0,3,1,1,0,0,0,0,0,0,1,1,0,1.3862943611198906,0.6931471805599453,0.6931471805599453
https://openalex.org/W3107180195,2020,9,3,1,1,0,0,0,0,1,0,0,1,0,1.3862943611198906,0.6931471805599453,0.6931471805599453
https://openalex.org/W2185580888,2020,37,3,0,0,0,0,0,0,0,0,1,0,1,1.3862943611198906,0.0,0.0
https://openalex.org/W3090666332,2020,0,3,0,0,0,0,0,0,0,0,1,1,0,1.3862943611198906,0.0,0.0
https://openalex.org/W3094417579,2020,0,1,0,0,0,0,0,0,0,0,0,0,0,0.6931471805599453,0.0,0.0
https://openalex.org/W3117679462,2020,12,3,0,0,0,0,0,0,0,0,0,0,0,1.3862943611198906,0.0,0.0
https://openalex.org/W3030827345,2020,2,2,1,1,0,0,0,0,0,0,0,0,0,1.0986122886681098,0.6931471805599453,0.6931471805599453
https://openalex.org/W3021344880,2020,0,1,0,0,0,0,0,0,0,0,0,0,0,0.6931471805599453,0.0,0.0
https://openalex.org/W3168205971,2020,0,2,1,1,0,0,0,0,0,0,1,1,0,1.0986122886681098,0.6931471805599453,0.6931471805599453
https://openalex.org/W3048765808,2020,12,6,5,3,1,1,0,0,0,1,0,1,0,1.9459101490553132,1.791759469228055,1.3862943611198906
https://openalex.org/W3035398746,2020,68,6,7,2,1,1,0,0,1,0,0,1,1,1.9459101490553132,2.0794415416798357,1.0986122886681098
https://openalex.org/W3088875580,2020,3,5,1,1,0,0,0,0,0,0,1,0,0,1.791759469228055,0.6931471805599453,0.6931471805599453
https://openalex.org/W3035926212,2020,1,4,2,2,1,1,0,0,1,1,0,0,0,1.6094379124341003,1.0986122886681098,1.0986122886681098
https://openalex.org/W3037425003,2020,2,2,0,0,0,0,0,0,0,0,0,1,0,1.0986122886681098,0.0,0.0
https://openalex.org/W3043691813,2020,0,1,0,0,0,0,0,0,0,0,0,0,0,0.6931471805599453,0.0,0.0
https://openalex.org/W3039385904,2020,2,5,3,1,1,0,0,0,0,0,0,1,0,1.791759469228055,1.3862943611198906,0.6931471805599453
https://openalex.org/W3030275482,2020,2,1,1,1,0,0,0,0,0,0,0,0,0,0.6931471805599453,0.6931471805599453,0.6931471805599453
https://openalex.org/W3035759794,2020,1,3,2,2,1,1,0,0,0,0,1,0,0,1.3862943611198906,1.0986122886681098,1.0986122886681098
https://openalex.org/W2999818733,2020,36,14,6,4,1,1,0,0,1,0,1,1,1,2.70805020110221,1.9459101490553132,1.6094379124341003
https://openalex.org/W3078629161,2020,16,3,1,1,0,0,0,0,0,0,0,0,0,1.3862943611198906,0.6931471805599453,0.6931471805599453
https://openalex.org/W2737751629,2020,2,1,2,1,1,0,0,0,0,1,1,0,0,0.6931471805599453,1.0986122886681098,0.6931471805599453
https://openalex.org/W3008616768,2020,0,1,0,0,0,0,0,0,0,0,0,0,0,0.6931471805599453,0.0,0.0
https://openalex.org/W3083307792,2020,1,3,1,1,0,0,0,0,0,0,1,1,0,1.3862943611198906,0.6931471805599453,0.6931471805599453
https://openalex.org/W3003511949,2020,4,5,6,4,1,1,1,0,0,0,0,1,0,1.791759469228055,1.9459101490553132,1.6094379124341003
https://openalex.org/W3024315753,2020,0,1,0,0,0,0,0,0,0,0,0,0,0,0.6931471805599453,0.0,0.0
https://openalex.org/W3112100249,2020,12,5,3,2,1,1,0,0,0,0,1,1,0,1.791759469228055,1.3862943611198906,1.0986122886681098
https://openalex.org/W4287660861,2020,0,1,0,0,0,0,0,0,0,0,1,0,0,0.6931471805599453,0.0,0.0
https://openalex.org/W3175763979,2020,1,4,3,1,1,0,0,0,0,1,0,1,0,1.6094379124341003,1.3862943611198906,0.6931471805599453
https://openalex.org/W4230407495,2020,0,44,1,1,0,0,0,0,0,1,1,1,0,3.8066624897703196,0.6931471805599453,0.6931471805599453
https://openalex.org/W3039426422,2020,10,4,1,1,0,0,0,0,0,0,1,1,0,1.6094379124341003,0.6931471805599453,0.6931471805599453
https://openalex.org/W3104015140,2020,52,6,5,1,1,0,0,0,0,0,0,1,1,1.9459101490553132,1.791759469228055,0.6931471805599453
https://openalex.org/W3166586646,2020,0,1,1,1,0,0,0,0,0,0,1,1,0,0.6931471805599453,0.6931471805599453,0.6931471805599453
https://openalex.org/W4287612125,2020,0,1,0,0,0,0,0,0,0,0,1,0,0,0.6931471805599453,0.0,0.0
https://openalex.org/W4287697765,2020,0,6,1,1,0,0,0,0,0,0,1,1,0,1.9459101490553132,0.6931471805599453,0.6931471805599453
https://openalex.org/W3113242043,2020,31,7,5,3,1,1,0,0,0,0,0,1,1,2.0794415416798357,1.791759469228055,1.3862943611198906
https://openalex.org/W3083631612,2020,0,3,7,4,1,1,0,1,1,1,1,1,0,1.3862943611198906,2.0794415416798357,1.6094379124341003
https://openalex.org/W3081077881,2020,3,5,1,1,0,0,0,0,0,0,1,1,0,1.791759469228055,0.6931471805599453,0.6931471805599453
https://openalex.org/W7119267001,2020,0,3,0,0,0,0,0,0,0,0,1,0,0,1.3862943611198906,0.0,0.0
https://openalex.org/W3025512583,2020,0,1,0,0,0,0,0,0,0,0,1,0,0,0.6931471805599453,0.0,0.0
https://openalex.org/W4211084447,2020,0,12,0,0,0,0,0,0,0,0,1,1,0,2.5649493574615367,0.0,0.0
https://openalex.org/W4405514524,2020,0,1,2,1,1,0,0,0,0,0,0,0,0,0.6931471805599453,1.0986122886681098,0.6931471805599453
https://openalex.org/W3082469566,2020,66,5,2,1,1,0,0,0,0,0,0,0,1,1.791759469228055,1.0986122886681098,0.6931471805599453
https://openalex.org/W3040554742,2020,3,4,2,1,1,0,0,0,0,0,0,0,0,1.6094379124341003,1.0986122886681098,0.6931471805599453
https://openalex.org/W2997045759,2020,0,1,0,0,0,0,0,0,0,0,0,1,0,0.6931471805599453,0.0,0.0
https://openalex.org/W3121088261,2020,0,1,0,0,0,0,0,0,0,0,0,0,0,0.6931471805599453,0.0,0.0
https://openalex.org/W3083461295,2020,0,2,0,0,0,0,0,0,0,0,0,0,0,1.0986122886681098,0.0,0.0
https://openalex.org/W3037342002,2020,8,1,2,1,1,0,0,0,0,1,0,1,0,0.6931471805599453,1.0986122886681098,0.6931471805599453
https://openalex.org/W3160948415,2020,0,1,0,0,0,0,0,0,0,0,0,1,0,0.6931471805599453,0.0,0.0
https://openalex.org/W7124760697,2020,0,1,0,0,0,0,0,0,0,0,1,0,0,0.6931471805599453,0.0,0.0
https://openalex.org/W3177807542,2020,0,5,0,0,0,0,0,0,0,0,1,0,0,1.791759469228055,0.0,0.0
https://openalex.org/W2611714086,2020,1,6,2,1,1,0,0,0,1,1,0,0,0,1.9459101490553132,1.0986122886681098,0.6931471805599453
https://openalex.org/W3006619628,2020,2,2,0,0,0,0,0,0,0,0,0,1,0,1.0986122886681098,0.0,0.0
https://openalex.org/W3021738296,2020,0,4,3,2,1,1,0,0,0,0,0,0,0,1.6094379124341003,1.3862943611198906,1.0986122886681098
https://openalex.org/W3083701849,2020,1,2,1,1,0,0,0,0,0,0,1,0,0,1.0986122886681098,0.6931471805599453,0.6931471805599453
https://openalex.org/W3041437120,2020,1,2,1,1,0,0,0,0,0,0,0,1,0,1.0986122886681098,0.6931471805599453,0.6931471805599453
https://openalex.org/W3006137094,2020,1,1,2,2,1,1,0,0,0,0,1,1,0,0.6931471805599453,1.0986122886681098,1.0986122886681098
https://openalex.org/W3039438505,2020,5,3,1,1,0,0,0,0,0,0,1,1,0,1.3862943611198906,0.6931471805599453,0.6931471805599453
https://openalex.org/W7118064021,2020,0,2,0,0,0,0,0,0,0,0,1,0,0,1.0986122886681098,0.0,0.0
https://openalex.org/W3108476506,2020,0,1,0,0,0,0,0,0,0,0,0,0,0,0.6931471805599453,0.0,0.0
https://openalex.org/W3093091155,2020,18,3,2,1,1,0,0,0,0,0,1,1,0,1.3862943611198906,1.0986122886681098,0.6931471805599453
https://openalex.org/W3082278920,2020,2,4,1,1,0,0,0,0,0,0,1,1,0,1.6094379124341003,0.6931471805599453,0.6931471805599453
https://openalex.org/W3113399766,2020,10,2,1,1,0,0,0,0,0,0,0,1,0,1.0986122886681098,0.6931471805599453,0.6931471805599453
https://openalex.org/W3098627239,2020,39,4,1,1,0,0,0,0,0,0,0,1,1,1.6094379124341003,0.6931471805599453,0.6931471805599453
https://openalex.org/W3007869604,2020,1,2,0,0,0,0,0,0,0,0,0,0,0,1.0986122886681098,0.0,0.0
https://openalex.org/W3111966174,2020,0,1,0,0,0,0,0,0,0,0,0,0,0,0.6931471805599453,0.0,0.0
https://openalex.org/W3114060070,2020,11,2,1,1,0,0,1,0,0,0,0,0,0,1.0986122886681098,0.6931471805599453,0.6931471805599453
https://openalex.org/W3130403530,2020,0,1,1,1,0,0,0,0,0,0,0,1,0,0.6931471805599453,0.6931471805599453,0.6931471805599453
https://openalex.org/W3009980241,2020,35,7,1,1,0,0,0,0,0,0,1,0,1,2.0794415416798357,0.6931471805599453,0.6931471805599453
https://openalex.org/W7132626818,2020,0,2,5,3,1,1,0,0,1,1,0,0,0,1.0986122886681098,1.791759469228055,1.3862943611198906
https://openalex.org/W7139218846,2020,0,1,0,0,0,0,0,0,0,0,0,0,0,0.6931471805599453,0.0,0.0
https://openalex.org/W3047866702,2020,0,1,2,1,1,0,0,0,0,0,0,0,0,0.6931471805599453,1.0986122886681098,0.6931471805599453
https://openalex.org/W3081101658,2020,2,2,0,0,0,0,0,0,0,0,0,0,0,1.0986122886681098,0.0,0.0
https://openalex.org/W3012807186,2020,3,2,1,1,0,0,0,0,0,1,1,1,0,1.0986122886681098,0.6931471805599453,0.6931471805599453
https://openalex.org/W3134636172,2020,0,1,0,0,0,0,0,0,0,0,1,1,0,0.6931471805599453,0.0,0.0
https://openalex.org/W7144458192,2020,0,10,0,0,0,0,0,0,0,0,1,0,0,2.3978952727983707,0.0,0.0
https://openalex.org/W3136733427,2020,38,6,4,3,1,1,0,0,0,0,0,0,1,1.9459101490553132,1.6094379124341003,1.3862943611198906
https://openalex.org/W3113911380,2020,51,8,4,1,1,0,0,0,1,1,0,1,1,2.1972245773362196,1.6094379124341003,0.6931471805599453
https://openalex.org/W3023116810,2020,3,6,5,3,1,1,0,0,0,0,0,1,0,1.9459101490553132,1.791759469228055,1.3862943611198906
https://openalex.org/W3114877320,2020,1,5,1,1,0,0,0,0,0,0,0,0,0,1.791759469228055,0.6931471805599453,0.6931471805599453
https://openalex.org/W4253451785,2020,0,4,0,0,0,0,0,0,0,0,1,1,0,1.6094379124341003,0.0,0.0
https://openalex.org/W3092586158,2020,0,4,0,0,0,0,0,0,0,0,0,0,0,1.6094379124341003,0.0,0.0
https://openalex.org/W4238261621,2020,0,2,0,0,0,0,0,0,0,0,1,0,0,1.0986122886681098,0.0,0.0
https://openalex.org/W3148889589,2020,0,5,1,1,0,0,0,0,0,0,0,0,0,1.791759469228055,0.6931471805599453,0.6931471805599453
https://openalex.org/W3114784446,2020,3,2,1,1,0,0,0,0,0,0,0,0,0,1.0986122886681098,0.6931471805599453,0.6931471805599453
https://openalex.org/W3094672615,2020,0,9,3,1,1,0,1,0,0,1,1,0,0,2.302585092994046,1.3862943611198906,0.6931471805599453
https://openalex.org/W3196330610,2020,0,1,0,0,0,0,0,0,0,0,0,0,0,0.6931471805599453,0.0,0.0
https://openalex.org/W3140946272,2020,1,1,0,0,0,0,0,0,0,0,0,1,0,0.6931471805599453,0.0,0.0
https://openalex.org/W3107560574,2020,2,3,1,1,0,0,0,0,0,0,0,0,0,1.3862943611198906,0.6931471805599453,0.6931471805599453
https://openalex.org/W3100523538,2020,1,3,1,1,0,0,0,0,0,0,1,1,0,1.3862943611198906,0.6931471805599453,0.6931471805599453
https://openalex.org/W3042785584,2020,0,1,0,0,0,0,0,0,0,0,0,1,0,0.6931471805599453,0.0,0.0
https://openalex.org/W3084888647,2020,4,3,3,1,1,0,0,0,0,0,1,1,0,1.3862943611198906,1.3862943611198906,0.6931471805599453
https://openalex.org/W3009011128,2020,17,4,4,3,1,1,0,0,0,1,0,1,0,1.6094379124341003,1.6094379124341003,1.3862943611198906
https://openalex.org/W3159779706,2020,0,1,0,0,0,0,0,0,0,0,1,0,0,0.6931471805599453,0.0,0.0
https://openalex.org/W3093844365,2020,0,3,1,1,0,0,0,1,0,0,0,0,0,1.3862943611198906,0.6931471805599453,0.6931471805599453
https://openalex.org/W3105439121,2020,0,4,0,0,0,0,0,0,0,0,0,0,0,1.6094379124341003,0.0,0.0
https://openalex.org/W3015011545,2020,31,12,3,2,1,1,0,0,0,1,0,1,1,2.5649493574615367,1.3862943611198906,1.0986122886681098
https://openalex.org/W3214649999,2020,0,5,0,0,0,0,0,0,0,0,0,0,0,1.791759469228055,0.0,0.0
https://openalex.org/W3041570483,2020,0,4,3,1,1,0,0,0,0,0,1,1,0,1.6094379124341003,1.3862943611198906,0.6931471805599453
https://openalex.org/W7131204199,2020,0,1,0,0,0,0,0,0,0,0,1,0,0,0.6931471805599453,0.0,0.0
https://openalex.org/W3110662416,2020,14,3,1,1,0,0,0,0,0,0,1,1,0,1.3862943611198906,0.6931471805599453,0.6931471805599453
https://openalex.org/W3024195808,2020,0,5,0,0,0,0,0,0,0,0,1,1,0,1.791759469228055,0.0,0.0
https://openalex.org/W3080331195,2020,2,3,3,1,1,0,0,0,0,0,0,0,0,1.3862943611198906,1.3862943611198906,0.6931471805599453
https://openalex.org/W3127273881,2020,3,3,1,1,0,0,0,0,0,0,0,0,0,1.3862943611198906,0.6931471805599453,0.6931471805599453
https://openalex.org/W3192757945,2020,0,1,0,0,0,0,0,0,0,0,1,0,0,0.6931471805599453,0.0,0.0
https://openalex.org/W3000609054,2020,21,4,2,2,1,1,0,0,0,0,0,1,0,1.6094379124341003,1.0986122886681098,1.0986122886681098
https://openalex.org/W3119695933,2020,0,4,1,1,0,0,0,0,0,0,1,1,0,1.6094379124341003,0.6931471805599453,0.6931471805599453
https://openalex.org/W3101176558,2020,0,1,0,0,0,0,0,0,0,0,0,0,0,0.6931471805599453,0.0,0.0
https://openalex.org/W3008942762,2020,23,4,2,1,1,0,0,0,0,1,0,1,0,1.6094379124341003,1.0986122886681098,0.6931471805599453
https://openalex.org/W2952782257,2020,56,2,1,1,0,0,1,0,0,1,0,1,1,1.0986122886681098,0.6931471805599453,0.6931471805599453
https://openalex.org/W2998104113,2020,23,2,1,1,0,0,0,0,0,0,1,1,0,1.0986122886681098,0.6931471805599453,0.6931471805599453
https://openalex.org/W3180999384,2020,0,1,1,1,0,0,0,0,0,0,1,0,0,0.6931471805599453,0.6931471805599453,0.6931471805599453
https://openalex.org/W3121499374,2020,0,1,0,0,0,0,0,0,0,0,1,1,0,0.6931471805599453,0.0,0.0
https://openalex.org/W3085971372,2020,1,3,0,0,0,0,0,0,0,0,0,1,0,1.3862943611198906,0.0,0.0
https://openalex.org/W3108274533,2020,1,4,4,2,1,1,0,1,0,0,0,0,0,1.6094379124341003,1.6094379124341003,1.0986122886681098
https://openalex.org/W3107405233,2020,0,1,0,0,0,0,0,0,0,0,1,0,0,0.6931471805599453,0.0,0.0
https://openalex.org/W3015239230,2020,6,4,1,1,0,0,0,0,0,1,0,0,0,1.6094379124341003,0.6931471805599453,0.6931471805599453
https://openalex.org/W3037631535,2020,0,1,0,0,0,0,0,0,0,0,0,1,0,0.6931471805599453,0.0,0.0
https://openalex.org/W3153859361,2020,0,2,0,0,0,0,0,0,0,0,1,1,0,1.0986122886681098,0.0,0.0
https://openalex.org/W3042913387,2020,4,4,3,1,1,0,0,0,0,0,0,1,0,1.6094379124341003,1.3862943611198906,0.6931471805599453
https://openalex.org/W3085866976,2020,0,1,1,1,0,0,0,0,0,0,1,1,0,0.6931471805599453,0.6931471805599453,0.6931471805599453
https://openalex.org/W3025042325,2020,1,1,1,1,0,0,0,0,0,0,0,1,0,0.6931471805599453,0.6931471805599453,0.6931471805599453
https://openalex.org/W4413576528,2020,2,2,2,1,1,0,0,0,0,0,1,1,0,1.0986122886681098,1.0986122886681098,0.6931471805599453
https://openalex.org/W3094212620,2020,0,3,1,1,0,0,0,0,0,0,1,1,0,1.3862943611198906,0.6931471805599453,0.6931471805599453
https://openalex.org/W4234507009,2020,0,2,2,1,1,0,0,0,0,0,0,1,0,1.0986122886681098,1.0986122886681098,0.6931471805599453
https://openalex.org/W3134052118,2020,2,4,3,2,1,1,0,0,0,0,1,1,0,1.6094379124341003,1.3862943611198906,1.0986122886681098
https://openalex.org/W3128025649,2020,5,2,0,0,0,0,0,0,0,0,0,0,0,1.0986122886681098,0.0,0.0
https://openalex.org/W3047158285,2020,1,4,1,1,0,0,0,0,0,0,1,1,0,1.6094379124341003,0.6931471805599453,0.6931471805599453
https://openalex.org/W3010050525,2020,0,1,0,0,0,0,0,0,0,0,1,1,0,0.6931471805599453,0.0,0.0
https://openalex.org/W3135167519,2020,14,2,2,1,1,0,0,0,0,0,1,1,0,1.0986122886681098,1.0986122886681098,0.6931471805599453
https://openalex.org/W3035236840,2020,25,2,1,1,0,0,0,0,0,0,0,1,1,1.0986122886681098,0.6931471805599453,0.6931471805599453
https://openalex.org/W3013530390,2020,0,1,0,0,0,0,0,0,0,0,0,1,0,0.6931471805599453,0.0,0.0
https://openalex.org/W3007471137,2020,2,2,0,0,0,0,0,0,0,0,0,1,0,1.0986122886681098,0.0,0.0
https://openalex.org/W7131808977,2020,0,3,0,0,0,0,0,0,0,0,1,0,0,1.3862943611198906,0.0,0.0
https://openalex.org/W3108784781,2020,0,1,0,0,0,0,0,0,0,0,0,0,0,0.6931471805599453,0.0,0.0
https://openalex.org/W3132766899,2020,0,1,1,1,0,0,0,0,0,0,1,0,0,0.6931471805599453,0.6931471805599453,0.6931471805599453
https://openalex.org/W3115087897,2020,1,1,0,0,0,0,0,0,0,0,1,1,0,0.6931471805599453,0.0,0.0
https://openalex.org/W3196329093,2020,3,1,0,0,0,0,0,0,0,0,0,0,0,0.6931471805599453,0.0,0.0
https://openalex.org/W3112556125,2020,3,1,0,0,0,0,0,0,0,0,1,0,0,0.6931471805599453,0.0,0.0
https://openalex.org/W3082170355,2020,0,1,0,0,0,0,0,0,0,0,0,1,0,0.6931471805599453,0.0,0.0
https://openalex.org/W3159548502,2020,0,1,0,0,0,0,0,0,0,0,0,0,0,0.6931471805599453,0.0,0.0
https://openalex.org/W3046030597,2020,6,1,0,0,0,0,0,0,0,0,0,1,0,0.6931471805599453,0.0,0.0
https://openalex.org/W3014385994,2020,7,1,0,0,0,0,0,0,0,0,0,1,0,0.6931471805599453,0.0,0.0
https://openalex.org/W3042135709,2020,12,7,1,1,0,0,0,0,0,0,1,1,0,2.0794415416798357,0.6931471805599453,0.6931471805599453
https://openalex.org/W3045089412,2020,1,1,1,1,0,0,0,0,0,0,1,1,0,0.6931471805599453,0.6931471805599453,0.6931471805599453
https://openalex.org/W3037966738,2020,7,2,0,0,0,0,0,0,0,0,1,1,0,1.0986122886681098,0.0,0.0
https://openalex.org/W3155006500,2020,0,5,1,1,0,0,0,0,0,0,1,1,0,1.791759469228055,0.6931471805599453,0.6931471805599453
https://openalex.org/W3158009709,2020,0,1,0,0,0,0,0,0,0,0,1,1,0,0.6931471805599453,0.0,0.0
https://openalex.org/W3036219997,2020,13,7,4,3,1,1,0,0,0,0,0,1,0,2.0794415416798357,1.6094379124341003,1.3862943611198906
https://openalex.org/W3213593589,2020,0,1,0,0,0,0,0,0,0,0,0,0,0,0.6931471805599453,0.0,0.0
https://openalex.org/W3081312331,2020,3,10,3,1,1,0,0,0,0,0,1,1,0,2.3978952727983707,1.3862943611198906,0.6931471805599453
https://openalex.org/W3005987528,2020,5,7,0,0,0,0,0,0,0,0,0,1,0,2.0794415416798357,0.0,0.0
https://openalex.org/W3192894139,2020,0,1,0,0,0,0,0,0,0,0,0,1,0,0.6931471805599453,0.0,0.0
https://openalex.org/W4317787931,2020,0,2,1,1,0,0,0,0,0,0,1,1,0,1.0986122886681098,0.6931471805599453,0.6931471805599453
https://openalex.org/W3107037990,2020,11,2,2,1,1,0,0,0,0,0,0,1,0,1.0986122886681098,1.0986122886681098,0.6931471805599453
https://openalex.org/W3107753126,2020,0,1,0,0,0,0,0,0,0,0,1,0,0,0.6931471805599453,0.0,0.0
https://openalex.org/W3092422934,2020,0,1,0,0,0,0,0,0,0,0,0,1,0,0.6931471805599453,0.0,0.0
https://openalex.org/W3037971443,2020,2,1,1,1,0,0,1,0,0,1,1,1,0,0.6931471805599453,0.6931471805599453,0.6931471805599453
https://openalex.org/W3113051273,2020,18,1,1,1,0,0,0,0,0,0,0,1,0,0.6931471805599453,0.6931471805599453,0.6931471805599453
https://openalex.org/W3034223492,2020,1,2,0,0,0,0,0,0,0,0,1,1,0,1.0986122886681098,0.0,0.0
https://openalex.org/W3047202931,2020,0,4,0,0,0,0,0,0,0,0,1,0,0,1.6094379124341003,0.0,0.0
https://openalex.org/W3033282154,2020,87,3,2,1,1,0,0,0,0,0,1,1,1,1.3862943611198906,1.0986122886681098,0.6931471805599453
https://openalex.org/W3012130221,2020,30,6,7,3,1,1,1,0,1,1,1,1,1,1.9459101490553132,2.0794415416798357,1.3862943611198906
https://openalex.org/W3105009137,2020,7,3,2,1,1,0,0,0,0,0,0,1,0,1.3862943611198906,1.0986122886681098,0.6931471805599453
https://openalex.org/W3008047540,2020,0,1,0,0,0,0,0,0,0,0,0,1,0,0.6931471805599453,0.0,0.0
https://openalex.org/W3041915118,2020,1,2,0,0,0,0,0,0,0,0,0,1,0,1.0986122886681098,0.0,0.0
https://openalex.org/W3089434947,2020,0,1,0,0,0,0,0,0,0,0,0,0,0,0.6931471805599453,0.0,0.0
https://openalex.org/W4390720195,2020,1,3,1,1,0,0,0,0,0,0,1,1,0,1.3862943611198906,0.6931471805599453,0.6931471805599453
https://openalex.org/W3160587906,2020,0,6,2,1,1,0,0,0,0,0,0,0,0,1.9459101490553132,1.0986122886681098,0.6931471805599453
https://openalex.org/W3107728725,2020,0,2,0,0,0,0,0,0,0,0,1,1,0,1.0986122886681098,0.0,0.0
https://openalex.org/W3095504782,2020,2,2,1,1,0,0,0,0,0,0,1,1,0,1.0986122886681098,0.6931471805599453,0.6931471805599453
https://openalex.org/W3007296650,2020,4,4,5,1,1,0,0,1,0,0,0,1,0,1.6094379124341003,1.791759469228055,0.6931471805599453
https://openalex.org/W7139585635,2020,0,1,0,0,0,0,0,0,0,0,0,0,0,0.6931471805599453,0.0,0.0
https://openalex.org/W3004257905,2020,7,2,1,1,0,0,0,0,0,0,0,1,0,1.0986122886681098,0.6931471805599453,0.6931471805599453
https://openalex.org/W3111266074,2020,0,1,0,0,0,0,0,0,0,0,0,0,0,0.6931471805599453,0.0,0.0
https://openalex.org/W3132060035,2020,8,4,2,1,1,0,0,0,0,0,0,0,0,1.6094379124341003,1.0986122886681098,0.6931471805599453
https://openalex.org/W3000573832,2020,0,1,0,0,0,0,0,0,0,0,0,1,0,0.6931471805599453,0.0,0.0
https://openalex.org/W3024717458,2020,0,2,2,2,1,1,0,0,0,1,1,1,0,1.0986122886681098,1.0986122886681098,1.0986122886681098
https://openalex.org/W4235525578,2020,0,1,0,0,0,0,0,0,0,0,0,0,0,0.6931471805599453,0.0,0.0
https://openalex.org/W3011023019,2020,2,2,1,1,0,0,0,0,0,0,0,0,0,1.0986122886681098,0.6931471805599453,0.6931471805599453
https://openalex.org/W3080849835,2020,0,4,4,1,1,0,0,0,0,1,0,0,0,1.6094379124341003,1.6094379124341003,0.6931471805599453
https://openalex.org/W3094171951,2020,257,5,6,1,1,0,1,0,1,1,0,1,1,1.791759469228055,1.9459101490553132,0.6931471805599453
https://openalex.org/W3041559452,2020,0,3,2,2,1,1,0,0,0,0,1,1,0,1.3862943611198906,1.0986122886681098,1.0986122886681098
https://openalex.org/W3181433227,2020,0,5,0,0,0,0,0,0,0,0,1,0,0,1.791759469228055,0.0,0.0
https://openalex.org/W3095574449,2020,3,4,1,1,0,0,0,0,0,0,1,1,0,1.6094379124341003,0.6931471805599453,0.6931471805599453
https://openalex.org/W3034410654,2020,31,3,0,0,0,0,0,0,0,0,1,1,1,1.3862943611198906,0.0,0.0
https://openalex.org/W3097839956,2020,1,3,1,1,0,0,0,0,0,0,1,1,0,1.3862943611198906,0.6931471805599453,0.6931471805599453
https://openalex.org/W3028982291,2020,0,1,0,0,0,0,0,0,0,0,1,1,0,0.6931471805599453,0.0,0.0
https://openalex.org/W4312933430,2020,2,6,2,1,1,0,0,0,0,0,1,1,0,1.9459101490553132,1.0986122886681098,0.6931471805599453
https://openalex.org/W3098520510,2020,3,7,1,1,0,0,0,0,0,0,0,0,0,2.0794415416798357,0.6931471805599453,0.6931471805599453
https://openalex.org/W3090739380,2020,13,8,2,1,1,0,0,0,1,0,0,0,0,2.1972245773362196,1.0986122886681098,0.6931471805599453
https://openalex.org/W3177024751,2020,1,2,1,1,0,0,1,1,0,0,1,0,0,1.0986122886681098,0.6931471805599453,0.6931471805599453
https://openalex.org/W3107407235,2020,1,1,1,1,0,0,1,0,0,1,0,1,0,0.6931471805599453,0.6931471805599453,0.6931471805599453
https://openalex.org/W3048031938,2020,0,3,0,0,0,0,0,0,0,0,0,0,0,1.3862943611198906,0.0,0.0
https://openalex.org/W3000612085,2020,0,2,1,1,0,0,0,0,0,0,1,0,0,1.0986122886681098,0.6931471805599453,0.6931471805599453
https://openalex.org/W3112765398,2020,2,5,1,1,0,0,0,0,0,0,1,0,0,1.791759469228055,0.6931471805599453,0.6931471805599453
https://openalex.org/W3093099211,2020,4,4,1,1,0,0,0,0,0,0,0,1,0,1.6094379124341003,0.6931471805599453,0.6931471805599453
https://openalex.org/W3014668684,2020,0,1,0,0,0,0,0,0,0,0,0,0,0,0.6931471805599453,0.0,0.0
https://openalex.org/W3131378557,2020,0,3,0,0,0,0,0,0,0,0,1,0,0,1.3862943611198906,0.0,0.0
https://openalex.org/W3047883583,2020,1,1,2,1,1,0,0,0,0,1,1,0,0,0.6931471805599453,1.0986122886681098,0.6931471805599453
https://openalex.org/W3158070933,2020,0,3,0,0,0,0,0,0,0,0,0,0,0,1.3862943611198906,0.0,0.0
https://openalex.org/W3165532031,2020,0,1,0,0,0,0,0,0,0,0,0,0,0,0.6931471805599453,0.0,0.0
https://openalex.org/W3030301955,2020,26,4,2,1,1,0,0,0,0,1,0,1,1,1.6094379124341003,1.0986122886681098,0.6931471805599453
https://openalex.org/W4409846815,2020,0,3,0,0,0,0,0,0,0,0,1,1,0,1.3862943611198906,0.0,0.0
https://openalex.org/W3093498126,2020,6,5,0,0,0,0,0,0,0,0,0,0,0,1.791759469228055,0.0,0.0
https://openalex.org/W3006501418,2020,6,2,3,1,1,0,0,0,0,0,0,1,0,1.0986122886681098,1.3862943611198906,0.6931471805599453
https://openalex.org/W3094219742,2020,1,6,1,1,0,0,0,0,0,0,0,0,0,1.9459101490553132,0.6931471805599453,0.6931471805599453
https://openalex.org/W3011531192,2020,9,2,1,1,0,0,0,0,0,0,1,1,0,1.0986122886681098,0.6931471805599453,0.6931471805599453
https://openalex.org/W3003958281,2020,11,3,1,1,0,0,0,0,0,0,1,0,0,1.3862943611198906,0.6931471805599453,0.6931471805599453
https://openalex.org/W3013275297,2020,0,2,1,1,0,0,0,0,0,0,1,0,0,1.0986122886681098,0.6931471805599453,0.6931471805599453
https://openalex.org/W3008932193,2020,18,2,1,1,0,0,0,0,0,0,0,1,0,1.0986122886681098,0.6931471805599453,0.6931471805599453
https://openalex.org/W3193649732,2020,0,1,0,0,0,0,0,0,0,0,0,0,0,0.6931471805599453,0.0,0.0
https://openalex.org/W3091638669,2020,1,10,1,1,0,0,0,0,0,0,1,1,0,2.3978952727983707,0.6931471805599453,0.6931471805599453
https://openalex.org/W4313464753,2020,0,1,0,0,0,0,0,0,0,0,1,1,0,0.6931471805599453,0.0,0.0
https://openalex.org/W3048870335,2020,0,1,0,0,0,0,0,0,0,0,0,1,0,0.6931471805599453,0.0,0.0
https://openalex.org/W3093058333,2020,0,1,0,0,0,0,0,0,0,0,1,0,0,0.6931471805599453,0.0,0.0
https://openalex.org/W3021721475,2020,0,2,1,1,0,0,0,0,0,0,0,1,0,1.0986122886681098,0.6931471805599453,0.6931471805599453
https://openalex.org/W3015052631,2020,0,1,0,0,0,0,0,0,0,0,0,0,0,0.6931471805599453,0.0,0.0
https://openalex.org/W3109993634,2020,16,3,1,1,0,0,0,0,0,0,1,1,0,1.3862943611198906,0.6931471805599453,0.6931471805599453
https://openalex.org/W3109067432,2020,1,2,1,1,0,0,0,0,0,0,0,1,0,1.0986122886681098,0.6931471805599453,0.6931471805599453
https://openalex.org/W3081518347,2020,0,3,2,2,1,1,0,0,0,0,0,1,0,1.3862943611198906,1.0986122886681098,1.0986122886681098
https://openalex.org/W3094458248,2020,3,4,0,0,0,0,0,0,0,0,0,0,0,1.6094379124341003,0.0,0.0
https://openalex.org/W3037447344,2020,17,2,3,1,1,0,0,0,1,1,1,1,0,1.0986122886681098,1.3862943611198906,0.6931471805599453
https://openalex.org/W3125884444,2020,0,1,0,0,0,0,0,0,0,0,1,1,0,0.6931471805599453,0.0,0.0
https://openalex.org/W3096660389,2020,1,3,0,0,0,0,0,0,0,0,1,1,0,1.3862943611198906,0.0,0.0
https://openalex.org/W3097587344,2020,1,4,0,0,0,0,0,0,0,0,1,0,0,1.6094379124341003,0.0,0.0
https://openalex.org/W3007214482,2020,21,3,1,1,0,0,0,0,0,0,0,1,0,1.3862943611198906,0.6931471805599453,0.6931471805599453
https://openalex.org/W3047773242,2020,0,3,1,1,0,0,0,0,0,0,0,1,0,1.3862943611198906,0.6931471805599453,0.6931471805599453
https://openalex.org/W3087230414,2020,0,1,0,0,0,0,0,0,0,0,1,0,0,0.6931471805599453,0.0,0.0
https://openalex.org/W3110358918,2020,33,5,0,0,0,0,0,0,0,0,1,0,1,1.791759469228055,0.0,0.0
https://openalex.org/W3013145666,2020,0,4,0,0,0,0,0,0,0,0,1,1,0,1.6094379124341003,0.0,0.0
https://openalex.org/W3080375652,2020,8,3,0,0,0,0,0,0,0,0,0,0,0,1.3862943611198906,0.0,0.0
https://openalex.org/W7146717773,2020,0,4,0,0,0,0,0,0,0,0,1,0,0,1.6094379124341003,0.0,0.0
https://openalex.org/W3090503937,2020,3,3,2,1,1,0,0,0,1,0,1,0,0,1.3862943611198906,1.0986122886681098,0.6931471805599453
https://openalex.org/W3129240918,2020,32,4,1,1,0,0,0,0,0,0,0,0,1,1.6094379124341003,0.6931471805599453,0.6931471805599453
https://openalex.org/W2987222862,2020,11,2,3,2,1,1,1,0,0,1,0,1,0,1.0986122886681098,1.3862943611198906,1.0986122886681098
https://openalex.org/W3048044260,2020,0,3,0,0,0,0,0,0,0,0,0,1,0,1.3862943611198906,0.0,0.0
https://openalex.org/W3083443239,2020,0,2,0,0,0,0,0,0,0,0,0,1,0,1.0986122886681098,0.0,0.0
https://openalex.org/W3109977310,2020,0,1,0,0,0,0,0,0,0,0,0,1,0,0.6931471805599453,0.0,0.0
https://openalex.org/W3013861691,2020,0,1,0,0,0,0,0,0,0,0,0,0,0,0.6931471805599453,0.0,0.0
https://openalex.org/W3108269410,2020,0,4,0,0,0,0,0,0,0,0,1,1,0,1.6094379124341003,0.0,0.0
https://openalex.org/W3042369076,2020,0,1,1,1,0,0,0,0,0,0,1,1,0,0.6931471805599453,0.6931471805599453,0.6931471805599453
https://openalex.org/W3111694349,2020,24,5,2,1,1,0,0,0,0,0,0,1,1,1.791759469228055,1.0986122886681098,0.6931471805599453
https://openalex.org/W3194049917,2020,0,1,0,0,0,0,0,0,0,0,1,1,0,0.6931471805599453,0.0,0.0
https://openalex.org/W3112411064,2020,4,4,1,1,0,0,0,0,0,0,0,0,0,1.6094379124341003,0.6931471805599453,0.6931471805599453
https://openalex.org/W4287776102,2020,1,2,0,0,0,0,0,0,0,0,1,0,0,1.0986122886681098,0.0,0.0
https://openalex.org/W3016590183,2020,1,6,0,0,0,0,0,0,0,0,0,1,0,1.9459101490553132,0.0,0.0
https://openalex.org/W3115321698,2020,1,3,1,1,0,0,0,0,0,0,1,1,0,1.3862943611198906,0.6931471805599453,0.6931471805599453
https://openalex.org/W3111060234,2020,6,1,1,1,0,0,0,0,0,0,1,1,0,0.6931471805599453,0.6931471805599453,0.6931471805599453
https://openalex.org/W3153937500,2020,0,2,0,0,0,0,0,0,0,0,1,1,0,1.0986122886681098,0.0,0.0
https://openalex.org/W3024765087,2020,51,3,1,1,0,0,0,0,0,0,0,1,1,1.3862943611198906,0.6931471805599453,0.6931471805599453
https://openalex.org/W4312931853,2020,1,6,2,1,1,0,0,0,0,0,1,1,0,1.9459101490553132,1.0986122886681098,0.6931471805599453
https://openalex.org/W3036999471,2020,0,6,0,0,0,0,0,0,0,0,0,0,0,1.9459101490553132,0.0,0.0
https://openalex.org/W3086645424,2020,3,4,1,1,0,0,0,0,0,0,1,1,0,1.6094379124341003,0.6931471805599453,0.6931471805599453
https://openalex.org/W3030150841,2020,0,3,2,1,1,0,0,0,0,0,0,1,0,1.3862943611198906,1.0986122886681098,0.6931471805599453
https://openalex.org/W3113716565,2020,0,2,0,0,0,0,0,0,0,0,0,0,0,1.0986122886681098,0.0,0.0
https://openalex.org/W3011974891,2020,25,3,2,1,1,0,0,0,0,0,0,1,1,1.3862943611198906,1.0986122886681098,0.6931471805599453
https://openalex.org/W3088973088,2020,14,1,0,0,0,0,0,0,0,0,0,1,0,0.6931471805599453,0.0,0.0
https://openalex.org/W2988145519,2020,24,2,1,1,0,0,0,0,0,0,1,1,1,1.0986122886681098,0.6931471805599453,0.6931471805599453
https://openalex.org/W3183916679,2020,0,1,0,0,0,0,0,0,0,0,1,0,0,0.6931471805599453,0.0,0.0
https://openalex.org/W3017055337,2020,1,4,2,1,1,0,0,0,0,0,1,1,0,1.6094379124341003,1.0986122886681098,0.6931471805599453
https://openalex.org/W3035853693,2020,3,5,2,2,1,1,0,0,0,1,1,1,0,1.791759469228055,1.0986122886681098,1.0986122886681098
https://openalex.org/W3171362396,2020,0,2,1,1,0,0,0,0,0,0,0,1,0,1.0986122886681098,0.6931471805599453,0.6931471805599453
https://openalex.org/W3021220626,2020,30,4,0,0,0,0,0,0,0,0,0,0,1,1.6094379124341003,0.0,0.0
https://openalex.org/W3024566094,2020,0,3,1,1,0,0,0,0,0,0,0,1,0,1.3862943611198906,0.6931471805599453,0.6931471805599453
https://openalex.org/W4230689086,2020,0,36,0,1,0,0,0,0,0,0,1,1,0,3.6109179126442243,0.0,0.6931471805599453
https://openalex.org/W3101517963,2020,66,4,3,1,1,0,1,0,0,1,0,0,1,1.6094379124341003,1.3862943611198906,0.6931471805599453
https://openalex.org/W3009462366,2020,22,7,6,2,1,1,0,0,0,0,0,1,0,2.0794415416798357,1.9459101490553132,1.0986122886681098
https://openalex.org/W4379054685,2020,0,1,1,1,0,0,0,0,0,0,1,1,0,0.6931471805599453,0.6931471805599453,0.6931471805599453
https://openalex.org/W3011477988,2020,0,1,0,0,0,0,0,0,0,0,0,1,0,0.6931471805599453,0.0,0.0
https://openalex.org/W3135075254,2020,3,4,1,1,0,0,0,0,0,0,0,0,0,1.6094379124341003,0.6931471805599453,0.6931471805599453
https://openalex.org/W3009548745,2020,6,3,2,1,1,0,0,0,0,0,0,0,0,1.3862943611198906,1.0986122886681098,0.6931471805599453
https://openalex.org/W3128009980,2020,0,3,0,0,0,0,0,0,0,0,0,0,0,1.3862943611198906,0.0,0.0
https://openalex.org/W3083468696,2020,21,1,1,1,0,0,0,0,0,0,0,1,0,0.6931471805599453,0.6931471805599453,0.6931471805599453
https://openalex.org/W3163163636,2020,0,1,1,1,0,0,0,0,0,0,1,0,0,0.6931471805599453,0.6931471805599453,0.6931471805599453
https://openalex.org/W3025170129,2020,15,5,2,1,1,0,0,0,0,0,0,1,0,1.791759469228055,1.0986122886681098,0.6931471805599453
https://openalex.org/W3015121362,2020,87,3,3,3,1,1,0,0,0,0,0,1,1,1.3862943611198906,1.3862943611198906,1.3862943611198906
https://openalex.org/W3053476116,2020,0,1,0,0,0,0,0,0,0,0,0,1,0,0.6931471805599453,0.0,0.0
https://openalex.org/W3037653268,2020,14,3,1,1,0,0,0,0,0,0,0,1,0,1.3862943611198906,0.6931471805599453,0.6931471805599453
https://openalex.org/W3013488062,2020,20,3,3,2,1,1,0,0,0,0,1,1,0,1.3862943611198906,1.3862943611198906,1.0986122886681098
https://openalex.org/W3127513866,2020,3,3,1,1,0,0,0,0,0,0,0,0,0,1.3862943611198906,0.6931471805599453,0.6931471805599453
https://openalex.org/W3017379342,2020,19,2,2,1,1,0,0,0,0,0,1,1,0,1.0986122886681098,1.0986122886681098,0.6931471805599453
https://openalex.org/W3090691981,2020,1,2,1,1,0,0,0,0,0,0,0,0,0,1.0986122886681098,0.6931471805599453,0.6931471805599453
https://openalex.org/W3014783448,2020,2,1,2,1,1,0,0,0,0,0,1,0,0,0.6931471805599453,1.0986122886681098,0.6931471805599453
https://openalex.org/W3013949102,2020,0,3,1,1,0,0,0,0,0,0,0,0,0,1.3862943611198906,0.6931471805599453,0.6931471805599453
https://openalex.org/W3044055830,2020,0,2,1,1,0,0,0,0,0,1,0,0,0,1.0986122886681098,0.6931471805599453,0.6931471805599453
https://openalex.org/W3038017128,2020,10,5,1,1,0,0,0,0,0,0,1,1,0,1.791759469228055,0.6931471805599453,0.6931471805599453
https://openalex.org/W3029721600,2020,14,3,1,1,0,0,0,0,0,0,1,0,0,1.3862943611198906,0.6931471805599453,0.6931471805599453
https://openalex.org/W3005003423,2020,43,3,4,2,1,1,0,0,0,0,0,1,1,1.3862943611198906,1.6094379124341003,1.0986122886681098
https://openalex.org/W3084135741,2020,7,2,0,0,0,0,0,0,0,0,1,1,0,1.0986122886681098,0.0,0.0
https://openalex.org/W3089261433,2020,4,3,1,1,0,0,0,0,0,0,1,1,0,1.3862943611198906,0.6931471805599453,0.6931471805599453
https://openalex.org/W3103964592,2020,0,2,2,1,1,0,1,0,0,1,0,0,0,1.0986122886681098,1.0986122886681098,0.6931471805599453
https://openalex.org/W3100206630,2020,0,2,0,0,0,0,0,0,0,0,1,1,0,1.0986122886681098,0.0,0.0
https://openalex.org/W4405930508,2020,0,1,0,0,0,0,0,0,0,0,0,1,0,0.6931471805599453,0.0,0.0
https://openalex.org/W3124788198,2020,0,2,1,1,0,0,0,0,0,0,1,0,0,1.0986122886681098,0.6931471805599453,0.6931471805599453
https://openalex.org/W4254129438,2020,0,1,1,1,0,0,1,0,0,0,1,1,0,0.6931471805599453,0.6931471805599453,0.6931471805599453
https://openalex.org/W4229841696,2020,1,2,1,1,0,0,0,0,0,0,1,1,0,1.0986122886681098,0.6931471805599453,0.6931471805599453
https://openalex.org/W3006435498,2020,12,3,2,1,1,0,0,0,0,0,0,1,0,1.3862943611198906,1.0986122886681098,0.6931471805599453
https://openalex.org/W3090889290,2020,0,4,1,1,0,0,0,1,0,0,1,0,0,1.6094379124341003,0.6931471805599453,0.6931471805599453
https://openalex.org/W3046797950,2020,3,2,0,0,0,0,0,0,0,0,0,1,0,1.0986122886681098,0.0,0.0
https://openalex.org/W3107458115,2020,0,4,0,0,0,0,0,0,0,0,0,0,0,1.6094379124341003,0.0,0.0
https://openalex.org/W3028715699,2020,1,1,1,1,0,0,0,0,0,0,0,1,0,0.6931471805599453,0.6931471805599453,0.6931471805599453
https://openalex.org/W3035913543,2020,23,5,4,2,1,1,0,0,0,0,0,1,0,1.791759469228055,1.6094379124341003,1.0986122886681098
https://openalex.org/W3210136694,2020,0,3,0,0,0,0,0,0,0,0,0,1,0,1.3862943611198906,0.0,0.0
https://openalex.org/W3016811490,2020,5,6,1,1,0,0,0,0,0,0,0,0,0,1.9459101490553132,0.6931471805599453,0.6931471805599453
https://openalex.org/W3176661167,2020,0,6,6,1,1,0,1,1,0,1,0,0,0,1.9459101490553132,1.9459101490553132,0.6931471805599453
https://openalex.org/W3028001757,2020,1,2,1,1,0,0,0,0,0,0,1,1,0,1.0986122886681098,0.6931471805599453,0.6931471805599453
https://openalex.org/W3111354880,2020,2,1,1,1,0,0,0,0,0,0,0,1,0,0.6931471805599453,0.6931471805599453,0.6931471805599453
https://openalex.org/W3196492083,2020,0,1,0,0,0,0,0,0,0,0,0,1,0,0.6931471805599453,0.0,0.0
https://openalex.org/W4411658133,2020,1,1,1,1,0,0,0,1,0,0,1,1,0,0.6931471805599453,0.6931471805599453,0.6931471805599453
https://openalex.org/W3089763941,2020,34,4,3,1,1,0,0,0,0,0,0,1,1,1.6094379124341003,1.3862943611198906,0.6931471805599453
https://openalex.org/W3110361541,2020,0,3,0,0,0,0,0,0,0,0,0,0,0,1.3862943611198906,0.0,0.0
https://openalex.org/W3122745946,2020,1,3,1,1,0,0,0,0,0,0,1,1,0,1.3862943611198906,0.6931471805599453,0.6931471805599453
https://openalex.org/W3080210207,2020,2,5,3,3,1,1,0,0,0,1,0,1,0,1.791759469228055,1.3862943611198906,1.3862943611198906
https://openalex.org/W4414572254,2020,0,2,0,0,0,0,0,0,0,0,1,1,0,1.0986122886681098,0.0,0.0
https://openalex.org/W2773729051,2020,0,1,0,0,0,0,0,0,0,0,1,1,0,0.6931471805599453,0.0,0.0
https://openalex.org/W3091791413,2020,3,3,2,1,1,0,0,0,0,1,0,0,0,1.3862943611198906,1.0986122886681098,0.6931471805599453
https://openalex.org/W3035119653,2020,0,1,0,0,0,0,0,0,0,0,0,1,0,0.6931471805599453,0.0,0.0
https://openalex.org/W3025840687,2020,1,2,1,1,0,0,0,0,0,0,1,1,0,1.0986122886681098,0.6931471805599453,0.6931471805599453
https://openalex.org/W3088008890,2020,0,3,1,1,0,0,0,0,0,0,1,1,0,1.3862943611198906,0.6931471805599453,0.6931471805599453
https://openalex.org/W3029032782,2020,15,3,1,1,0,0,0,0,0,0,1,1,0,1.3862943611198906,0.6931471805599453,0.6931471805599453
https://openalex.org/W3034114804,2020,39,5,2,1,1,0,0,0,0,0,1,1,1,1.791759469228055,1.0986122886681098,0.6931471805599453
https://openalex.org/W3046852664,2020,0,3,1,1,0,0,0,0,0,0,0,1,0,1.3862943611198906,0.6931471805599453,0.6931471805599453
https://openalex.org/W3124048325,2020,0,2,0,0,0,0,0,0,0,0,1,1,0,1.0986122886681098,0.0,0.0
https://openalex.org/W3164527477,2020,0,2,0,0,0,0,0,0,0,0,1,0,0,1.0986122886681098,0.0,0.0
https://openalex.org/W3131580843,2020,6,4,2,2,1,1,0,0,0,0,0,0,0,1.6094379124341003,1.0986122886681098,1.0986122886681098
https://openalex.org/W3002335812,2020,8,3,4,2,1,1,0,0,0,1,1,1,0,1.3862943611198906,1.6094379124341003,1.0986122886681098
https://openalex.org/W4287694850,2020,0,3,0,0,0,0,0,0,0,0,1,1,0,1.3862943611198906,0.0,0.0
https://openalex.org/W3089041741,2020,9,4,4,2,1,1,0,0,0,0,0,1,0,1.6094379124341003,1.6094379124341003,1.0986122886681098
https://openalex.org/W7144002160,2020,0,1,0,0,0,0,0,0,0,0,1,0,0,0.6931471805599453,0.0,0.0
https://openalex.org/W3106588525,2020,0,5,2,2,1,1,0,0,0,0,1,1,0,1.791759469228055,1.0986122886681098,1.0986122886681098
https://openalex.org/W3091062654,2020,0,2,0,0,0,0,0,0,0,0,0,1,0,1.0986122886681098,0.0,0.0
https://openalex.org/W3009358652,2020,22,3,4,1,1,0,0,0,0,0,0,1,0,1.3862943611198906,1.6094379124341003,0.6931471805599453
https://openalex.org/W3208741050,2020,0,1,0,0,0,0,0,0,0,0,1,0,0,0.6931471805599453,0.0,0.0
https://openalex.org/W3147878797,2020,17,1,1,1,0,0,1,0,0,0,0,0,0,0.6931471805599453,0.6931471805599453,0.6931471805599453
https://openalex.org/W3096907938,2020,16,2,2,1,1,0,0,0,0,0,1,1,0,1.0986122886681098,1.0986122886681098,0.6931471805599453
https://openalex.org/W3040429885,2020,13,2,1,1,0,0,0,0,0,0,1,1,0,1.0986122886681098,0.6931471805599453,0.6931471805599453
https://openalex.org/W3043103294,2020,3,3,3,3,1,1,0,0,0,0,0,1,0,1.3862943611198906,1.3862943611198906,1.3862943611198906
https://openalex.org/W3173769659,2020,0,1,0,0,0,0,0,0,0,0,0,1,0,0.6931471805599453,0.0,0.0
https://openalex.org/W2464349760,2020,11,2,1,1,0,0,0,0,0,1,1,0,0,1.0986122886681098,0.6931471805599453,0.6931471805599453
https://openalex.org/W3004111866,2020,5,2,3,3,1,1,0,0,0,1,1,0,0,1.0986122886681098,1.3862943611198906,1.3862943611198906
https://openalex.org/W3207018737,2020,0,2,1,1,0,0,0,0,0,0,0,0,0,1.0986122886681098,0.6931471805599453,0.6931471805599453
https://openalex.org/W3006829358,2020,14,4,5,3,1,1,0,0,0,0,0,1,0,1.6094379124341003,1.791759469228055,1.3862943611198906
https://openalex.org/W3081687057,2020,3,4,0,0,0,0,0,0,0,0,1,1,0,1.6094379124341003,0.0,0.0
https://openalex.org/W4252029020,2020,0,26,2,2,1,1,0,1,0,1,1,1,0,3.295836866004329,1.0986122886681098,1.0986122886681098
https://openalex.org/W3081489424,2020,38,7,4,2,1,1,1,0,0,1,0,1,1,2.0794415416798357,1.6094379124341003,1.0986122886681098
https://openalex.org/W3111914815,2020,2,2,0,0,0,0,0,0,0,0,1,1,0,1.0986122886681098,0.0,0.0
https://openalex.org/W3012893569,2020,0,1,0,0,0,0,0,0,0,0,1,1,0,0.6931471805599453,0.0,0.0
https://openalex.org/W3096957088,2020,2,2,0,0,0,0,0,0,0,0,0,1,0,1.0986122886681098,0.0,0.0
https://openalex.org/W7104651898,2020,0,1,0,0,0,0,0,0,0,0,1,0,0,0.6931471805599453,0.0,0.0
https://openalex.org/W3127094451,2020,0,1,1,1,0,0,0,0,0,0,1,1,0,0.6931471805599453,0.6931471805599453,0.6931471805599453
https://openalex.org/W3024862924,2020,0,1,1,1,0,0,0,0,0,0,1,1,0,0.6931471805599453,0.6931471805599453,0.6931471805599453
https://openalex.org/W3033917965,2020,40,5,2,2,1,1,1,0,0,1,1,1,1,1.791759469228055,1.0986122886681098,1.0986122886681098
https://openalex.org/W3034150424,2020,0,7,0,0,0,0,0,0,0,0,0,1,0,2.0794415416798357,0.0,0.0
https://openalex.org/W3096265639,2020,0,2,1,1,0,0,0,0,0,0,1,1,0,1.0986122886681098,0.6931471805599453,0.6931471805599453
https://openalex.org/W3109174491,2020,0,3,1,1,0,0,0,0,0,0,1,1,0,1.3862943611198906,0.6931471805599453,0.6931471805599453
https://openalex.org/W3014357501,2020,1,2,3,1,1,0,0,0,0,0,0,0,0,1.0986122886681098,1.3862943611198906,0.6931471805599453
https://openalex.org/W3035934186,2020,2,2,1,1,0,0,0,0,0,0,0,1,0,1.0986122886681098,0.6931471805599453,0.6931471805599453
https://openalex.org/W3080257149,2020,0,3,2,1,1,0,0,0,0,0,0,0,0,1.3862943611198906,1.0986122886681098,0.6931471805599453
https://openalex.org/W3023047060,2020,3,3,1,1,0,0,0,0,0,0,0,0,0,1.3862943611198906,0.6931471805599453,0.6931471805599453
https://openalex.org/W3134309228,2020,0,3,0,0,0,0,0,0,0,0,0,0,0,1.3862943611198906,0.0,0.0
https://openalex.org/W3040586462,2020,0,3,1,1,0,0,0,0,0,0,0,0,0,1.3862943611198906,0.6931471805599453,0.6931471805599453
https://openalex.org/W3015303123,2020,0,4,0,0,0,0,0,0,0,0,0,1,0,1.6094379124341003,0.0,0.0
https://openalex.org/W3008308397,2020,11,1,1,1,0,0,0,0,0,0,0,1,0,0.6931471805599453,0.6931471805599453,0.6931471805599453
https://openalex.org/W3123433755,2020,1,2,1,1,0,0,0,0,0,0,0,0,0,1.0986122886681098,0.6931471805599453,0.6931471805599453
https://openalex.org/W3174776008,2020,0,1,0,0,0,0,0,0,0,0,0,0,0,0.6931471805599453,0.0,0.0
https://openalex.org/W3095980983,2020,0,1,2,2,1,1,1,0,0,1,1,1,0,0.6931471805599453,1.0986122886681098,1.0986122886681098
https://openalex.org/W3177791229,2020,2,1,1,1,0,0,0,0,0,0,1,1,0,0.6931471805599453,0.6931471805599453,0.6931471805599453
https://openalex.org/W3083934601,2020,11,3,2,1,1,0,0,0,0,0,1,1,0,1.3862943611198906,1.0986122886681098,0.6931471805599453
https://openalex.org/W3045854653,2020,3,3,2,2,1,1,1,0,0,0,1,1,0,1.3862943611198906,1.0986122886681098,1.0986122886681098
https://openalex.org/W3047064673,2020,7,8,3,1,1,0,0,0,0,0,1,1,0,2.1972245773362196,1.3862943611198906,0.6931471805599453
https://openalex.org/W3109416422,2020,0,2,0,0,0,0,0,0,0,0,0,0,0,1.0986122886681098,0.0,0.0
https://openalex.org/W3210687420,2020,0,7,0,0,0,0,0,0,0,0,0,1,0,2.0794415416798357,0.0,0.0
https://openalex.org/W3038508840,2020,176,2,2,2,1,1,0,0,0,1,0,1,1,1.0986122886681098,1.0986122886681098,1.0986122886681098
https://openalex.org/W3156488191,2020,3,2,1,1,0,0,0,0,0,0,1,1,0,1.0986122886681098,0.6931471805599453,0.6931471805599453
https://openalex.org/W3016233193,2020,0,2,1,1,0,0,0,0,1,0,0,1,0,1.0986122886681098,0.6931471805599453,0.6931471805599453
https://openalex.org/W3014683940,2020,4,3,1,1,0,0,0,0,0,0,0,0,0,1.3862943611198906,0.6931471805599453,0.6931471805599453
https://openalex.org/W3096590505,2020,3,6,5,2,1,1,0,0,0,0,0,0,0,1.9459101490553132,1.791759469228055,1.0986122886681098
https://openalex.org/W3026534345,2020,1,1,0,0,0,0,0,0,0,0,1,1,0,0.6931471805599453,0.0,0.0
https://openalex.org/W3061924630,2020,0,3,0,0,0,0,0,0,0,0,1,1,0,1.3862943611198906,0.0,0.0
https://openalex.org/W3022390014,2020,55,3,1,1,0,0,0,0,0,0,0,0,1,1.3862943611198906,0.6931471805599453,0.6931471805599453
https://openalex.org/W2999145101,2020,16,3,1,1,0,0,0,0,0,0,0,1,0,1.3862943611198906,0.6931471805599453,0.6931471805599453
https://openalex.org/W3091256814,2020,0,6,2,2,1,1,0,0,0,0,1,1,0,1.9459101490553132,1.0986122886681098,1.0986122886681098
https://openalex.org/W3015983133,2020,2,4,1,1,0,0,0,0,0,0,1,1,0,1.6094379124341003,0.6931471805599453,0.6931471805599453
https://openalex.org/W3043993369,2020,4,3,2,2,1,1,0,0,0,0,1,0,0,1.3862943611198906,1.0986122886681098,1.0986122886681098
https://openalex.org/W4237614210,2020,1,5,4,2,1,1,0,0,1,0,0,1,0,1.791759469228055,1.6094379124341003,1.0986122886681098
https://openalex.org/W3127190379,2020,1,2,0,0,0,0,0,0,0,0,0,1,0,1.0986122886681098,0.0,0.0
https://openalex.org/W3095476972,2020,1,1,0,0,0,0,0,0,0,0,0,1,0,0.6931471805599453,0.0,0.0
https://openalex.org/W3026934743,2020,7,4,1,1,0,0,0,0,0,0,1,1,0,1.6094379124341003,0.6931471805599453,0.6931471805599453
https://openalex.org/W3043669870,2020,0,1,0,0,0,0,0,0,0,0,0,0,0,0.6931471805599453,0.0,0.0
https://openalex.org/W3095100016,2020,0,1,1,1,0,0,0,0,0,0,1,1,0,0.6931471805599453,0.6931471805599453,0.6931471805599453
https://openalex.org/W4237190530,2020,2,3,0,0,0,0,0,0,0,0,1,1,0,1.3862943611198906,0.0,0.0
https://openalex.org/W3089117503,2020,2,1,1,1,0,0,0,0,0,0,1,1,0,0.6931471805599453,0.6931471805599453,0.6931471805599453
https://openalex.org/W4230400842,2020,1,1,2,1,1,0,0,0,0,1,1,0,0,0.6931471805599453,1.0986122886681098,0.6931471805599453
https://openalex.org/W3123304110,2020,0,1,0,0,0,0,0,0,0,0,1,0,0,0.6931471805599453,0.0,0.0
https://openalex.org/W3113139432,2020,47,4,4,2,1,1,0,0,0,0,0,0,1,1.6094379124341003,1.6094379124341003,1.0986122886681098
https://openalex.org/W3091770387,2020,0,9,6,3,1,1,0,0,1,0,1,1,0,2.302585092994046,1.9459101490553132,1.3862943611198906
https://openalex.org/W3113924766,2020,5,3,1,1,0,0,0,0,0,0,1,1,0,1.3862943611198906,0.6931471805599453,0.6931471805599453
https://openalex.org/W3004109511,2020,135,5,2,2,1,1,0,0,0,0,1,1,1,1.791759469228055,1.0986122886681098,1.0986122886681098
https://openalex.org/W7133319046,2020,0,2,0,0,0,0,0,0,0,0,1,1,0,1.0986122886681098,0.0,0.0
https://openalex.org/W3097582254,2020,0,4,0,0,0,0,0,0,0,0,1,0,0,1.6094379124341003,0.0,0.0
https://openalex.org/W3117998268,2020,0,2,1,1,0,0,0,0,0,0,0,0,0,1.0986122886681098,0.6931471805599453,0.6931471805599453
https://openalex.org/W3012575488,2020,20,5,5,3,1,1,0,0,0,0,1,1,0,1.791759469228055,1.791759469228055,1.3862943611198906
https://openalex.org/W3089383153,2020,20,6,2,2,1,1,0,0,0,1,0,1,0,1.9459101490553132,1.0986122886681098,1.0986122886681098
https://openalex.org/W3090704950,2020,1,2,0,0,0,0,0,0,0,0,0,1,0,1.0986122886681098,0.0,0.0
https://openalex.org/W2999974784,2020,11,6,2,1,1,0,0,0,0,0,0,1,0,1.9459101490553132,1.0986122886681098,0.6931471805599453
https://openalex.org/W3120778893,2020,3,4,1,1,0,0,0,0,0,0,0,0,0,1.6094379124341003,0.6931471805599453,0.6931471805599453
https://openalex.org/W3108190460,2020,0,4,1,1,0,0,0,0,0,0,1,1,0,1.6094379124341003,0.6931471805599453,0.6931471805599453
https://openalex.org/W3045907838,2020,9,5,1,1,0,0,0,0,0,0,0,0,0,1.791759469228055,0.6931471805599453,0.6931471805599453
https://openalex.org/W3024085920,2020,0,3,1,1,0,0,0,0,0,0,1,1,0,1.3862943611198906,0.6931471805599453,0.6931471805599453
https://openalex.org/W3109795890,2020,0,3,0,0,0,0,0,0,0,0,0,1,0,1.3862943611198906,0.0,0.0
https://openalex.org/W3108224492,2020,0,2,2,1,1,0,0,1,0,0,1,1,0,1.0986122886681098,1.0986122886681098,0.6931471805599453
https://openalex.org/W3047084863,2020,2,4,0,0,0,0,0,0,0,0,0,0,0,1.6094379124341003,0.0,0.0
https://openalex.org/W3034264914,2020,0,6,2,1,1,0,0,0,0,0,0,0,0,1.9459101490553132,1.0986122886681098,0.6931471805599453
https://openalex.org/W3037065679,2020,1,1,1,1,0,0,0,0,0,1,1,0,0,0.6931471805599453,0.6931471805599453,0.6931471805599453
https://openalex.org/W3045860710,2020,2,1,1,1,0,0,0,0,1,0,1,1,0,0.6931471805599453,0.6931471805599453,0.6931471805599453
https://openalex.org/W7073886144,2020,0,3,0,0,0,0,0,0,0,0,0,0,0,1.3862943611198906,0.0,0.0
https://openalex.org/W3139859481,2020,0,2,0,0,0,0,0,0,0,0,1,1,0,1.0986122886681098,0.0,0.0
https://openalex.org/W3028905879,2020,5,4,1,1,0,0,0,0,0,0,0,1,0,1.6094379124341003,0.6931471805599453,0.6931471805599453
https://openalex.org/W3046253770,2020,24,6,4,1,1,0,0,0,0,0,0,1,1,1.9459101490553132,1.6094379124341003,0.6931471805599453
https://openalex.org/W3029292654,2020,27,4,5,1,1,0,0,0,0,0,0,1,1,1.6094379124341003,1.791759469228055,0.6931471805599453
https://openalex.org/W4408468045,2020,0,1,0,0,0,0,0,0,0,0,1,1,0,0.6931471805599453,0.0,0.0
https://openalex.org/W3117494301,2020,13,5,2,2,1,1,0,0,0,0,0,1,0,1.791759469228055,1.0986122886681098,1.0986122886681098
https://openalex.org/W3098262933,2020,11,3,2,2,1,1,0,0,0,0,0,0,0,1.3862943611198906,1.0986122886681098,1.0986122886681098
https://openalex.org/W3044045419,2020,59,4,3,2,1,1,0,0,0,0,1,1,1,1.6094379124341003,1.3862943611198906,1.0986122886681098
https://openalex.org/W3112662864,2020,4,2,1,1,0,0,1,0,0,0,0,1,0,1.0986122886681098,0.6931471805599453,0.6931471805599453
https://openalex.org/W3128150767,2020,0,4,2,1,1,0,0,0,0,0,1,1,0,1.6094379124341003,1.0986122886681098,0.6931471805599453
https://openalex.org/W3032191623,2020,0,2,0,0,0,0,0,0,0,0,1,1,0,1.0986122886681098,0.0,0.0
https://openalex.org/W3108406630,2020,0,2,0,0,0,0,0,0,0,0,0,1,0,1.0986122886681098,0.0,0.0
https://openalex.org/W3119424173,2020,0,1,1,1,0,0,0,1,0,0,0,1,0,0.6931471805599453,0.6931471805599453,0.6931471805599453
https://openalex.org/W3014999006,2020,0,3,4,4,1,1,0,0,1,0,1,1,0,1.3862943611198906,1.6094379124341003,1.6094379124341003
https://openalex.org/W3038492594,2020,0,1,0,0,0,0,0,0,0,0,1,1,0,0.6931471805599453,0.0,0.0
https://openalex.org/W3014345936,2020,8,2,1,1,0,0,0,0,0,0,0,0,0,1.0986122886681098,0.6931471805599453,0.6931471805599453
https://openalex.org/W3210921560,2020,0,7,5,3,1,1,0,0,0,0,1,0,0,2.0794415416798357,1.791759469228055,1.3862943611198906
https://openalex.org/W3094210171,2020,4,4,1,1,0,0,0,0,0,0,0,1,0,1.6094379124341003,0.6931471805599453,0.6931471805599453
https://openalex.org/W3043664589,2020,3,1,1,1,0,0,0,0,0,0,1,1,0,0.6931471805599453,0.6931471805599453,0.6931471805599453
https://openalex.org/W4234526793,2020,0,1,1,1,0,0,0,0,0,0,1,1,0,0.6931471805599453,0.6931471805599453,0.6931471805599453
https://openalex.org/W3194867217,2020,4,3,4,3,1,1,0,0,0,1,1,0,0,1.3862943611198906,1.6094379124341003,1.3862943611198906
https://openalex.org/W3211150862,2020,2,30,6,4,1,1,0,1,0,0,1,0,0,3.4339872044851463,1.9459101490553132,1.6094379124341003
https://openalex.org/W3012055358,2020,151,9,4,2,1,1,1,0,1,1,0,1,1,2.302585092994046,1.6094379124341003,1.0986122886681098
https://openalex.org/W3109343405,2020,1,6,1,1,0,0,0,0,0,0,1,1,0,1.9459101490553132,0.6931471805599453,0.6931471805599453
https://openalex.org/W3045264686,2020,0,2,0,0,0,0,0,0,0,0,0,1,0,1.0986122886681098,0.0,0.0
https://openalex.org/W3210214359,2020,0,3,2,1,1,0,0,0,0,0,0,0,0,1.3862943611198906,1.0986122886681098,0.6931471805599453
https://openalex.org/W4250897653,2020,0,23,1,1,0,0,0,1,0,1,1,0,0,3.1780538303479458,0.6931471805599453,0.6931471805599453
https://openalex.org/W4306403868,2020,0,5,2,1,1,0,0,0,0,0,1,1,0,1.791759469228055,1.0986122886681098,0.6931471805599453
https://openalex.org/W3012050054,2020,0,1,0,0,0,0,0,0,0,0,0,0,0,0.6931471805599453,0.0,0.0
https://openalex.org/W3059049571,2020,4,3,0,0,0,0,0,0,0,0,1,1,0,1.3862943611198906,0.0,0.0
https://openalex.org/W3034008850,2020,74,7,6,2,1,1,0,0,0,0,0,1,1,2.0794415416798357,1.9459101490553132,1.0986122886681098
https://openalex.org/W3082273798,2020,2,4,2,1,1,0,0,1,0,0,0,0,0,1.6094379124341003,1.0986122886681098,0.6931471805599453
https://openalex.org/W3029402274,2020,0,1,0,0,0,0,0,0,0,0,0,0,0,0.6931471805599453,0.0,0.0
https://openalex.org/W3025641753,2020,27,1,1,1,0,0,0,0,0,0,1,1,1,0.6931471805599453,0.6931471805599453,0.6931471805599453
https://openalex.org/W3094364298,2020,31,1,0,0,0,0,0,0,0,0,0,0,1,0.6931471805599453,0.0,0.0
https://openalex.org/W3008157253,2020,3,5,3,1,1,0,0,1,0,1,0,1,0,1.791759469228055,1.3862943611198906,0.6931471805599453
https://openalex.org/W7128508790,2020,0,1,0,0,0,0,0,0,0,0,1,1,0,0.6931471805599453,0.0,0.0
https://openalex.org/W3127944823,2020,3,2,1,1,0,0,0,0,0,0,0,0,0,1.0986122886681098,0.6931471805599453,0.6931471805599453
https://openalex.org/W3045384404,2020,5,3,3,1,1,0,0,0,0,0,1,1,0,1.3862943611198906,1.3862943611198906,0.6931471805599453
https://openalex.org/W3025053074,2020,42,9,9,4,1,1,0,1,0,1,1,1,1,2.302585092994046,2.302585092994046,1.6094379124341003
https://openalex.org/W3041857814,2020,0,1,0,0,0,0,0,0,0,0,0,0,0,0.6931471805599453,0.0,0.0
https://openalex.org/W3042339432,2020,180,7,5,5,1,1,0,0,0,1,0,1,1,2.0794415416798357,1.791759469228055,1.791759469228055
https://openalex.org/W3119749360,2020,6,2,5,2,1,1,0,0,0,0,0,0,0,1.0986122886681098,1.791759469228055,1.0986122886681098
https://openalex.org/W3126946043,2020,0,2,0,0,0,0,0,0,0,0,0,0,0,1.0986122886681098,0.0,0.0
https://openalex.org/W3117831753,2020,2,3,2,1,1,0,0,0,0,1,0,0,0,1.3862943611198906,1.0986122886681098,0.6931471805599453
https://openalex.org/W4206350445,2020,0,1,0,0,0,0,0,0,0,0,0,1,0,0.6931471805599453,0.0,0.0
https://openalex.org/W3034491114,2020,13,4,2,2,1,1,0,0,0,1,0,1,0,1.6094379124341003,1.0986122886681098,1.0986122886681098
https://openalex.org/W3091839153,2020,12,3,2,1,1,0,0,1,0,0,0,0,0,1.3862943611198906,1.0986122886681098,0.6931471805599453
https://openalex.org/W3054518811,2020,8,3,1,1,0,0,0,0,0,0,1,1,0,1.3862943611198906,0.6931471805599453,0.6931471805599453
https://openalex.org/W3116331681,2020,0,3,0,0,0,0,0,0,0,0,1,1,0,1.3862943611198906,0.0,0.0
https://openalex.org/W3118328804,2020,3,2,1,1,0,0,0,0,0,0,0,0,0,1.0986122886681098,0.6931471805599453,0.6931471805599453
https://openalex.org/W3210445374,2020,0,1,1,1,0,0,0,0,0,0,1,1,0,0.6931471805599453,0.6931471805599453,0.6931471805599453
https://openalex.org/W3098146632,2020,1,1,0,0,0,0,0,0,0,0,1,0,0,0.6931471805599453,0.0,0.0
https://openalex.org/W3083483252,2020,0,3,1,1,0,0,0,0,0,1,0,0,0,1.3862943611198906,0.6931471805599453,0.6931471805599453
https://openalex.org/W3048295691,2020,14,3,1,1,0,0,0,0,0,0,1,1,0,1.3862943611198906,0.6931471805599453,0.6931471805599453
https://openalex.org/W3101831470,2020,9,11,5,4,1,1,0,0,0,1,1,1,0,2.4849066497880004,1.791759469228055,1.6094379124341003
https://openalex.org/W2999702785,2020,27,4,3,2,1,1,0,0,0,0,0,1,1,1.6094379124341003,1.3862943611198906,1.0986122886681098
https://openalex.org/W3127512295,2020,2,3,3,1,1,0,0,0,0,0,0,1,0,1.3862943611198906,1.3862943611198906,0.6931471805599453
https://openalex.org/W3107029604,2020,2,3,1,1,0,0,0,0,0,0,1,1,0,1.3862943611198906,0.6931471805599453,0.6931471805599453
https://openalex.org/W2973619314,2020,63,3,1,1,0,0,1,0,0,0,0,0,1,1.3862943611198906,0.6931471805599453,0.6931471805599453
https://openalex.org/W3088745299,2020,11,9,6,1,1,0,0,0,0,0,1,1,0,2.302585092994046,1.9459101490553132,0.6931471805599453
https://openalex.org/W3166221011,2020,0,3,0,0,0,0,0,0,0,0,0,1,0,1.3862943611198906,0.0,0.0
https://openalex.org/W3082188807,2020,56,6,3,1,1,0,0,0,0,0,0,1,1,1.9459101490553132,1.3862943611198906,0.6931471805599453
https://openalex.org/W3081342944,2020,24,4,3,2,1,1,0,1,0,1,0,0,1,1.6094379124341003,1.3862943611198906,1.0986122886681098
https://openalex.org/W3021950373,2020,1,3,2,1,1,0,0,0,0,0,1,1,0,1.3862943611198906,1.0986122886681098,0.6931471805599453
https://openalex.org/W3040737338,2020,0,2,0,0,0,0,0,0,0,0,0,0,0,1.0986122886681098,0.0,0.0
https://openalex.org/W3134492315,2020,68,4,1,1,0,0,0,0,0,1,1,1,1,1.6094379124341003,0.6931471805599453,0.6931471805599453
https://openalex.org/W3120172148,2020,6,3,1,1,0,0,0,0,0,0,0,0,0,1.3862943611198906,0.6931471805599453,0.6931471805599453
https://openalex.org/W3164858960,2020,0,5,0,0,0,0,0,0,0,0,0,1,0,1.791759469228055,0.0,0.0
https://openalex.org/W3081606466,2020,0,3,1,1,0,0,0,0,0,0,1,1,0,1.3862943611198906,0.6931471805599453,0.6931471805599453
https://openalex.org/W2328570209,2020,2,1,1,1,0,0,0,0,0,0,0,0,0,0.6931471805599453,0.6931471805599453,0.6931471805599453
https://openalex.org/W3111864285,2020,9,3,2,1,1,0,0,0,0,0,1,1,0,1.3862943611198906,1.0986122886681098,0.6931471805599453
https://openalex.org/W3047998452,2020,14,4,1,1,0,0,0,0,0,0,1,1,0,1.6094379124341003,0.6931471805599453,0.6931471805599453
https://openalex.org/W3009202547,2020,249,4,6,3,1,1,1,0,1,1,1,1,1,1.6094379124341003,1.9459101490553132,1.3862943611198906
https://openalex.org/W3012454389,2020,1,6,3,2,1,1,0,0,0,0,1,1,0,1.9459101490553132,1.3862943611198906,1.0986122886681098
https://openalex.org/W3107027943,2020,0,1,0,0,0,0,0,0,0,0,0,1,0,0.6931471805599453,0.0,0.0
https://openalex.org/W4399864752,2020,0,1,0,0,0,0,0,0,0,0,1,1,0,0.6931471805599453,0.0,0.0
https://openalex.org/W3014964002,2020,36,2,1,1,0,0,0,0,0,0,1,1,1,1.0986122886681098,0.6931471805599453,0.6931471805599453
https://openalex.org/W3118612886,2020,2,3,1,1,0,0,0,0,0,0,1,1,0,1.3862943611198906,0.6931471805599453,0.6931471805599453
https://openalex.org/W4287555619,2020,0,5,2,2,1,1,0,1,0,1,1,0,0,1.791759469228055,1.0986122886681098,1.0986122886681098
https://openalex.org/W3043227659,2020,50,5,1,1,0,0,0,0,0,0,0,1,1,1.791759469228055,0.6931471805599453,0.6931471805599453
https://openalex.org/W3005378446,2020,61,2,1,1,0,0,0,0,0,0,1,1,1,1.0986122886681098,0.6931471805599453,0.6931471805599453
https://openalex.org/W3043974552,2020,31,2,2,2,1,1,0,0,0,0,0,1,1,1.0986122886681098,1.0986122886681098,1.0986122886681098
https://openalex.org/W4287599704,2020,0,2,0,0,0,0,0,0,0,0,1,0,0,1.0986122886681098,0.0,0.0
https://openalex.org/W4205293361,2020,0,2,0,0,0,0,0,0,0,0,0,0,0,1.0986122886681098,0.0,0.0
https://openalex.org/W3117433073,2020,0,2,1,1,0,0,0,0,0,0,0,0,0,1.0986122886681098,0.6931471805599453,0.6931471805599453
https://openalex.org/W3171438074,2020,1,6,0,0,0,0,0,0,0,0,1,0,0,1.9459101490553132,0.0,0.0
https://openalex.org/W7143379450,2020,0,4,1,1,0,0,0,0,0,1,1,0,0,1.6094379124341003,0.6931471805599453,0.6931471805599453
https://openalex.org/W3198818067,2020,0,1,1,1,0,0,0,0,0,0,1,0,0,0.6931471805599453,0.6931471805599453,0.6931471805599453
https://openalex.org/W3124290791,2020,0,8,0,0,0,0,0,0,0,0,0,0,0,2.1972245773362196,0.0,0.0
https://openalex.org/W3088284461,2020,7,6,2,1,1,0,0,0,0,0,0,0,0,1.9459101490553132,1.0986122886681098,0.6931471805599453
https://openalex.org/W3088986162,2020,2,2,2,2,1,1,0,0,0,0,0,0,0,1.0986122886681098,1.0986122886681098,1.0986122886681098
https://openalex.org/W2996006715,2020,0,1,2,1,1,0,0,0,0,0,1,1,0,0.6931471805599453,1.0986122886681098,0.6931471805599453
https://openalex.org/W3000420884,2020,40,2,2,2,1,1,0,0,0,0,0,1,1,1.0986122886681098,1.0986122886681098,1.0986122886681098
https://openalex.org/W3025892594,2020,32,2,1,1,0,0,0,0,0,0,1,1,1,1.0986122886681098,0.6931471805599453,0.6931471805599453
https://openalex.org/W2998409174,2020,102,9,3,2,1,1,1,0,0,0,1,0,1,2.302585092994046,1.3862943611198906,1.0986122886681098
https://openalex.org/W2999918589,2020,9,6,4,3,1,1,0,0,0,0,0,1,0,1.9459101490553132,1.6094379124341003,1.3862943611198906
https://openalex.org/W3045784720,2020,70,3,1,1,0,0,0,0,0,0,1,1,1,1.3862943611198906,0.6931471805599453,0.6931471805599453
https://openalex.org/W3127389840,2020,1,3,0,0,0,0,0,0,0,0,1,1,0,1.3862943611198906,0.0,0.0
https://openalex.org/W3114171775,2020,0,1,0,0,0,0,0,0,0,0,1,0,0,0.6931471805599453,0.0,0.0
https://openalex.org/W3080104546,2020,2,3,1,1,0,0,0,0,0,0,0,0,0,1.3862943611198906,0.6931471805599453,0.6931471805599453
https://openalex.org/W3038281011,2020,3,4,2,1,1,0,0,0,0,0,1,1,0,1.6094379124341003,1.0986122886681098,0.6931471805599453
https://openalex.org/W3116044006,2020,7,2,1,1,0,0,0,0,0,0,1,1,0,1.0986122886681098,0.6931471805599453,0.6931471805599453
https://openalex.org/W3106794683,2020,0,3,1,1,0,0,0,0,0,0,1,1,0,1.3862943611198906,0.6931471805599453,0.6931471805599453
https://openalex.org/W184055068,2020,2,3,1,1,0,0,0,0,0,0,1,0,0,1.3862943611198906,0.6931471805599453,0.6931471805599453
https://openalex.org/W3073897359,2020,4,2,1,1,0,0,0,0,0,0,0,1,0,1.0986122886681098,0.6931471805599453,0.6931471805599453
https://openalex.org/W3118712856,2020,0,1,0,0,0,0,0,0,0,0,0,1,0,0.6931471805599453,0.0,0.0
https://openalex.org/W4256028747,2020,0,1,0,0,0,0,0,0,0,0,1,1,0,0.6931471805599453,0.0,0.0
https://openalex.org/W4252621026,2020,0,15,0,0,0,0,0,0,0,0,1,0,0,2.772588722239781,0.0,0.0
https://openalex.org/W3091813633,2020,0,2,1,1,0,0,0,0,0,0,0,0,0,1.0986122886681098,0.6931471805599453,0.6931471805599453
https://openalex.org/W3093927179,2020,20,5,1,1,0,0,0,0,0,0,0,0,0,1.791759469228055,0.6931471805599453,0.6931471805599453
https://openalex.org/W3097111495,2020,0,1,0,0,0,0,0,0,0,0,0,1,0,0.6931471805599453,0.0,0.0
https://openalex.org/W3091809495,2020,30,3,2,1,1,0,0,0,0,0,0,1,1,1.3862943611198906,1.0986122886681098,0.6931471805599453
https://openalex.org/W3120169572,2020,0,2,0,0,0,0,0,0,0,0,0,1,0,1.0986122886681098,0.0,0.0
https://openalex.org/W3014044550,2020,6,5,1,1,0,0,0,0,0,0,0,0,0,1.791759469228055,0.6931471805599453,0.6931471805599453
https://openalex.org/W3118253145,2020,1,5,0,0,0,0,0,0,0,0,1,1,0,1.791759469228055,0.0,0.0
https://openalex.org/W3114667474,2020,0,3,1,1,0,0,0,0,0,0,0,0,0,1.3862943611198906,0.6931471805599453,0.6931471805599453
https://openalex.org/W4206583552,2020,1,1,0,0,0,0,0,0,0,0,1,1,0,0.6931471805599453,0.0,0.0
https://openalex.org/W3123787255,2020,0,2,0,0,0,0,0,0,0,0,0,1,0,1.0986122886681098,0.0,0.0
https://openalex.org/W3118647857,2020,15,3,7,1,1,0,0,0,0,0,0,0,0,1.3862943611198906,2.0794415416798357,0.6931471805599453
https://openalex.org/W3119684289,2020,0,1,0,0,0,0,0,0,0,0,0,0,0,0.6931471805599453,0.0,0.0
https://openalex.org/W3107039251,2020,67,4,2,2,1,1,0,0,0,0,1,1,1,1.6094379124341003,1.0986122886681098,1.0986122886681098
https://openalex.org/W2997909961,2020,59,3,1,1,0,0,0,0,0,0,1,0,1,1.3862943611198906,0.6931471805599453,0.6931471805599453
https://openalex.org/W3092208058,2020,0,3,1,1,0,0,0,0,0,0,1,1,0,1.3862943611198906,0.6931471805599453,0.6931471805599453
https://openalex.org/W3042315924,2020,1,4,5,3,1,1,0,0,0,0,1,0,0,1.6094379124341003,1.791759469228055,1.3862943611198906
https://openalex.org/W4319451199,2020,0,3,0,0,0,0,0,0,0,0,1,1,0,1.3862943611198906,0.0,0.0
https://openalex.org/W3093503171,2020,0,11,0,0,0,0,0,0,0,0,1,0,0,2.4849066497880004,0.0,0.0
https://openalex.org/W3130911179,2020,42,3,1,1,0,0,0,0,0,1,0,0,1,1.3862943611198906,0.6931471805599453,0.6931471805599453
https://openalex.org/W3105843225,2020,10,2,1,1,0,0,0,0,0,0,1,1,0,1.0986122886681098,0.6931471805599453,0.6931471805599453
https://openalex.org/W2963808574,2020,3,2,2,1,1,0,0,0,0,0,1,1,0,1.0986122886681098,1.0986122886681098,0.6931471805599453
https://openalex.org/W3187389246,2020,0,1,0,0,0,0,0,0,0,0,1,0,0,0.6931471805599453,0.0,0.0
https://openalex.org/W4253565985,2020,0,3,0,0,0,0,0,0,0,0,1,1,0,1.3862943611198906,0.0,0.0
https://openalex.org/W3097880706,2020,4,3,1,1,0,0,0,0,0,0,0,0,0,1.3862943611198906,0.6931471805599453,0.6931471805599453
https://openalex.org/W3005990752,2020,142,3,2,1,1,0,1,0,0,1,0,1,1,1.3862943611198906,1.0986122886681098,0.6931471805599453
https://openalex.org/W3042078828,2020,0,1,0,0,0,0,0,0,0,0,1,1,0,0.6931471805599453,0.0,0.0
https://openalex.org/W3095405317,2020,0,2,0,0,0,0,0,0,0,0,0,1,0,1.0986122886681098,0.0,0.0
https://openalex.org/W3040943739,2020,13,5,1,1,0,0,0,0,0,0,0,1,0,1.791759469228055,0.6931471805599453,0.6931471805599453
https://openalex.org/W3109733740,2020,15,6,1,1,0,0,0,0,0,0,1,1,0,1.9459101490553132,0.6931471805599453,0.6931471805599453
https://openalex.org/W3128497535,2020,67,4,4,3,1,1,0,0,0,1,0,0,1,1.6094379124341003,1.6094379124341003,1.3862943611198906
https://openalex.org/W4287639052,2020,0,2,1,1,0,0,0,0,0,0,1,0,0,1.0986122886681098,0.6931471805599453,0.6931471805599453
https://openalex.org/W3021205735,2020,1,1,0,0,0,0,0,0,0,0,0,1,0,0.6931471805599453,0.0,0.0
https://openalex.org/W3089578279,2020,0,4,3,1,1,0,0,0,0,0,0,0,0,1.6094379124341003,1.3862943611198906,0.6931471805599453
https://openalex.org/W3079465980,2020,6,4,0,0,0,0,0,0,0,0,1,1,0,1.6094379124341003,0.0,0.0
https://openalex.org/W3005459348,2020,5,5,5,1,1,0,0,1,0,0,1,0,0,1.791759469228055,1.791759469228055,0.6931471805599453
https://openalex.org/W3013155969,2020,11,1,0,0,0,0,0,0,0,0,1,1,0,0.6931471805599453,0.0,0.0
https://openalex.org/W3038103859,2020,7,7,2,2,1,1,0,1,0,1,1,0,0,2.0794415416798357,1.0986122886681098,1.0986122886681098
https://openalex.org/W3129665071,2020,0,1,1,1,0,0,0,0,0,0,0,0,0,0.6931471805599453,0.6931471805599453,0.6931471805599453
https://openalex.org/W3095183867,2020,1,4,1,1,0,0,1,0,0,1,0,0,0,1.6094379124341003,0.6931471805599453,0.6931471805599453
https://openalex.org/W3109261606,2020,0,4,0,0,0,0,0,0,0,0,0,1,0,1.6094379124341003,0.0,0.0
https://openalex.org/W3111287954,2020,0,1,0,0,0,0,0,0,0,0,0,0,0,0.6931471805599453,0.0,0.0
https://openalex.org/W3040848789,2020,4,5,2,1,1,0,0,0,0,0,1,0,0,1.791759469228055,1.0986122886681098,0.6931471805599453
https://openalex.org/W3007680036,2020,12,2,1,1,0,0,0,0,0,0,0,1,0,1.0986122886681098,0.6931471805599453,0.6931471805599453
https://openalex.org/W3092292656,2020,143,2,1,1,0,0,1,1,0,1,1,0,1,1.0986122886681098,0.6931471805599453,0.6931471805599453
https://openalex.org/W3114438931,2020,0,2,4,3,1,1,0,1,1,0,1,1,0,1.0986122886681098,1.6094379124341003,1.3862943611198906
https://openalex.org/W3009482426,2020,2,3,2,1,1,0,0,0,0,0,0,1,0,1.3862943611198906,1.0986122886681098,0.6931471805599453
https://openalex.org/W3080186656,2020,12,4,2,1,1,0,0,0,0,0,1,1,0,1.6094379124341003,1.0986122886681098,0.6931471805599453
https://openalex.org/W3211616913,2020,0,1,0,0,0,0,0,0,0,0,0,0,0,0.6931471805599453,0.0,0.0
https://openalex.org/W3044478858,2020,7,4,1,1,0,0,0,0,0,0,0,0,0,1.6094379124341003,0.6931471805599453,0.6931471805599453
https://openalex.org/W3042063671,2020,13,4,1,1,0,0,0,0,0,0,0,0,0,1.6094379124341003,0.6931471805599453,0.6931471805599453
https://openalex.org/W3047087199,2020,0,2,0,0,0,0,0,0,0,0,0,1,0,1.0986122886681098,0.0,0.0
https://openalex.org/W3080742377,2020,0,1,1,1,0,0,0,0,0,0,0,0,0,0.6931471805599453,0.6931471805599453,0.6931471805599453
https://openalex.org/W3034992133,2020,98,6,4,2,1,1,1,0,1,0,0,0,1,1.9459101490553132,1.6094379124341003,1.0986122886681098
https://openalex.org/W3039701615,2020,9,2,2,1,1,0,0,0,1,0,1,1,0,1.0986122886681098,1.0986122886681098,0.6931471805599453
https://openalex.org/W3016457414,2020,0,1,0,0,0,0,0,0,0,0,0,0,0,0.6931471805599453,0.0,0.0
https://openalex.org/W3028772872,2020,2,1,2,1,1,0,0,0,0,0,1,0,0,0.6931471805599453,1.0986122886681098,0.6931471805599453
https://openalex.org/W3091231616,2020,0,3,0,0,0,0,0,0,0,0,0,0,0,1.3862943611198906,0.0,0.0
https://openalex.org/W3091922010,2020,5,3,2,1,1,0,0,0,0,0,0,0,0,1.3862943611198906,1.0986122886681098,0.6931471805599453
https://openalex.org/W3091342986,2020,0,3,2,1,1,0,0,0,0,0,1,1,0,1.3862943611198906,1.0986122886681098,0.6931471805599453
https://openalex.org/W3128124448,2020,0,4,0,0,0,0,0,0,0,0,0,0,0,1.6094379124341003,0.0,0.0
https://openalex.org/W3011302765,2020,2,1,1,1,0,0,0,0,0,0,1,1,0,0.6931471805599453,0.6931471805599453,0.6931471805599453
https://openalex.org/W3116011809,2020,0,3,0,0,0,0,0,0,0,0,0,0,0,1.3862943611198906,0.0,0.0
https://openalex.org/W3047695875,2020,2,1,1,1,0,0,0,0,0,0,1,1,0,0.6931471805599453,0.6931471805599453,0.6931471805599453
https://openalex.org/W2798517237,2020,2,2,1,1,0,0,0,0,0,0,0,1,0,1.0986122886681098,0.6931471805599453,0.6931471805599453
https://openalex.org/W3102422728,2020,44,3,1,1,0,0,0,0,0,1,1,1,1,1.3862943611198906,0.6931471805599453,0.6931471805599453
https://openalex.org/W3036669218,2020,0,1,1,1,0,0,0,0,0,0,0,0,0,0.6931471805599453,0.6931471805599453,0.6931471805599453
https://openalex.org/W3166825392,2020,1,1,0,0,0,0,0,0,0,0,0,0,0,0.6931471805599453,0.0,0.0
https://openalex.org/W3091070590,2020,1,3,3,3,1,1,0,0,0,0,0,0,0,1.3862943611198906,1.3862943611198906,1.3862943611198906
https://openalex.org/W3116833790,2020,0,1,1,1,0,0,0,0,0,0,1,1,0,0.6931471805599453,0.6931471805599453,0.6931471805599453
https://openalex.org/W3083917477,2020,0,1,0,0,0,0,0,0,0,0,0,0,0,0.6931471805599453,0.0,0.0
https://openalex.org/W7103984746,2020,0,1,1,1,0,0,0,0,0,0,1,0,0,0.6931471805599453,0.6931471805599453,0.6931471805599453
https://openalex.org/W3016328451,2020,3,1,0,0,0,0,0,0,0,0,1,1,0,0.6931471805599453,0.0,0.0
https://openalex.org/W3194559251,2020,0,1,0,0,0,0,0,0,0,0,1,1,0,0.6931471805599453,0.0,0.0
https://openalex.org/W3126977517,2020,42,6,3,2,1,1,0,1,0,1,0,0,1,1.9459101490553132,1.3862943611198906,1.0986122886681098
https://openalex.org/W3109045280,2020,9,4,3,2,1,1,1,1,0,1,1,1,0,1.6094379124341003,1.3862943611198906,1.0986122886681098
https://openalex.org/W3213195726,2020,0,3,0,0,0,0,0,0,0,0,0,1,0,1.3862943611198906,0.0,0.0
https://openalex.org/W3088470676,2020,0,1,0,0,0,0,0,0,0,0,0,0,0,0.6931471805599453,0.0,0.0
https://openalex.org/W3036773895,2020,1,2,2,1,1,0,0,0,0,0,0,1,0,1.0986122886681098,1.0986122886681098,0.6931471805599453
https://openalex.org/W3093606573,2020,290,9,4,2,1,1,0,0,1,0,0,1,1,2.302585092994046,1.6094379124341003,1.0986122886681098
https://openalex.org/W3092117255,2020,1,2,0,0,0,0,0,0,0,0,1,1,0,1.0986122886681098,0.0,0.0
https://openalex.org/W4247948281,2020,2,3,1,1,0,0,0,0,0,0,1,1,0,1.3862943611198906,0.6931471805599453,0.6931471805599453
https://openalex.org/W3108713296,2020,0,1,0,0,0,0,0,0,0,0,0,0,0,0.6931471805599453,0.0,0.0
https://openalex.org/W3082359955,2020,14,7,0,0,0,0,0,0,0,0,0,1,0,2.0794415416798357,0.0,0.0
https://openalex.org/W3187895669,2020,0,4,1,1,0,0,0,0,0,1,0,0,0,1.6094379124341003,0.6931471805599453,0.6931471805599453
https://openalex.org/W3139108172,2020,1,4,1,1,0,0,0,0,0,0,0,0,0,1.6094379124341003,0.6931471805599453,0.6931471805599453
https://openalex.org/W3101306829,2020,14,7,0,0,0,0,0,0,0,0,0,0,0,2.0794415416798357,0.0,0.0
https://openalex.org/W2996943238,2020,6,3,1,1,0,0,1,0,0,0,0,1,0,1.3862943611198906,0.6931471805599453,0.6931471805599453
https://openalex.org/W3169930039,2020,1,1,1,1,0,0,0,0,0,0,1,1,0,0.6931471805599453,0.6931471805599453,0.6931471805599453
https://openalex.org/W3117983539,2020,2,3,1,1,0,0,0,0,0,0,0,0,0,1.3862943611198906,0.6931471805599453,0.6931471805599453
https://openalex.org/W3024365698,2020,755,4,1,1,0,0,0,0,0,0,1,1,1,1.6094379124341003,0.6931471805599453,0.6931471805599453
https://openalex.org/W3039580367,2020,181,2,2,1,1,0,0,0,0,0,1,1,1,1.0986122886681098,1.0986122886681098,0.6931471805599453
https://openalex.org/W3194505245,2020,1,5,3,1,1,0,1,1,0,1,1,0,0,1.791759469228055,1.3862943611198906,0.6931471805599453
https://openalex.org/W3096353795,2020,1,2,0,0,0,0,0,0,0,0,0,1,0,1.0986122886681098,0.0,0.0
https://openalex.org/W3032732585,2020,14,6,1,1,0,0,0,0,0,0,1,1,0,1.9459101490553132,0.6931471805599453,0.6931471805599453
https://openalex.org/W3121831120,2020,2,4,3,2,1,1,0,0,0,0,0,0,0,1.6094379124341003,1.3862943611198906,1.0986122886681098
https://openalex.org/W3102071534,2020,1,4,2,1,1,0,1,0,0,0,0,0,0,1.6094379124341003,1.0986122886681098,0.6931471805599453
https://openalex.org/W3023490771,2020,13,1,2,1,1,0,0,0,1,0,1,1,0,0.6931471805599453,1.0986122886681098,0.6931471805599453
https://openalex.org/W3014311723,2020,17,6,2,1,1,0,0,0,0,1,0,1,0,1.9459101490553132,1.0986122886681098,0.6931471805599453
https://openalex.org/W3000181326,2020,1,2,1,1,0,0,0,0,0,0,1,1,0,1.0986122886681098,0.6931471805599453,0.6931471805599453
https://openalex.org/W3022568704,2020,67,2,4,3,1,1,0,0,0,1,0,1,1,1.0986122886681098,1.6094379124341003,1.3862943611198906
https://openalex.org/W3046605347,2020,0,3,0,0,0,0,0,0,0,0,0,1,0,1.3862943611198906,0.0,0.0
https://openalex.org/W3039070672,2020,7,6,4,3,1,1,0,1,1,1,1,1,0,1.9459101490553132,1.6094379124341003,1.3862943611198906
https://openalex.org/W3048303704,2020,0,1,0,0,0,0,0,0,0,0,1,0,0,0.6931471805599453,0.0,0.0
https://openalex.org/W2996776764,2020,4,5,4,3,1,1,1,1,0,0,1,0,0,1.791759469228055,1.6094379124341003,1.3862943611198906
https://openalex.org/W3016579938,2020,5,5,1,1,0,0,0,0,0,0,1,1,0,1.791759469228055,0.6931471805599453,0.6931471805599453
https://openalex.org/W3029965606,2020,5,3,2,1,1,0,0,0,0,0,1,1,0,1.3862943611198906,1.0986122886681098,0.6931471805599453
https://openalex.org/W2903463130,2020,0,1,0,0,0,0,0,0,0,0,0,0,0,0.6931471805599453,0.0,0.0
https://openalex.org/W3044962512,2020,0,8,0,0,0,0,0,0,0,0,1,0,0,2.1972245773362196,0.0,0.0
https://openalex.org/W3003929086,2020,14,1,1,1,0,0,0,0,0,1,1,1,0,0.6931471805599453,0.6931471805599453,0.6931471805599453
https://openalex.org/W3082803449,2020,15,5,1,1,0,0,0,0,0,0,1,1,0,1.791759469228055,0.6931471805599453,0.6931471805599453
https://openalex.org/W3004272510,2020,1,6,1,1,0,0,0,0,0,0,1,0,0,1.9459101490553132,0.6931471805599453,0.6931471805599453
https://openalex.org/W3092242621,2020,0,4,0,0,0,0,0,0,0,0,0,0,0,1.6094379124341003,0.0,0.0
https://openalex.org/W3011367857,2020,11,3,2,1,1,0,0,1,0,0,0,1,0,1.3862943611198906,1.0986122886681098,0.6931471805599453
https://openalex.org/W3033234289,2020,41,8,3,2,1,1,0,0,0,1,0,0,1,2.1972245773362196,1.3862943611198906,1.0986122886681098
https://openalex.org/W3034778859,2020,66,4,5,2,1,1,1,1,0,1,1,1,1,1.6094379124341003,1.791759469228055,1.0986122886681098
https://openalex.org/W3046738165,2020,1,2,1,1,0,0,0,0,0,0,1,0,0,1.0986122886681098,0.6931471805599453,0.6931471805599453
https://openalex.org/W4405820851,2020,1,2,0,0,0,0,0,0,0,0,1,1,0,1.0986122886681098,0.0,0.0
https://openalex.org/W3013634467,2020,0,1,1,1,0,0,0,0,0,0,1,1,0,0.6931471805599453,0.6931471805599453,0.6931471805599453
https://openalex.org/W3021319969,2020,1,2,1,1,0,0,0,0,0,0,1,1,0,1.0986122886681098,0.6931471805599453,0.6931471805599453
https://openalex.org/W3155715895,2020,0,1,1,1,0,0,0,0,0,0,1,0,0,0.6931471805599453,0.6931471805599453,0.6931471805599453
https://openalex.org/W3080441422,2020,17,5,2,2,1,1,0,0,0,0,1,1,0,1.791759469228055,1.0986122886681098,1.0986122886681098
https://openalex.org/W3134466076,2020,3,3,1,1,0,0,0,0,0,0,0,0,0,1.3862943611198906,0.6931471805599453,0.6931471805599453
https://openalex.org/W3137758150,2020,3,3,1,1,0,0,0,0,0,0,1,1,0,1.3862943611198906,0.6931471805599453,0.6931471805599453
https://openalex.org/W3113876958,2020,9,5,1,1,0,0,0,0,0,0,1,1,0,1.791759469228055,0.6931471805599453,0.6931471805599453
https://openalex.org/W3115194976,2020,0,1,0,0,0,0,0,0,0,0,0,0,0,0.6931471805599453,0.0,0.0
https://openalex.org/W3113423075,2020,4,2,1,1,0,0,0,0,0,0,1,1,0,1.0986122886681098,0.6931471805599453,0.6931471805599453
https://openalex.org/W3184906548,2020,0,1,0,0,0,0,0,0,0,0,0,0,0,0.6931471805599453,0.0,0.0
https://openalex.org/W3152552866,2020,2,3,2,2,1,1,0,0,0,0,1,1,0,1.3862943611198906,1.0986122886681098,1.0986122886681098
https://openalex.org/W3014299649,2020,0,1,0,0,0,0,0,0,0,0,1,1,0,0.6931471805599453,0.0,0.0
https://openalex.org/W3034199269,2020,83,3,1,1,0,0,0,0,0,1,0,0,1,1.3862943611198906,0.6931471805599453,0.6931471805599453
https://openalex.org/W3042669812,2020,4,2,1,1,0,0,0,0,0,1,0,1,0,1.0986122886681098,0.6931471805599453,0.6931471805599453
https://openalex.org/W3000587818,2020,9,3,2,1,1,0,0,0,0,0,1,1,0,1.3862943611198906,1.0986122886681098,0.6931471805599453
https://openalex.org/W3090795375,2020,1,3,3,2,1,1,0,0,1,1,1,0,0,1.3862943611198906,1.3862943611198906,1.0986122886681098
https://openalex.org/W3103826160,2020,6,5,7,2,1,1,0,0,0,0,0,1,0,1.791759469228055,2.0794415416798357,1.0986122886681098
https://openalex.org/W3113674009,2020,4,4,1,1,0,0,0,0,0,0,1,1,0,1.6094379124341003,0.6931471805599453,0.6931471805599453
https://openalex.org/W3090241779,2020,0,1,0,0,0,0,0,0,0,0,0,0,0,0.6931471805599453,0.0,0.0
https://openalex.org/W3119355090,2020,1,3,2,1,1,0,0,0,0,0,1,1,0,1.3862943611198906,1.0986122886681098,0.6931471805599453
https://openalex.org/W3084981103,2020,0,2,0,0,0,0,0,0,0,0,1,1,0,1.0986122886681098,0.0,0.0
https://openalex.org/W3097811496,2020,1,1,1,1,0,0,0,0,0,0,1,1,0,0.6931471805599453,0.6931471805599453,0.6931471805599453
https://openalex.org/W4322391225,2020,0,1,0,0,0,0,0,0,0,0,1,0,0,0.6931471805599453,0.0,0.0
https://openalex.org/W4296190955,2020,5,1,1,1,0,0,0,0,0,0,1,1,0,0.6931471805599453,0.6931471805599453,0.6931471805599453
https://openalex.org/W3034130757,2020,0,3,1,1,0,0,0,0,0,0,0,0,0,1.3862943611198906,0.6931471805599453,0.6931471805599453
https://openalex.org/W3109492950,2020,2,4,0,0,0,0,0,0,0,0,0,1,0,1.6094379124341003,0.0,0.0
https://openalex.org/W3111387581,2020,68,2,1,1,0,0,0,0,0,0,0,0,1,1.0986122886681098,0.6931471805599453,0.6931471805599453
https://openalex.org/W3102272183,2020,2,5,2,2,1,1,0,0,0,0,0,1,0,1.791759469228055,1.0986122886681098,1.0986122886681098
https://openalex.org/W3154533792,2020,2,1,0,0,0,0,0,0,0,0,1,1,0,0.6931471805599453,0.0,0.0
https://openalex.org/W3047055682,2020,112,8,3,2,1,1,0,0,0,0,0,1,1,2.1972245773362196,1.3862943611198906,1.0986122886681098
https://openalex.org/W3085879707,2020,5,2,2,1,1,0,0,0,0,0,0,0,0,1.0986122886681098,1.0986122886681098,0.6931471805599453
https://openalex.org/W3097424237,2020,0,1,0,0,0,0,0,0,0,0,0,1,0,0.6931471805599453,0.0,0.0
https://openalex.org/W3110415602,2020,92,6,2,2,1,1,0,0,0,0,1,1,1,1.9459101490553132,1.0986122886681098,1.0986122886681098
https://openalex.org/W3113289202,2020,0,2,0,0,0,0,0,0,0,0,0,1,0,1.0986122886681098,0.0,0.0
https://openalex.org/W3155222643,2020,0,1,0,0,0,0,0,0,0,0,0,0,0,0.6931471805599453,0.0,0.0
https://openalex.org/W3168837054,2020,0,6,0,0,0,0,0,0,0,0,1,0,0,1.9459101490553132,0.0,0.0
https://openalex.org/W3197975929,2020,1,4,0,0,0,0,0,0,0,0,0,1,0,1.6094379124341003,0.0,0.0
https://openalex.org/W3159087752,2020,2,5,1,1,0,0,0,0,0,0,1,1,0,1.791759469228055,0.6931471805599453,0.6931471805599453
https://openalex.org/W3153316147,2020,0,1,0,0,0,0,0,0,0,0,0,0,0,0.6931471805599453,0.0,0.0
https://openalex.org/W3009378959,2020,2,1,0,0,0,0,0,0,0,0,0,1,0,0.6931471805599453,0.0,0.0
https://openalex.org/W7132987479,2020,0,1,0,0,0,0,0,0,0,0,0,0,0,0.6931471805599453,0.0,0.0
https://openalex.org/W3106257165,2020,4,2,2,1,1,0,0,0,0,0,0,1,0,1.0986122886681098,1.0986122886681098,0.6931471805599453
https://openalex.org/W3011006403,2020,15,3,1,1,0,0,0,0,0,0,1,1,0,1.3862943611198906,0.6931471805599453,0.6931471805599453
https://openalex.org/W3043948706,2020,6,6,5,2,1,1,0,0,1,0,1,1,0,1.9459101490553132,1.791759469228055,1.0986122886681098
https://openalex.org/W4237813589,2020,0,3,1,0,0,0,0,0,0,0,1,1,0,1.3862943611198906,0.6931471805599453,0.0
https://openalex.org/W3095049961,2020,2,1,0,0,0,0,0,0,0,0,0,1,0,0.6931471805599453,0.0,0.0
https://openalex.org/W4312721630,2020,8,5,0,0,0,0,0,0,0,0,1,1,0,1.791759469228055,0.0,0.0
https://openalex.org/W2989885240,2020,0,4,0,0,0,0,0,0,0,0,1,1,0,1.6094379124341003,0.0,0.0
https://openalex.org/W3004466735,2020,0,2,0,0,0,0,0,0,0,0,0,0,0,1.0986122886681098,0.0,0.0
https://openalex.org/W3110761912,2020,12,5,1,1,0,0,0,0,0,0,1,1,0,1.791759469228055,0.6931471805599453,0.6931471805599453
https://openalex.org/W3108086356,2020,10,3,1,1,0,0,0,0,0,0,1,1,0,1.3862943611198906,0.6931471805599453,0.6931471805599453
https://openalex.org/W3154415142,2020,9,5,2,1,1,0,0,1,0,0,1,1,0,1.791759469228055,1.0986122886681098,0.6931471805599453
https://openalex.org/W4298367206,2020,0,2,1,1,0,0,0,0,0,1,0,1,0,1.0986122886681098,0.6931471805599453,0.6931471805599453
https://openalex.org/W2996589602,2020,9,2,1,1,0,0,0,0,0,0,0,1,0,1.0986122886681098,0.6931471805599453,0.6931471805599453
https://openalex.org/W3109460250,2020,0,2,1,1,0,0,0,0,0,0,1,1,0,1.0986122886681098,0.6931471805599453,0.6931471805599453
https://openalex.org/W3002965942,2020,12,4,2,1,1,0,0,0,0,0,0,1,0,1.6094379124341003,1.0986122886681098,0.6931471805599453
https://openalex.org/W7139371082,2020,0,1,0,0,0,0,0,0,0,0,0,0,0,0.6931471805599453,0.0,0.0
https://openalex.org/W3046520949,2020,1,1,1,1,0,0,0,0,0,0,0,0,0,0.6931471805599453,0.6931471805599453,0.6931471805599453
https://openalex.org/W3082645792,2020,3,6,3,1,1,0,0,0,1,0,1,1,0,1.9459101490553132,1.3862943611198906,0.6931471805599453
https://openalex.org/W3118170173,2020,2,4,3,1,1,0,0,0,0,0,0,0,0,1.6094379124341003,1.3862943611198906,0.6931471805599453
https://openalex.org/W3164571015,2020,0,1,0,0,0,0,0,0,0,0,0,0,0,0.6931471805599453,0.0,0.0
https://openalex.org/W3113322836,2020,0,4,2,1,1,0,0,0,0,0,1,0,0,1.6094379124341003,1.0986122886681098,0.6931471805599453
https://openalex.org/W4293450889,2020,0,4,1,1,0,0,0,0,0,0,1,0,0,1.6094379124341003,0.6931471805599453,0.6931471805599453
https://openalex.org/W3021498611,2020,15,2,1,1,0,0,0,0,0,0,0,1,0,1.0986122886681098,0.6931471805599453,0.6931471805599453
https://openalex.org/W3037457638,2020,0,3,0,0,0,0,0,0,0,0,1,1,0,1.3862943611198906,0.0,0.0
https://openalex.org/W3037379668,2020,2,2,3,1,1,0,0,0,0,0,0,1,0,1.0986122886681098,1.3862943611198906,0.6931471805599453
https://openalex.org/W3163620590,2020,3,2,1,1,0,0,0,0,0,0,1,1,0,1.0986122886681098,0.6931471805599453,0.6931471805599453
https://openalex.org/W3095107357,2020,2,5,1,1,0,0,0,0,0,0,0,1,0,1.791759469228055,0.6931471805599453,0.6931471805599453
https://openalex.org/W3109525265,2020,5,2,1,1,0,0,0,0,0,0,0,0,0,1.0986122886681098,0.6931471805599453,0.6931471805599453
https://openalex.org/W3157005007,2020,4,4,1,1,0,0,0,0,0,0,1,0,0,1.6094379124341003,0.6931471805599453,0.6931471805599453
https://openalex.org/W3105649115,2020,13,4,1,1,0,0,0,0,0,0,0,1,0,1.6094379124341003,0.6931471805599453,0.6931471805599453
https://openalex.org/W4242365256,2020,0,2,1,1,0,0,0,0,0,0,1,1,0,1.0986122886681098,0.6931471805599453,0.6931471805599453
https://openalex.org/W3159819456,2020,2,1,1,1,0,0,0,0,0,0,0,1,0,0.6931471805599453,0.6931471805599453,0.6931471805599453
https://openalex.org/W3033073138,2020,47,2,2,1,1,0,0,0,0,0,0,0,1,1.0986122886681098,1.0986122886681098,0.6931471805599453
https://openalex.org/W3025393009,2020,0,4,0,0,0,0,0,0,0,0,0,1,0,1.6094379124341003,0.0,0.0
https://openalex.org/W3049566540,2020,0,2,0,0,0,0,0,0,0,0,1,1,0,1.0986122886681098,0.0,0.0
https://openalex.org/W3032230032,2020,19,4,3,3,1,1,1,0,0,1,0,1,0,1.6094379124341003,1.3862943611198906,1.3862943611198906
https://openalex.org/W2938759126,2020,28,6,3,2,1,1,1,0,0,1,0,1,1,1.9459101490553132,1.3862943611198906,1.0986122886681098
https://openalex.org/W3094295574,2020,0,1,0,0,0,0,0,0,0,0,0,0,0,0.6931471805599453,0.0,0.0
https://openalex.org/W3073722309,2020,32,3,3,2,1,1,1,0,1,1,1,1,1,1.3862943611198906,1.3862943611198906,1.0986122886681098
https://openalex.org/W3046287460,2020,12,4,4,1,1,0,0,0,0,0,1,1,0,1.6094379124341003,1.6094379124341003,0.6931471805599453
https://openalex.org/W3168934753,2020,4,3,1,1,0,0,0,0,0,0,0,1,0,1.3862943611198906,0.6931471805599453,0.6931471805599453
https://openalex.org/W3038298670,2020,1,1,2,1,1,0,0,0,0,0,1,1,0,0.6931471805599453,1.0986122886681098,0.6931471805599453
https://openalex.org/W3166244342,2020,3,5,1,1,0,0,0,0,0,1,1,0,0,1.791759469228055,0.6931471805599453,0.6931471805599453
https://openalex.org/W7104027105,2020,0,1,0,0,0,0,0,0,0,0,1,1,0,0.6931471805599453,0.0,0.0
https://openalex.org/W3090562045,2020,0,2,0,0,0,0,0,0,0,0,1,1,0,1.0986122886681098,0.0,0.0
https://openalex.org/W3094602844,2020,4,3,1,1,0,0,0,0,0,0,0,0,0,1.3862943611198906,0.6931471805599453,0.6931471805599453
https://openalex.org/W3126887395,2020,2,3,2,2,1,1,0,0,1,0,1,1,0,1.3862943611198906,1.0986122886681098,1.0986122886681098
https://openalex.org/W3117117987,2020,1,1,0,0,0,0,0,0,0,0,0,1,0,0.6931471805599453,0.0,0.0
https://openalex.org/W3118599045,2020,0,3,0,0,0,0,0,0,0,0,0,1,0,1.3862943611198906,0.0,0.0
https://openalex.org/W3006027522,2020,21,6,4,2,1,1,0,0,0,0,0,1,0,1.9459101490553132,1.6094379124341003,1.0986122886681098
https://openalex.org/W3112809495,2020,1,5,6,1,1,0,0,0,0,0,1,1,0,1.791759469228055,1.9459101490553132,0.6931471805599453
https://openalex.org/W3035808467,2020,16,3,2,1,1,0,0,0,0,1,0,0,0,1.3862943611198906,1.0986122886681098,0.6931471805599453
https://openalex.org/W3082788385,2020,0,1,0,0,0,0,0,0,0,0,1,1,0,0.6931471805599453,0.0,0.0
https://openalex.org/W3113790718,2020,6,3,0,0,0,0,0,0,0,0,1,1,0,1.3862943611198906,0.0,0.0
https://openalex.org/W3130007708,2020,0,3,0,0,0,0,0,0,0,0,1,1,0,1.3862943611198906,0.0,0.0
https://openalex.org/W3009521091,2020,0,1,0,0,0,0,0,0,0,0,0,0,0,0.6931471805599453,0.0,0.0
https://openalex.org/W3006453769,2020,0,1,0,0,0,0,0,0,0,0,0,0,0,0.6931471805599453,0.0,0.0
https://openalex.org/W3082658142,2020,0,1,0,0,0,0,0,0,0,0,0,0,0,0.6931471805599453,0.0,0.0
https://openalex.org/W3193754752,2020,0,3,0,0,0,0,0,0,0,0,0,0,0,1.3862943611198906,0.0,0.0
https://openalex.org/W3154076671,2020,0,4,0,0,0,0,0,0,0,0,0,0,0,1.6094379124341003,0.0,0.0
https://openalex.org/W3091349911,2020,50,4,1,1,0,0,0,0,0,0,0,1,1,1.6094379124341003,0.6931471805599453,0.6931471805599453
https://openalex.org/W3115801869,2020,7,1,1,1,0,0,0,0,0,0,1,1,0,0.6931471805599453,0.6931471805599453,0.6931471805599453
https://openalex.org/W3086531072,2020,0,4,2,1,1,0,1,0,0,0,0,0,0,1.6094379124341003,1.0986122886681098,0.6931471805599453
https://openalex.org/W3083146267,2020,0,2,0,0,0,0,0,0,0,0,0,1,0,1.0986122886681098,0.0,0.0
https://openalex.org/W3110042504,2020,0,2,0,0,0,0,0,0,0,0,1,1,0,1.0986122886681098,0.0,0.0
https://openalex.org/W3093747618,2020,1,1,0,0,0,0,0,0,0,0,1,0,0,0.6931471805599453,0.0,0.0
https://openalex.org/W3047936151,2020,0,3,1,1,0,0,0,0,0,0,1,1,0,1.3862943611198906,0.6931471805599453,0.6931471805599453
https://openalex.org/W3108532549,2020,19,3,0,0,0,0,0,0,0,0,0,1,0,1.3862943611198906,0.0,0.0
https://openalex.org/W3039173491,2020,11,3,6,2,1,1,1,0,1,1,0,0,0,1.3862943611198906,1.9459101490553132,1.0986122886681098
https://openalex.org/W3104496479,2020,5,8,5,3,1,1,0,0,0,1,1,0,0,2.1972245773362196,1.791759469228055,1.3862943611198906
https://openalex.org/W3013680857,2020,14,3,1,1,0,0,0,0,0,0,1,1,0,1.3862943611198906,0.6931471805599453,0.6931471805599453
https://openalex.org/W3034376218,2020,0,3,1,1,0,0,0,0,0,0,1,0,0,1.3862943611198906,0.6931471805599453,0.6931471805599453
https://openalex.org/W3016893068,2020,1,1,1,1,0,0,0,0,0,0,0,1,0,0.6931471805599453,0.6931471805599453,0.6931471805599453
https://openalex.org/W3163477231,2020,3,3,1,1,0,0,0,0,0,0,1,1,0,1.3862943611198906,0.6931471805599453,0.6931471805599453
https://openalex.org/W3049400761,2020,8,5,1,1,0,0,0,0,0,0,0,0,0,1.791759469228055,0.6931471805599453,0.6931471805599453
https://openalex.org/W4230032506,2020,0,10,2,1,1,0,0,1,1,1,1,1,0,2.3978952727983707,1.0986122886681098,0.6931471805599453
https://openalex.org/W3136622349,2020,0,3,1,1,0,0,0,0,0,0,0,0,0,1.3862943611198906,0.6931471805599453,0.6931471805599453
https://openalex.org/W3033529335,2020,21,3,1,1,0,0,0,0,0,0,1,1,0,1.3862943611198906,0.6931471805599453,0.6931471805599453
https://openalex.org/W3019224521,2020,0,2,0,0,0,0,0,0,0,0,0,0,0,1.0986122886681098,0.0,0.0
https://openalex.org/W3049558335,2020,0,1,0,0,0,0,0,0,0,0,0,1,0,0.6931471805599453,0.0,0.0
https://openalex.org/W3094071641,2020,14,2,1,1,0,0,0,0,0,0,0,0,0,1.0986122886681098,0.6931471805599453,0.6931471805599453
https://openalex.org/W3115616125,2020,0,3,2,1,1,0,0,0,0,0,0,1,0,1.3862943611198906,1.0986122886681098,0.6931471805599453
https://openalex.org/W3093797551,2020,3,5,1,1,0,0,0,0,0,0,1,1,0,1.791759469228055,0.6931471805599453,0.6931471805599453
https://openalex.org/W4253917448,2020,0,2,0,0,0,0,0,0,0,0,0,1,0,1.0986122886681098,0.0,0.0
https://openalex.org/W3000531514,2020,6,2,0,0,0,0,0,0,0,0,1,1,0,1.0986122886681098,0.0,0.0
https://openalex.org/W3120886565,2020,11,1,1,1,0,0,0,0,0,0,1,1,0,0.6931471805599453,0.6931471805599453,0.6931471805599453
https://openalex.org/W4242067015,2020,0,2,0,0,0,0,0,0,0,0,1,1,0,1.0986122886681098,0.0,0.0
https://openalex.org/W4213008821,2020,1,7,0,0,0,0,0,0,0,0,1,1,0,2.0794415416798357,0.0,0.0
https://openalex.org/W3217467486,2020,0,1,0,0,0,0,0,0,0,0,1,1,0,0.6931471805599453,0.0,0.0
https://openalex.org/W3118119148,2020,0,1,0,0,0,0,0,0,0,0,0,0,0,0.6931471805599453,0.0,0.0
https://openalex.org/W3128113575,2020,0,9,0,0,0,0,0,0,0,0,0,1,0,2.302585092994046,0.0,0.0
https://openalex.org/W3130803484,2020,1,2,1,1,0,0,0,0,0,0,0,0,0,1.0986122886681098,0.6931471805599453,0.6931471805599453
https://openalex.org/W3047383234,2020,0,1,0,0,0,0,0,0,0,0,0,1,0,0.6931471805599453,0.0,0.0
https://openalex.org/W4416607079,2020,0,1,0,0,0,0,0,0,0,0,1,0,0,0.6931471805599453,0.0,0.0
https://openalex.org/W3044892799,2020,0,2,1,1,0,0,1,0,0,0,0,1,0,1.0986122886681098,0.6931471805599453,0.6931471805599453
https://openalex.org/W3046606441,2020,1,2,1,1,0,0,0,0,0,0,1,1,0,1.0986122886681098,0.6931471805599453,0.6931471805599453
https://openalex.org/W3100031014,2020,4,2,1,1,0,0,0,0,0,0,0,1,0,1.0986122886681098,0.6931471805599453,0.6931471805599453
https://openalex.org/W3030683838,2020,0,4,0,0,0,0,0,0,0,0,1,0,0,1.6094379124341003,0.0,0.0
https://openalex.org/W3015213972,2020,14,3,1,1,0,0,0,0,0,0,0,1,0,1.3862943611198906,0.6931471805599453,0.6931471805599453
https://openalex.org/W3069789004,2020,0,3,1,1,0,0,0,0,0,0,1,1,0,1.3862943611198906,0.6931471805599453,0.6931471805599453
https://openalex.org/W3080553678,2020,0,2,0,0,0,0,0,0,0,0,0,1,0,1.0986122886681098,0.0,0.0
https://openalex.org/W4287623458,2020,0,1,1,1,0,0,0,0,0,0,1,1,0,0.6931471805599453,0.6931471805599453,0.6931471805599453
https://openalex.org/W3025074292,2020,187,4,2,2,1,1,0,0,0,0,0,1,1,1.6094379124341003,1.0986122886681098,1.0986122886681098
https://openalex.org/W4253454736,2020,0,4,1,1,0,0,0,0,0,0,0,1,0,1.6094379124341003,0.6931471805599453,0.6931471805599453
https://openalex.org/W7144770893,2020,0,1,1,1,0,0,0,0,0,1,1,0,0,0.6931471805599453,0.6931471805599453,0.6931471805599453
https://openalex.org/W3108767433,2020,8,3,1,1,0,0,0,0,0,0,1,1,0,1.3862943611198906,0.6931471805599453,0.6931471805599453
https://openalex.org/W3135710770,2020,0,3,1,1,0,0,0,0,0,0,0,0,0,1.3862943611198906,0.6931471805599453,0.6931471805599453
https://openalex.org/W3083463441,2020,2,3,1,1,0,0,0,0,0,0,1,1,0,1.3862943611198906,0.6931471805599453,0.6931471805599453
https://openalex.org/W3134503251,2020,0,1,0,0,0,0,0,0,0,0,0,1,0,0.6931471805599453,0.0,0.0
https://openalex.org/W3006372726,2020,153,2,2,2,1,1,0,0,0,0,0,1,1,1.0986122886681098,1.0986122886681098,1.0986122886681098
https://openalex.org/W3192253160,2020,1,2,0,0,0,0,0,0,0,0,0,0,0,1.0986122886681098,0.0,0.0
https://openalex.org/W3213580302,2020,0,1,0,0,0,0,0,0,0,0,0,0,0,0.6931471805599453,0.0,0.0
https://openalex.org/W3118976751,2020,0,1,0,0,0,0,0,0,0,0,1,0,0,0.6931471805599453,0.0,0.0
https://openalex.org/W3160342644,2020,21,4,1,1,0,0,0,0,0,0,1,1,0,1.6094379124341003,0.6931471805599453,0.6931471805599453
https://openalex.org/W3092051073,2020,12,1,1,1,0,0,0,0,0,0,0,1,0,0.6931471805599453,0.6931471805599453,0.6931471805599453
https://openalex.org/W3083259097,2020,16,3,1,1,0,0,0,0,0,0,1,1,0,1.3862943611198906,0.6931471805599453,0.6931471805599453
https://openalex.org/W3095696588,2020,13,14,3,2,1,1,1,0,0,0,0,1,0,2.70805020110221,1.3862943611198906,1.0986122886681098
https://openalex.org/W3122759922,2020,0,1,0,0,0,0,0,0,0,0,1,0,0,0.6931471805599453,0.0,0.0
https://openalex.org/W3047430695,2020,18,5,3,1,1,0,0,1,0,1,1,1,0,1.791759469228055,1.3862943611198906,0.6931471805599453
https://openalex.org/W4409463755,2020,2,1,0,0,0,0,0,0,0,0,1,1,0,0.6931471805599453,0.0,0.0
https://openalex.org/W3164912236,2020,4,5,6,2,1,1,0,0,0,0,1,1,0,1.791759469228055,1.9459101490553132,1.0986122886681098
https://openalex.org/W3094154716,2020,7,6,1,1,0,0,0,0,1,0,0,0,0,1.9459101490553132,0.6931471805599453,0.6931471805599453
https://openalex.org/W3022259851,2020,6,2,2,2,1,1,0,0,0,0,0,0,0,1.0986122886681098,1.0986122886681098,1.0986122886681098
https://openalex.org/W3015564915,2020,10,1,1,1,0,0,0,0,0,0,1,1,0,0.6931471805599453,0.6931471805599453,0.6931471805599453
https://openalex.org/W3119297534,2020,0,1,0,0,0,0,0,0,0,0,0,0,0,0.6931471805599453,0.0,0.0
https://openalex.org/W3042251380,2020,21,4,3,2,1,1,0,0,0,0,1,1,0,1.6094379124341003,1.3862943611198906,1.0986122886681098
https://openalex.org/W3007574032,2020,59,4,3,2,1,1,0,0,0,0,1,1,1,1.6094379124341003,1.3862943611198906,1.0986122886681098
https://openalex.org/W4386273531,2020,0,2,0,0,0,0,0,0,0,0,1,0,0,1.0986122886681098,0.0,0.0
https://openalex.org/W4287612443,2020,0,1,0,0,0,0,0,0,0,0,1,0,0,0.6931471805599453,0.0,0.0
https://openalex.org/W3014069392,2020,0,1,1,1,0,0,0,0,0,0,1,0,0,0.6931471805599453,0.6931471805599453,0.6931471805599453
https://openalex.org/W3162760209,2020,8,12,0,0,0,0,0,0,0,0,1,0,0,2.5649493574615367,0.0,0.0
https://openalex.org/W3037251317,2020,6,3,1,1,0,0,0,0,0,0,0,1,0,1.3862943611198906,0.6931471805599453,0.6931471805599453
https://openalex.org/W3093296648,2020,0,1,0,0,0,0,0,0,0,0,0,0,0,0.6931471805599453,0.0,0.0
https://openalex.org/W3006129156,2020,165,3,2,1,1,0,0,0,0,0,0,1,1,1.3862943611198906,1.0986122886681098,0.6931471805599453
https://openalex.org/W3046517036,2020,0,2,0,0,0,0,0,0,0,0,1,1,0,1.0986122886681098,0.0,0.0
https://openalex.org/W3125088678,2020,1,1,2,1,1,0,0,0,0,0,1,1,0,0.6931471805599453,1.0986122886681098,0.6931471805599453
https://openalex.org/W3104502757,2020,65,3,1,1,0,0,0,0,0,0,0,1,1,1.3862943611198906,0.6931471805599453,0.6931471805599453
https://openalex.org/W3132159544,2020,2,2,1,1,0,0,0,0,0,0,1,1,0,1.0986122886681098,0.6931471805599453,0.6931471805599453
https://openalex.org/W3004254681,2020,1,4,1,1,0,0,0,0,0,0,1,1,0,1.6094379124341003,0.6931471805599453,0.6931471805599453
https://openalex.org/W3105080484,2020,0,6,0,0,0,0,0,0,0,0,0,0,0,1.9459101490553132,0.0,0.0
https://openalex.org/W3047189704,2020,4,5,7,3,1,1,1,0,1,1,0,1,0,1.791759469228055,2.0794415416798357,1.3862943611198906
https://openalex.org/W4285021258,2020,0,1,1,1,0,0,0,0,0,0,1,1,0,0.6931471805599453,0.6931471805599453,0.6931471805599453
https://openalex.org/W3194903945,2020,0,1,0,0,0,0,0,0,0,0,1,0,0,0.6931471805599453,0.0,0.0
https://openalex.org/W3000044444,2020,1,4,4,1,1,0,0,0,0,0,1,1,0,1.6094379124341003,1.6094379124341003,0.6931471805599453
https://openalex.org/W3042098917,2020,34,4,2,1,1,0,0,0,0,0,0,1,1,1.6094379124341003,1.0986122886681098,0.6931471805599453
https://openalex.org/W3026112746,2020,0,1,0,0,0,0,0,0,0,0,1,1,0,0.6931471805599453,0.0,0.0
https://openalex.org/W3005158504,2020,0,1,1,1,0,0,1,0,0,0,0,1,0,0.6931471805599453,0.6931471805599453,0.6931471805599453
https://openalex.org/W7126820652,2020,0,1,0,0,0,0,0,0,0,0,0,0,0,0.6931471805599453,0.0,0.0
https://openalex.org/W3005274047,2020,0,1,0,0,0,0,0,0,0,0,0,1,0,0.6931471805599453,0.0,0.0
https://openalex.org/W3122746902,2020,0,4,3,1,1,0,0,0,0,0,0,0,0,1.6094379124341003,1.3862943611198906,0.6931471805599453
https://openalex.org/W3004333259,2020,36,3,3,1,1,0,0,0,0,0,1,1,1,1.3862943611198906,1.3862943611198906,0.6931471805599453
https://openalex.org/W3095199525,2020,11,1,1,1,0,0,0,0,0,1,0,1,0,0.6931471805599453,0.6931471805599453,0.6931471805599453
https://openalex.org/W7115258728,2020,0,1,0,0,0,0,0,0,0,0,1,0,0,0.6931471805599453,0.0,0.0
https://openalex.org/W3094801203,2020,73,3,2,1,1,0,1,1,0,1,0,1,1,1.3862943611198906,1.0986122886681098,0.6931471805599453
https://openalex.org/W3001096394,2020,0,2,0,0,0,0,0,0,0,0,0,0,0,1.0986122886681098,0.0,0.0
https://openalex.org/W3134354901,2020,1,1,0,0,0,0,0,0,0,0,0,1,0,0.6931471805599453,0.0,0.0
https://openalex.org/W3013333093,2020,0,1,0,0,0,0,0,0,0,0,1,1,0,0.6931471805599453,0.0,0.0
https://openalex.org/W3032739269,2020,7,1,1,1,0,0,0,0,0,0,1,1,0,0.6931471805599453,0.6931471805599453,0.6931471805599453
https://openalex.org/W4205586384,2020,0,1,0,0,0,0,0,0,0,0,1,1,0,0.6931471805599453,0.0,0.0
https://openalex.org/W3046148932,2020,1,3,1,1,0,0,0,0,0,0,1,0,0,1.3862943611198906,0.6931471805599453,0.6931471805599453
https://openalex.org/W3111344107,2020,2,2,1,1,0,0,0,0,0,0,1,1,0,1.0986122886681098,0.6931471805599453,0.6931471805599453
https://openalex.org/W3037354152,2020,9,4,1,1,0,0,0,0,0,0,0,1,0,1.6094379124341003,0.6931471805599453,0.6931471805599453
https://openalex.org/W3025927510,2020,34,1,2,1,1,0,0,0,0,0,1,1,1,0.6931471805599453,1.0986122886681098,0.6931471805599453
https://openalex.org/W7105876844,2020,0,1,0,0,0,0,0,0,0,0,1,0,0,0.6931471805599453,0.0,0.0
https://openalex.org/W3185505509,2020,9,3,2,1,1,0,0,0,0,0,1,0,0,1.3862943611198906,1.0986122886681098,0.6931471805599453
https://openalex.org/W3183876693,2020,2,4,5,4,1,1,1,0,0,1,1,0,0,1.6094379124341003,1.791759469228055,1.6094379124341003
https://openalex.org/W3006708043,2020,9,4,3,2,1,1,0,0,0,0,1,1,0,1.6094379124341003,1.3862943611198906,1.0986122886681098
https://openalex.org/W3036935029,2020,102,4,3,2,1,1,0,0,0,0,0,1,1,1.6094379124341003,1.3862943611198906,1.0986122886681098
https://openalex.org/W3096849988,2020,0,1,0,0,0,0,0,0,0,0,0,0,0,0.6931471805599453,0.0,0.0
https://openalex.org/W4412276977,2020,0,1,1,1,0,0,0,0,1,1,0,0,0,0.6931471805599453,0.6931471805599453,0.6931471805599453
https://openalex.org/W3037948973,2020,2,4,0,0,0,0,0,0,0,0,1,0,0,1.6094379124341003,0.0,0.0
https://openalex.org/W3027923646,2020,3,4,4,1,1,0,0,0,1,0,0,0,0,1.6094379124341003,1.6094379124341003,0.6931471805599453
https://openalex.org/W3028794039,2020,476,9,3,1,1,0,0,0,0,0,0,1,1,2.302585092994046,1.3862943611198906,0.6931471805599453
https://openalex.org/W3090517746,2020,0,4,2,1,1,0,0,0,0,0,0,0,0,1.6094379124341003,1.0986122886681098,0.6931471805599453
https://openalex.org/W3038354629,2020,12,4,3,1,1,0,0,0,0,0,0,1,0,1.6094379124341003,1.3862943611198906,0.6931471805599453
https://openalex.org/W3129019127,2020,1,13,0,0,0,0,0,0,0,0,1,0,0,2.6390573296152584,0.0,0.0
https://openalex.org/W3082340070,2020,10,2,1,1,0,0,0,0,0,0,0,0,0,1.0986122886681098,0.6931471805599453,0.6931471805599453
https://openalex.org/W4287638123,2020,0,1,0,0,0,0,0,0,0,0,1,0,0,0.6931471805599453,0.0,0.0
https://openalex.org/W2999733743,2020,0,3,1,1,0,0,0,0,0,0,0,1,0,1.3862943611198906,0.6931471805599453,0.6931471805599453
